N,J,Jz,boundary_conditions,magnetization,algorithm,eigvec_entanglement_mean,eigvec_entanglement_std,num_states_per_rd_instance,num_rd_instances
12,0.0907941243961551,0.6159559329711636,PBC,0.0,POLFED,0.5829714927972385,0.0723357183439807,92,4
12,0.3331764975846206,0.4947647463769309,PBC,0.0,POLFED,3.4589742351537494,0.0220383098561583,92,4
12,0.575558870773086,0.575558870773086,PBC,0.0,POLFED,3.567121876070601,0.0031768679743067,92,4
12,0.1715882487923103,0.4947647463769309,PBC,0.0,POLFED,1.9000506644349733,0.1137432048574494,92,4
12,0.6967500573673188,0.6967500573673188,PBC,0.0,POLFED,3.409834934917706,0.0602843576485788,92,4
12,0.6967500573673188,0.1311911865942327,PBC,0.0,POLFED,3.1268065542128465,0.0372546669088626,92,4
12,0.2523823731884654,0.6563529951692412,PBC,0.0,POLFED,3.154082463495338,0.0379429073536617,92,4
12,0.7775441817634738,0.292779435386543,PBC,0.0,POLFED,2.654105411390873,0.462368934666438,92,4
12,0.292779435386543,0.3735735597826982,PBC,0.0,POLFED,3.1387539447246007,0.0972433851387689,92,4
12,0.01,0.0503970621980775,PBC,0.0,POLFED,0.0369432134644745,0.0606007798902147,92,4
12,0.6563529951692412,0.5351618085750085,PBC,0.0,POLFED,3.511347799312058,0.0285116194093126,92,4
12,0.292779435386543,0.0503970621980775,PBC,0.0,POLFED,1.5268947022008512,0.2069919596505522,92,4
12,0.4543676841788533,0.01,PBC,0.0,POLFED,2.0403388940401124,0.1990456418299733,92,4
12,0.6159559329711636,0.3331764975846206,PBC,0.0,POLFED,3.53338491509312,0.009680616246236,92,4
12,0.6967500573673188,0.6159559329711636,PBC,0.0,POLFED,3.455849304087189,0.0420160494638549,92,4
12,0.4139706219807757,0.6563529951692412,PBC,0.0,POLFED,3.553287175073093,0.0025216318682488,92,4
12,0.5351618085750085,0.3331764975846206,PBC,0.0,POLFED,3.5524558675618225,0.0056894442139756,92,4
12,0.4947647463769309,0.2523823731884654,PBC,0.0,POLFED,3.533010785644497,0.0091515462516829,92,4
12,0.0503970621980775,0.575558870773086,PBC,0.0,POLFED,0.1382518018484752,0.0516124989679176,92,4
12,0.4139706219807757,0.0503970621980775,PBC,0.0,POLFED,2.3557094061377497,0.0625266762361805,92,4
12,0.6563529951692412,0.2119853109903878,PBC,0.0,POLFED,3.425464888176554,0.0349339644193667,92,4
12,0.0907941243961551,0.1311911865942327,PBC,0.0,POLFED,0.4681349430618474,0.1523705532994187,92,4
12,0.0907941243961551,0.6967500573673188,PBC,0.0,POLFED,0.475830801788055,0.1077692875562015,92,4
12,0.4139706219807757,0.01,PBC,0.0,POLFED,1.9077596553668408,0.1751466517780978,92,4
12,0.3735735597826982,0.2523823731884654,PBC,0.0,POLFED,3.360084322976703,0.0296978185558902,92,4
12,0.0503970621980775,0.6563529951692412,PBC,0.0,POLFED,0.2556173407797416,0.0440701521661995,92,4
12,0.4139706219807757,0.575558870773086,PBC,0.0,POLFED,3.5497928978330155,0.0044666033099024,92,4
12,0.5351618085750085,0.5351618085750085,PBC,0.0,POLFED,3.571937010598876,0.0018648921069681,92,4
12,0.01,0.6159559329711636,PBC,0.0,POLFED,0.0163910037687281,0.017844672040034,92,4
12,0.6159559329711636,0.5351618085750085,PBC,0.0,POLFED,3.559932276901313,0.0031703254584638,92,4
12,0.5351618085750085,0.2119853109903878,PBC,0.0,POLFED,3.4982650878386528,0.0131370681440751,92,4
12,0.7775441817634738,0.4947647463769309,PBC,0.0,POLFED,2.7191394242117948,0.2022186062238249,92,4
12,0.6563529951692412,0.3331764975846206,PBC,0.0,POLFED,3.5050676311752875,0.0328844068678515,92,4
12,0.3331764975846206,0.292779435386543,PBC,0.0,POLFED,3.293289571341842,0.0819910110681219,92,4
12,0.01,0.1311911865942327,PBC,0.0,POLFED,0.0432257517021173,0.036266933755485,92,4
12,0.01,0.6967500573673188,PBC,0.0,POLFED,0.0259670927516865,0.0142973619843071,92,4
12,0.6159559329711636,0.2119853109903878,PBC,0.0,POLFED,3.501159593484622,0.0151253269978959,92,4
12,0.1715882487923103,0.292779435386543,PBC,0.0,POLFED,1.321666748893572,0.2045493802679086,92,4
12,0.6159559329711636,0.0503970621980775,PBC,0.0,POLFED,2.8238313995209223,0.0754939993318619,92,4
12,0.7371471195653964,0.01,PBC,0.0,POLFED,2.3790602487960726,0.4035908495247329,92,4
12,0.5351618085750085,0.0503970621980775,PBC,0.0,POLFED,2.78946351179985,0.0301092007222987,92,4
12,0.292779435386543,0.1715882487923103,PBC,0.0,POLFED,2.4718042511985545,0.1868545317082886,92,4
12,0.575558870773086,0.6563529951692412,PBC,0.0,POLFED,3.5649146891666987,0.0119242312678187,92,4
12,0.2523823731884654,0.575558870773086,PBC,0.0,POLFED,3.092171516287378,0.0664800563255027,92,4
12,0.4947647463769309,0.2119853109903878,PBC,0.0,POLFED,3.5138327642756,0.008522098028387,92,4
12,0.6563529951692412,0.2523823731884654,PBC,0.0,POLFED,3.461010874429252,0.0270079590430069,92,4
12,0.7775441817634738,0.3735735597826982,PBC,0.0,POLFED,2.710754440521597,0.2058655572709295,92,4
12,0.292779435386543,0.292779435386543,PBC,0.0,POLFED,3.047646381935027,0.0808710121875324,92,4
12,0.575558870773086,0.4139706219807757,PBC,0.0,POLFED,3.5655472644042296,0.0048511081003686,92,4
12,0.2523823731884654,0.4543676841788533,PBC,0.0,POLFED,2.9767761417854217,0.1044216079701716,92,4
12,0.0503970621980775,0.0503970621980775,PBC,0.0,POLFED,0.0783413207628269,0.0269830605539188,92,4
12,0.3331764975846206,0.1715882487923103,PBC,0.0,POLFED,2.948449058087797,0.1253630723373361,92,4
12,0.575558870773086,0.7371471195653964,PBC,0.0,POLFED,3.572284990523636,0.0049852909450499,92,4
12,0.575558870773086,0.0907941243961551,PBC,0.0,POLFED,3.173134619684177,0.0248331455899841,92,4
12,0.1715882487923103,0.1715882487923103,PBC,0.0,POLFED,1.0966507675668722,0.4845677347106181,92,4
12,0.575558870773086,0.7775441817634738,PBC,0.0,POLFED,3.563594162855965,0.0101630483012272,92,4
12,0.4139706219807757,0.4543676841788533,PBC,0.0,POLFED,3.532683568683474,0.0074517421314933,92,4
12,0.0503970621980775,0.7775441817634738,PBC,0.0,POLFED,0.1355694096222952,0.0505312441407866,92,4
12,0.3331764975846206,0.01,PBC,0.0,POLFED,1.467937987408972,0.1962167457462395,92,4
12,0.01,0.01,PBC,0.0,POLFED,0.0088471237716203,0.0073869210370087,92,4
12,0.0503970621980775,0.7371471195653964,PBC,0.0,POLFED,0.2331695206967998,0.1545360452302701,92,4
12,0.0503970621980775,0.0907941243961551,PBC,0.0,POLFED,0.1682706825771002,0.0985068156432962,92,4
12,0.3735735597826982,0.3331764975846206,PBC,0.0,POLFED,3.447520405315521,0.0211493988957535,92,4
12,0.4947647463769309,0.5351618085750085,PBC,0.0,POLFED,3.5622489122986485,0.0088127886624183,92,4
12,0.0503970621980775,0.4139706219807757,PBC,0.0,POLFED,0.2418039759756733,0.0988875528615339,92,4
12,0.6159559329711636,0.2523823731884654,PBC,0.0,POLFED,3.5244397834373893,0.0095741500378624,92,4
12,0.2119853109903878,0.01,PBC,0.0,POLFED,0.8978025368611746,0.4628933595927932,92,4
12,0.7371471195653964,0.6159559329711636,PBC,0.0,POLFED,2.435240248518411,1.4095340662736533,92,4
12,0.0503970621980775,0.4543676841788533,PBC,0.0,POLFED,0.2161114083222714,0.0756328345555218,92,4
12,0.4139706219807757,0.7775441817634738,PBC,0.0,POLFED,3.5510301442802845,0.0117169097071763,92,4
12,0.4947647463769309,0.3331764975846206,PBC,0.0,POLFED,3.5465552412647887,0.0097602163147412,92,4
12,0.5351618085750085,0.2523823731884654,PBC,0.0,POLFED,3.53012296649673,0.0216228189849497,92,4
12,0.4139706219807757,0.7371471195653964,PBC,0.0,POLFED,3.5371566305624293,0.0277717159267979,92,4
12,0.4139706219807757,0.0907941243961551,PBC,0.0,POLFED,2.910496562511751,0.1358513882729334,92,4
12,0.4139706219807757,0.4139706219807757,PBC,0.0,POLFED,3.5337164734408857,0.0028817327434167,92,4
12,0.3735735597826982,0.5351618085750085,PBC,0.0,POLFED,3.5175069355661304,0.0067683713589479,92,4
12,0.1311911865942327,0.01,PBC,0.0,POLFED,0.4206598480077583,0.2479546151137296,92,4
12,0.1311911865942327,0.1311911865942327,PBC,0.0,POLFED,0.5807365801391584,0.1644040590741882,92,4
12,0.1311911865942327,0.6967500573673188,PBC,0.0,POLFED,1.2736682305148563,0.2518647191869212,92,4
12,0.4543676841788533,0.6159559329711636,PBC,0.0,POLFED,3.566670987817989,0.0025608157038027,92,4
12,0.575558870773086,0.01,PBC,0.0,POLFED,2.3932624913432434,0.0418471065113071,92,4
12,0.2119853109903878,0.1311911865942327,PBC,0.0,POLFED,1.3644802425723828,0.2102318671930836,92,4
12,0.2119853109903878,0.6967500573673188,PBC,0.0,POLFED,2.738988049093708,0.1590673550434166,92,4
12,0.2523823731884654,0.4139706219807757,PBC,0.0,POLFED,2.997507713271282,0.1546665227481668,92,4
12,0.7775441817634738,0.1715882487923103,PBC,0.0,POLFED,2.731587544445203,0.2708431861474348,92,4
12,0.1311911865942327,0.6159559329711636,PBC,0.0,POLFED,1.1453665983442454,0.0917090612089233,92,4
12,0.3735735597826982,0.2119853109903878,PBC,0.0,POLFED,3.274722895055016,0.04152074696632,92,4
12,0.4543676841788533,0.6967500573673188,PBC,0.0,POLFED,3.565414942721456,0.0045920494371154,92,4
12,0.4543676841788533,0.1311911865942327,PBC,0.0,POLFED,3.2520431393536904,0.0525559560766167,92,4
12,0.2119853109903878,0.6159559329711636,PBC,0.0,POLFED,2.6394441478134567,0.0912168681282727,92,4
12,0.292779435386543,0.4947647463769309,PBC,0.0,POLFED,3.316321128950869,0.0266548146571084,92,4
12,0.7371471195653964,0.6967500573673188,PBC,0.0,POLFED,3.251926162438827,0.0748957067833641,92,4
12,0.7371471195653964,0.1311911865942327,PBC,0.0,POLFED,2.901479194299524,0.1487613745324559,92,4
12,0.2523823731884654,0.7775441817634738,PBC,0.0,POLFED,3.106165505627398,0.0334024026992996,92,4
12,0.1715882487923103,0.3735735597826982,PBC,0.0,POLFED,1.5610344517382695,0.1960587221513967,92,4
12,0.2523823731884654,0.0907941243961551,PBC,0.0,POLFED,1.5047008181832433,0.1727250530322162,92,4
12,0.2523823731884654,0.7371471195653964,PBC,0.0,POLFED,3.136311381776024,0.0392877133831066,92,4
12,0.3331764975846206,0.3735735597826982,PBC,0.0,POLFED,3.3848978927770923,0.0239613230625389,92,4
12,0.575558870773086,0.4543676841788533,PBC,0.0,POLFED,3.56424304115347,0.0043057946065281,92,4
12,0.3331764975846206,0.5351618085750085,PBC,0.0,POLFED,3.4316118771050936,0.0521900872281723,92,4
12,0.1715882487923103,0.5351618085750085,PBC,0.0,POLFED,1.7033720049718792,0.0744024024962296,92,4
12,0.6967500573673188,0.7371471195653964,PBC,0.0,POLFED,3.3628058028991097,0.043385727907246,92,4
12,0.6967500573673188,0.0907941243961551,PBC,0.0,POLFED,2.89565440398124,0.1590892670136184,92,4
12,0.7371471195653964,0.6563529951692412,PBC,0.0,POLFED,1.6009835695823345,1.6013554407244892,92,4
12,0.6967500573673188,0.7775441817634738,PBC,0.0,POLFED,3.373618634360658,0.0898988252880917,92,4
12,0.7775441817634738,0.3331764975846206,PBC,0.0,POLFED,2.853125831243545,0.3139802347336732,92,4
12,0.6563529951692412,0.4947647463769309,PBC,0.0,POLFED,3.530431400577603,0.0221589525578202,92,4
12,0.01,0.4543676841788533,PBC,0.0,POLFED,0.0583613037026961,0.0433734796845029,92,4
12,0.4543676841788533,0.6563529951692412,PBC,0.0,POLFED,3.5473745618897565,0.0161747669642212,92,4
12,0.6967500573673188,0.4139706219807757,PBC,0.0,POLFED,3.3601064744563898,0.0926743162611992,92,4
12,0.4947647463769309,0.1715882487923103,PBC,0.0,POLFED,3.442982274220091,0.0204944689570396,92,4
12,0.1311911865942327,0.6563529951692412,PBC,0.0,POLFED,1.0976352392890572,0.1530350179011641,92,4
12,0.0907941243961551,0.0907941243961551,PBC,0.0,POLFED,0.35082496291136,0.1992674017527853,92,4
12,0.0907941243961551,0.7371471195653964,PBC,0.0,POLFED,0.6418122010927432,0.1475044413254906,92,4
12,0.0907941243961551,0.7775441817634738,PBC,0.0,POLFED,0.4960126576926528,0.1043875238835924,92,4
12,0.3735735597826982,0.3735735597826982,PBC,0.0,POLFED,3.437462429639967,0.0324661797957084,92,4
12,0.2119853109903878,0.6563529951692412,PBC,0.0,POLFED,2.7446251701822524,0.0647231427548586,92,4
12,0.3331764975846206,0.2119853109903878,PBC,0.0,POLFED,3.080240056274742,0.1322145629492574,92,4
12,0.6159559329711636,0.292779435386543,PBC,0.0,POLFED,3.522887428862869,0.0205239711046844,92,4
12,0.1715882487923103,0.2119853109903878,PBC,0.0,POLFED,1.3338666150179783,0.1874359704483184,92,4
12,0.5351618085750085,0.292779435386543,PBC,0.0,POLFED,3.5511254607875635,0.0057685714270803,92,4
12,0.0907941243961551,0.4139706219807757,PBC,0.0,POLFED,0.4949470623259449,0.0190181479624898,92,4
12,0.5351618085750085,0.4947647463769309,PBC,0.0,POLFED,3.566044576632017,0.0069171477343895,92,4
12,0.1311911865942327,0.575558870773086,PBC,0.0,POLFED,1.0080874160870568,0.0907858122989273,92,4
12,0.7775441817634738,0.2119853109903878,PBC,0.0,POLFED,2.725184571740672,0.278942012106287,92,4
12,0.3735735597826982,0.1715882487923103,PBC,0.0,POLFED,3.244407018206769,0.0688570585614949,92,4
12,0.2119853109903878,0.575558870773086,PBC,0.0,POLFED,2.637086327884845,0.0918440543421867,92,4
12,0.6159559329711636,0.4947647463769309,PBC,0.0,POLFED,3.550839593158015,0.0038549027408024,92,4
12,0.4947647463769309,0.3735735597826982,PBC,0.0,POLFED,3.564046698249391,0.0008907874358118,92,4
12,0.0907941243961551,0.4543676841788533,PBC,0.0,POLFED,0.4773993024864634,0.0888269498589794,92,4
12,0.6967500573673188,0.0503970621980775,PBC,0.0,POLFED,2.7481391149154173,0.0745422624273195,92,4
12,0.7371471195653964,0.575558870773086,PBC,0.0,POLFED,3.198496781781379,0.0807976125771803,92,4
12,0.01,0.4139706219807757,PBC,0.0,POLFED,0.0121218282556481,0.013214747670532,92,4
12,0.5351618085750085,0.01,PBC,0.0,POLFED,2.310273292121772,0.0809041873643643,92,4
12,0.1715882487923103,0.01,PBC,0.0,POLFED,0.4198140588285491,0.0572796995198963,92,4
12,0.6967500573673188,0.4543676841788533,PBC,0.0,POLFED,3.448230402035798,0.0449841003865938,92,4
12,0.6159559329711636,0.01,PBC,0.0,POLFED,2.4604390199815134,0.0359166044483588,92,4
12,0.7775441817634738,0.5351618085750085,PBC,0.0,POLFED,2.7333920336386868,0.4338976890412487,92,4
12,0.01,0.7775441817634738,PBC,0.0,POLFED,0.0098099797614297,0.0068667880648569,92,4
12,0.6563529951692412,0.292779435386543,PBC,0.0,POLFED,3.4921258854041213,0.0187107949714223,92,4
12,0.01,0.0907941243961551,PBC,0.0,POLFED,0.0131324100011961,0.0106133456007528,92,4
12,0.01,0.7371471195653964,PBC,0.0,POLFED,0.0195909253386029,0.0185908584915861,92,4
12,0.3331764975846206,0.3331764975846206,PBC,0.0,POLFED,3.350558436615388,0.0323073306524522,92,4
12,0.1715882487923103,0.3331764975846206,PBC,0.0,POLFED,1.4518570250933216,0.2354042593199523,92,4
12,0.292779435386543,0.2523823731884654,PBC,0.0,POLFED,2.871947600050766,0.1406096235246577,92,4
12,0.4543676841788533,0.575558870773086,PBC,0.0,POLFED,3.562257775030468,0.0044787507113727,92,4
12,0.6967500573673188,0.575558870773086,PBC,0.0,POLFED,3.4363996211175394,0.0206628835985656,92,4
12,0.575558870773086,0.6967500573673188,PBC,0.0,POLFED,3.555718368674523,0.0147813552130747,92,4
12,0.575558870773086,0.1311911865942327,PBC,0.0,POLFED,3.381817101794718,0.0291310065516397,92,4
12,0.6563529951692412,0.1715882487923103,PBC,0.0,POLFED,3.381557861520529,0.0295774280161012,92,4
12,0.0503970621980775,0.6159559329711636,PBC,0.0,POLFED,0.1818042768778697,0.0473909166543045,92,4
12,0.7371471195653964,0.4543676841788533,PBC,0.0,POLFED,3.0815862342557736,0.0175809169678606,92,4
12,0.4543676841788533,0.4543676841788533,PBC,0.0,POLFED,3.5435878030078185,0.0176605236935891,92,4
12,0.292779435386543,0.3331764975846206,PBC,0.0,POLFED,3.0982163440014974,0.0713039831995993,92,4
12,0.1715882487923103,0.2523823731884654,PBC,0.0,POLFED,1.023970069792946,0.125591883815505,92,4
12,0.3331764975846206,0.2523823731884654,PBC,0.0,POLFED,3.1104666763492683,0.0691126864230011,92,4
12,0.01,0.6563529951692412,PBC,0.0,POLFED,0.0642849164815189,0.0663355139588736,92,4
12,0.2119853109903878,0.0503970621980775,PBC,0.0,POLFED,0.9708388161878648,0.1890062669168433,92,4
12,0.1311911865942327,0.0503970621980775,PBC,0.0,POLFED,0.5426333708011247,0.3688124560820815,92,4
12,0.4947647463769309,0.4947647463769309,PBC,0.0,POLFED,3.563505958377699,0.0028715006498961,92,4
12,0.6159559329711636,0.3735735597826982,PBC,0.0,POLFED,3.5479532067149617,0.0058609514639541,92,4
12,0.0907941243961551,0.575558870773086,PBC,0.0,POLFED,0.5398368118106479,0.1389571891344865,92,4
12,0.2119853109903878,0.4543676841788533,PBC,0.0,POLFED,2.411728537758577,0.0639072932572681,92,4
12,0.5351618085750085,0.3735735597826982,PBC,0.0,POLFED,3.5642182559134272,0.002294205220428,92,4
12,0.1311911865942327,0.4543676841788533,PBC,0.0,POLFED,0.9004464221585885,0.0935014814933852,92,4
12,0.575558870773086,0.6159559329711636,PBC,0.0,POLFED,3.570791060085944,0.002083716383397,92,4
12,0.0503970621980775,0.6967500573673188,PBC,0.0,POLFED,0.1773805419445766,0.0190235190065423,92,4
12,0.0503970621980775,0.1311911865942327,PBC,0.0,POLFED,0.1356495831913825,0.0975560129911229,92,4
12,0.3735735597826982,0.292779435386543,PBC,0.0,POLFED,3.411954653182901,0.0191853307955957,92,4
12,0.2119853109903878,0.7775441817634738,PBC,0.0,POLFED,2.6702115772637622,0.1271822459861376,92,4
12,0.0907941243961551,0.6563529951692412,PBC,0.0,POLFED,0.4789759668312942,0.0660398885611268,92,4
12,0.5351618085750085,0.1715882487923103,PBC,0.0,POLFED,3.4902753650767364,0.02002732627709,92,4
12,0.1311911865942327,0.0907941243961551,PBC,0.0,POLFED,0.3192895077223796,0.1602400437477066,92,4
12,0.1311911865942327,0.7371471195653964,PBC,0.0,POLFED,1.2507664603949609,0.3147369921001408,92,4
12,0.3735735597826982,0.4947647463769309,PBC,0.0,POLFED,3.5045412293680505,0.0120933628494123,92,4
12,0.1311911865942327,0.7775441817634738,PBC,0.0,POLFED,1.087774606453094,0.1749780513901324,92,4
12,0.2119853109903878,0.0907941243961551,PBC,0.0,POLFED,1.1760842466701282,0.107118186611483,92,4
12,0.2119853109903878,0.7371471195653964,PBC,0.0,POLFED,2.6153453166062044,0.0917462722501243,92,4
12,0.6159559329711636,0.1715882487923103,PBC,0.0,POLFED,3.436645319943186,0.0349521451421157,92,4
12,0.292779435386543,0.2119853109903878,PBC,0.0,POLFED,2.754379943190608,0.1701080174356072,92,4
12,0.2119853109903878,0.4139706219807757,PBC,0.0,POLFED,2.3149074800454352,0.177148664891255,92,4
12,0.4947647463769309,0.292779435386543,PBC,0.0,POLFED,3.5510041327686066,0.0048530583392177,92,4
12,0.2523823731884654,0.6159559329711636,PBC,0.0,POLFED,3.120946757194825,0.1032165410068138,92,4
12,0.4139706219807757,0.6967500573673188,PBC,0.0,POLFED,3.5391177327782115,0.0215935992887261,92,4
12,0.4139706219807757,0.1311911865942327,PBC,0.0,POLFED,3.138863641438625,0.1602500088999511,92,4
12,0.1311911865942327,0.4139706219807757,PBC,0.0,POLFED,1.023615287551043,0.1065317078876163,92,4
12,0.292779435386543,0.5351618085750085,PBC,0.0,POLFED,3.274477744706912,0.0354727396922109,92,4
12,0.4543676841788533,0.4139706219807757,PBC,0.0,POLFED,3.55170460902604,0.0047138190405159,92,4
12,0.7371471195653964,0.7371471195653964,PBC,0.0,POLFED,3.21276263751563,0.1187841689207645,92,4
12,0.7371471195653964,0.0907941243961551,PBC,0.0,POLFED,2.8514538537642147,0.105486829330654,92,4
12,0.6563529951692412,0.3735735597826982,PBC,0.0,POLFED,3.4923835515242847,0.0091389496912856,92,4
12,0.6967500573673188,0.6563529951692412,PBC,0.0,POLFED,3.376664486865739,0.032876079305905,92,4
12,0.7371471195653964,0.7775441817634738,PBC,0.0,POLFED,3.142158238006399,0.1349256339740208,92,4
12,0.7775441817634738,0.2523823731884654,PBC,0.0,POLFED,2.644177195784242,0.2336735458766775,92,4
12,0.4139706219807757,0.6159559329711636,PBC,0.0,POLFED,3.5515400179704866,0.0057961639562899,92,4
12,0.2523823731884654,0.1311911865942327,PBC,0.0,POLFED,1.9418359079705416,0.3475575790862079,92,4
12,0.2523823731884654,0.6967500573673188,PBC,0.0,POLFED,3.052234486688448,0.1058339986880028,92,4
12,0.4543676841788533,0.7775441817634738,PBC,0.0,POLFED,3.561482949619575,0.0038283452233527,92,4
12,0.4543676841788533,0.7371471195653964,PBC,0.0,POLFED,3.5639513674979004,0.0076955080833735,92,4
12,0.4543676841788533,0.0907941243961551,PBC,0.0,POLFED,3.064710363840329,0.034222751137181,92,4
12,0.01,0.575558870773086,PBC,0.0,POLFED,0.0375630281778206,0.0554300945718137,92,4
12,0.7371471195653964,0.4139706219807757,PBC,0.0,POLFED,2.5101475903920982,1.2338823939610533,92,4
12,0.2523823731884654,0.0503970621980775,PBC,0.0,POLFED,1.088516785284,0.1481680508153109,92,4
12,0.7371471195653964,0.4947647463769309,PBC,0.0,POLFED,3.150090995880465,0.1044972744013244,92,4
12,0.292779435386543,0.6967500573673188,PBC,0.0,POLFED,3.368340238582298,0.0368898420150104,92,4
12,0.292779435386543,0.1311911865942327,PBC,0.0,POLFED,2.042893263609076,0.0466508589150421,92,4
12,0.6563529951692412,0.6563529951692412,PBC,0.0,POLFED,3.503501255273627,0.0216662994058004,92,4
12,0.6967500573673188,0.3735735597826982,PBC,0.0,POLFED,3.3862307351497414,0.0579539688847453,92,4
12,0.4139706219807757,0.2119853109903878,PBC,0.0,POLFED,3.381770919403455,0.0484053088715588,92,4
12,0.2523823731884654,0.5351618085750085,PBC,0.0,POLFED,3.0993416443792405,0.0486631882551836,92,4
12,0.01,0.1715882487923103,PBC,0.0,POLFED,0.0116330388126248,0.0102625657667571,92,4
12,0.575558870773086,0.3331764975846206,PBC,0.0,POLFED,3.5574201819851456,0.0029737344433934,92,4
12,0.4543676841788533,0.4947647463769309,PBC,0.0,POLFED,3.554981818934996,0.0063229648100062,92,4
12,0.4543676841788533,0.0503970621980775,PBC,0.0,POLFED,2.592039397133408,0.0444105851690454,92,4
12,0.5351618085750085,0.575558870773086,PBC,0.0,POLFED,3.5721978803169847,0.0009980471152177,92,4
12,0.1311911865942327,0.4947647463769309,PBC,0.0,POLFED,0.9752895838477178,0.0670962038640313,92,4
12,0.3735735597826982,0.0907941243961551,PBC,0.0,POLFED,2.7753383840640016,0.1862171548849369,92,4
12,0.0503970621980775,0.3331764975846206,PBC,0.0,POLFED,0.1693371692788209,0.0674240580571964,92,4
12,0.3735735597826982,0.7371471195653964,PBC,0.0,POLFED,3.50589956211297,0.0231609122579905,92,4
12,0.0907941243961551,0.3735735597826982,PBC,0.0,POLFED,0.2645573974917962,0.0305225468090483,92,4
12,0.2119853109903878,0.4947647463769309,PBC,0.0,POLFED,2.557206675947625,0.093817480958719,92,4
12,0.6159559329711636,0.575558870773086,PBC,0.0,POLFED,3.5587699738216263,0.0108298890734924,92,4
12,0.4947647463769309,0.01,PBC,0.0,POLFED,2.138024554619015,0.079559788652463,92,4
12,0.4947647463769309,0.4543676841788533,PBC,0.0,POLFED,3.557991647641109,0.0183571912759881,92,4
12,0.3735735597826982,0.7775441817634738,PBC,0.0,POLFED,3.528228836691029,0.0121336397224653,92,4
12,0.292779435386543,0.6159559329711636,PBC,0.0,POLFED,3.34621197794076,0.0106808046347096,92,4
12,0.3735735597826982,0.4139706219807757,PBC,0.0,POLFED,3.4767792092185243,0.0108071398782267,92,4
12,0.2523823731884654,0.2119853109903878,PBC,0.0,POLFED,2.271679812053601,0.2883228373054584,92,4
12,0.4139706219807757,0.5351618085750085,PBC,0.0,POLFED,3.5421736756600053,0.0081229927306586,92,4
12,0.7775441817634738,0.0503970621980775,PBC,0.0,POLFED,2.5596873815158,0.15784478042578,92,4
12,0.4947647463769309,0.7371471195653964,PBC,0.0,POLFED,3.56828529396927,0.0057299913604886,92,4
12,0.4947647463769309,0.0907941243961551,PBC,0.0,POLFED,3.1192944032266614,0.0482474077743089,92,4
12,0.4139706219807757,0.3331764975846206,PBC,0.0,POLFED,3.505405800091458,0.0105995199571821,92,4
12,0.5351618085750085,0.6563529951692412,PBC,0.0,POLFED,3.5703405087318707,0.0054959159173155,92,4
12,0.0907941243961551,0.1715882487923103,PBC,0.0,POLFED,0.2952849649372684,0.1764825038942505,92,4
12,0.3735735597826982,0.4543676841788533,PBC,0.0,POLFED,3.494037900626781,0.0129033359261856,92,4
12,0.4947647463769309,0.7775441817634738,PBC,0.0,POLFED,3.569812789464789,0.0097347551203237,92,4
12,0.6159559329711636,0.6563529951692412,PBC,0.0,POLFED,3.545742796837504,0.0256630738390444,92,4
12,0.575558870773086,0.2119853109903878,PBC,0.0,POLFED,3.5151331690178225,0.0072487752946775,92,4
12,0.2119853109903878,0.292779435386543,PBC,0.0,POLFED,2.2369227860834715,0.4713113539808063,92,4
12,0.7371471195653964,0.0503970621980775,PBC,0.0,POLFED,1.3124376420660904,1.313808401925857,92,4
12,0.1311911865942327,0.292779435386543,PBC,0.0,POLFED,0.7016231340783494,0.169012358208497,92,4
12,0.0503970621980775,0.5351618085750085,PBC,0.0,POLFED,0.1873825473373908,0.0375854126808144,92,4
12,0.4947647463769309,0.4139706219807757,PBC,0.0,POLFED,3.565027495251174,0.0059817422218502,92,4
12,0.575558870773086,0.5351618085750085,PBC,0.0,POLFED,3.55594386809862,0.0098976430052424,92,4
12,0.4543676841788533,0.292779435386543,PBC,0.0,POLFED,3.512728937674682,0.0017735839393591,92,4
12,0.6967500573673188,0.1715882487923103,PBC,0.0,POLFED,3.189053816622172,0.0651900367707756,92,4
12,0.0503970621980775,0.2119853109903878,PBC,0.0,POLFED,0.1080279728768606,0.0495748608855611,92,4
12,0.6563529951692412,0.575558870773086,PBC,0.0,POLFED,3.5172215743834774,0.0239081997643809,92,4
12,0.01,0.3735735597826982,PBC,0.0,POLFED,0.0215908881997631,0.018338641881245,92,4
12,0.2523823731884654,0.3331764975846206,PBC,0.0,POLFED,2.795607630962395,0.0890427681268135,92,4
12,0.7371471195653964,0.292779435386543,PBC,0.0,POLFED,2.250804420223116,1.305812860248074,92,4
12,0.6563529951692412,0.4543676841788533,PBC,0.0,POLFED,3.5299149546432425,0.0111928980561184,92,4
12,0.7371471195653964,0.1715882487923103,PBC,0.0,POLFED,3.0528657924673808,0.0804641868514587,92,4
12,0.2523823731884654,0.2523823731884654,PBC,0.0,POLFED,2.460813328109511,0.1513612954592833,92,4
12,0.7775441817634738,0.1311911865942327,PBC,0.0,POLFED,2.6069197309855,0.2452110469584758,92,4
12,0.7775441817634738,0.6967500573673188,PBC,0.0,POLFED,3.094405347118398,0.2030497334310406,92,4
12,0.4543676841788533,0.1715882487923103,PBC,0.0,POLFED,3.419546890750206,0.0166466633273667,92,4
12,0.6967500573673188,0.292779435386543,PBC,0.0,POLFED,3.335926150176527,0.0702919766813298,92,4
12,0.0907941243961551,0.0503970621980775,PBC,0.0,POLFED,0.2678310385397003,0.1554447104904653,92,4
12,0.01,0.4947647463769309,PBC,0.0,POLFED,0.037103278008389,0.0500311525557453,92,4
12,0.6159559329711636,0.7775441817634738,PBC,0.0,POLFED,3.5375763084526186,0.0290162588987746,92,4
12,0.5351618085750085,0.7371471195653964,PBC,0.0,POLFED,3.5715976672157392,0.0028958505476515,92,4
12,0.5351618085750085,0.0907941243961551,PBC,0.0,POLFED,3.221292297280516,0.0408751643877293,92,4
12,0.4139706219807757,0.2523823731884654,PBC,0.0,POLFED,3.459519323488206,0.0057186571274711,92,4
12,0.1311911865942327,0.1715882487923103,PBC,0.0,POLFED,0.4807226880142591,0.0594405071472491,92,4
12,0.7775441817634738,0.6159559329711636,PBC,0.0,POLFED,2.9510517671618244,0.5129174198221311,92,4
12,0.3735735597826982,0.575558870773086,PBC,0.0,POLFED,3.525864202862991,0.01458159430113,92,4
12,0.4947647463769309,0.6563529951692412,PBC,0.0,POLFED,3.5713033815096065,0.0023009771650877,92,4
12,0.5351618085750085,0.7775441817634738,PBC,0.0,POLFED,3.56002309630167,0.0154622863228748,92,4
12,0.2119853109903878,0.1715882487923103,PBC,0.0,POLFED,1.279200294514045,0.2440248383329326,92,4
12,0.6159559329711636,0.7371471195653964,PBC,0.0,POLFED,3.534497049455839,0.002957590812069,92,4
12,0.6159559329711636,0.0907941243961551,PBC,0.0,POLFED,3.166994249653806,0.0400068643214563,92,4
12,0.6159559329711636,0.4139706219807757,PBC,0.0,POLFED,3.5467751868163058,0.0097835097811246,92,4
12,0.0907941243961551,0.292779435386543,PBC,0.0,POLFED,0.5568954630232908,0.1853940808778307,92,4
12,0.5351618085750085,0.4139706219807757,PBC,0.0,POLFED,3.5619444533754345,0.0115168096340814,92,4
12,0.4947647463769309,0.575558870773086,PBC,0.0,POLFED,3.56887039053528,0.0048647424099855,92,4
12,0.3735735597826982,0.6563529951692412,PBC,0.0,POLFED,3.5194306005353018,0.0084058703719754,92,4
12,0.0503970621980775,0.2523823731884654,PBC,0.0,POLFED,0.1221306052596848,0.0479109861937805,92,4
12,0.2119853109903878,0.3735735597826982,PBC,0.0,POLFED,2.4117773993373475,0.1547329206621358,92,4
12,0.0907941243961551,0.4947647463769309,PBC,0.0,POLFED,0.5152631658780387,0.122582482495921,92,4
12,0.6159559329711636,0.4543676841788533,PBC,0.0,POLFED,3.5555381015417,0.0138944129625254,92,4
12,0.1311911865942327,0.3735735597826982,PBC,0.0,POLFED,0.8557995991383343,0.1408177533576621,92,4
12,0.5351618085750085,0.4543676841788533,PBC,0.0,POLFED,3.567224291758952,0.0049354048175224,92,4
12,0.3331764975846206,0.6159559329711636,PBC,0.0,POLFED,3.452287937904643,0.0233170629961547,92,4
12,0.1715882487923103,0.6159559329711636,PBC,0.0,POLFED,1.932184956770165,0.1240134727189637,92,4
12,0.6967500573673188,0.4947647463769309,PBC,0.0,POLFED,3.4617074997058244,0.0154820321573588,92,4
12,0.01,0.292779435386543,PBC,0.0,POLFED,0.0499647426288033,0.0788448882778122,92,4
12,0.3331764975846206,0.6967500573673188,PBC,0.0,POLFED,3.470246435135905,0.0077117267662925,92,4
12,0.3331764975846206,0.1311911865942327,PBC,0.0,POLFED,2.6231103231479933,0.1722163950768011,92,4
12,0.1715882487923103,0.1311911865942327,PBC,0.0,POLFED,1.18465326174997,0.4140785024217845,92,4
12,0.1715882487923103,0.6967500573673188,PBC,0.0,POLFED,1.82653141295446,0.0920831276963228,92,4
12,0.6563529951692412,0.7775441817634738,PBC,0.0,POLFED,3.409011067426379,0.0680229790071989,92,4
12,0.6563529951692412,0.0907941243961551,PBC,0.0,POLFED,3.091126087140492,0.1186399015282229,92,4
12,0.6563529951692412,0.7371471195653964,PBC,0.0,POLFED,3.468445664905886,0.0333145723666513,92,4
12,0.7371471195653964,0.3735735597826982,PBC,0.0,POLFED,3.2436267465122626,0.1413272480918057,92,4
12,0.6563529951692412,0.4139706219807757,PBC,0.0,POLFED,3.5285121237779298,0.0085649504316357,92,4
12,0.4543676841788533,0.3735735597826982,PBC,0.0,POLFED,3.547565485153118,0.0014489540645179,92,4
12,0.575558870773086,0.2523823731884654,PBC,0.0,POLFED,3.5241116609873946,0.0250598025594688,92,4
12,0.1715882487923103,0.0503970621980775,PBC,0.0,POLFED,0.7019436700119839,0.3651000943426048,92,4
12,0.7775441817634738,0.575558870773086,PBC,0.0,POLFED,3.1348983776944115,0.1327655560072516,92,4
12,0.1311911865942327,0.2119853109903878,PBC,0.0,POLFED,0.6243323236988634,0.1169847497875151,92,4
12,0.3735735597826982,0.6159559329711636,PBC,0.0,POLFED,3.5107653507626417,0.0213606158190146,92,4
12,0.575558870773086,0.292779435386543,PBC,0.0,POLFED,3.544696549916689,0.0117275510822707,92,4
12,0.2119853109903878,0.2119853109903878,PBC,0.0,POLFED,1.6569168213628995,0.1056205696613782,92,4
12,0.292779435386543,0.4139706219807757,PBC,0.0,POLFED,3.1890347054848527,0.0333428292329366,92,4
12,0.4543676841788533,0.5351618085750085,PBC,0.0,POLFED,3.55448615077077,0.0037020978074378,92,4
12,0.7371471195653964,0.5351618085750085,PBC,0.0,POLFED,3.2499640063378923,0.1104134651388707,92,4
12,0.1715882487923103,0.6563529951692412,PBC,0.0,POLFED,1.915074607043706,0.1621779325406092,92,4
12,0.292779435386543,0.7371471195653964,PBC,0.0,POLFED,3.34724087228592,0.0112432245586335,92,4
12,0.292779435386543,0.0907941243961551,PBC,0.0,POLFED,1.8936573401287569,0.3256023106562182,92,4
12,0.01,0.2523823731884654,PBC,0.0,POLFED,0.0407263052107014,0.059341413158898,92,4
12,0.575558870773086,0.0503970621980775,PBC,0.0,POLFED,2.8506102866027336,0.0346122917236342,92,4
12,0.3331764975846206,0.6563529951692412,PBC,0.0,POLFED,3.442144637475859,0.0216840672072115,92,4
12,0.292779435386543,0.7775441817634738,PBC,0.0,POLFED,3.361474102861973,0.0388129636303457,92,4
12,0.3331764975846206,0.0503970621980775,PBC,0.0,POLFED,1.9794308494791488,0.0517223138760181,92,4
12,0.2523823731884654,0.4947647463769309,PBC,0.0,POLFED,3.032782153380653,0.078656469328148,92,4
12,0.7371471195653964,0.2119853109903878,PBC,0.0,POLFED,3.03371528999977,0.0778241586090992,92,4
12,0.4139706219807757,0.4947647463769309,PBC,0.0,POLFED,3.530912042703571,0.0213056887051189,92,4
12,0.3735735597826982,0.1311911865942327,PBC,0.0,POLFED,2.890309031009804,0.114864083017172,92,4
12,0.0503970621980775,0.292779435386543,PBC,0.0,POLFED,0.2242842179756921,0.1327802578962857,92,4
12,0.3735735597826982,0.6967500573673188,PBC,0.0,POLFED,3.5248034188203983,0.0042193062386776,92,4
12,0.3735735597826982,0.01,PBC,0.0,POLFED,1.8699547760025497,0.1311562955194968,92,4
12,0.1311911865942327,0.5351618085750085,PBC,0.0,POLFED,1.0192319042495623,0.1642963773909497,92,4
12,0.2119853109903878,0.5351618085750085,PBC,0.0,POLFED,2.575451507924404,0.087411557824577,92,4
12,0.4543676841788533,0.2119853109903878,PBC,0.0,POLFED,3.504049329304172,0.0075630871520356,92,4
12,0.6967500573673188,0.01,PBC,0.0,POLFED,2.481617336165189,0.0824990658554859,92,4
12,0.2119853109903878,0.3331764975846206,PBC,0.0,POLFED,2.1064684278908703,0.1525857499446748,92,4
12,0.6563529951692412,0.0503970621980775,PBC,0.0,POLFED,2.790416970783295,0.0566281557159397,92,4
12,0.0907941243961551,0.2523823731884654,PBC,0.0,POLFED,0.3688241804339519,0.0837690997768943,92,4
12,0.0503970621980775,0.4947647463769309,PBC,0.0,POLFED,0.2158057852956442,0.043230478494134,92,4
12,0.1311911865942327,0.3331764975846206,PBC,0.0,POLFED,0.7159237859669383,0.0802880656507551,92,4
12,0.4947647463769309,0.6967500573673188,PBC,0.0,POLFED,3.5708271590066043,0.0039064981389041,92,4
12,0.4947647463769309,0.1311911865942327,PBC,0.0,POLFED,3.324032300709487,0.0647792653584309,92,4
12,0.4139706219807757,0.292779435386543,PBC,0.0,POLFED,3.480316375861938,0.0493186235095725,92,4
12,0.4947647463769309,0.6159559329711636,PBC,0.0,POLFED,3.56938543858158,0.0050696488255431,92,4
12,0.7775441817634738,0.6563529951692412,PBC,0.0,POLFED,2.8865159732971017,0.2556157448209826,92,4
12,0.2523823731884654,0.292779435386543,PBC,0.0,POLFED,2.603439603795559,0.0972312110621372,92,4
12,0.7371471195653964,0.3331764975846206,PBC,0.0,POLFED,3.155374762423262,0.0742775279152856,92,4
12,0.6967500573673188,0.2523823731884654,PBC,0.0,POLFED,3.3519785447034254,0.0429617916173537,92,4
12,0.3331764975846206,0.575558870773086,PBC,0.0,POLFED,3.457819445132777,0.0245411394845681,92,4
12,0.4947647463769309,0.0503970621980775,PBC,0.0,POLFED,2.671026072919331,0.0939182370838853,92,4
12,0.575558870773086,0.4947647463769309,PBC,0.0,POLFED,3.5682055321261785,0.002381541764381,92,4
12,0.1715882487923103,0.575558870773086,PBC,0.0,POLFED,1.916548834691581,0.1331819893348216,92,4
12,0.6563529951692412,0.01,PBC,0.0,POLFED,2.4184498987489027,0.0766258205166018,92,4
12,0.0503970621980775,0.01,PBC,0.0,POLFED,0.1512667930386617,0.1388953670665011,92,4
12,0.4543676841788533,0.3331764975846206,PBC,0.0,POLFED,3.537754739662351,0.0073133192428635,92,4
12,0.292779435386543,0.4543676841788533,PBC,0.0,POLFED,3.292718896990244,0.0776106133464657,92,4
12,0.5351618085750085,0.6159559329711636,PBC,0.0,POLFED,3.568360977639434,0.0073957685485643,92,4
12,0.7775441817634738,0.0907941243961551,PBC,0.0,POLFED,2.7454749129416385,0.1243649135219122,92,4
12,0.7775441817634738,0.7371471195653964,PBC,0.0,POLFED,2.898022564167353,0.264580009675246,92,4
12,0.6967500573673188,0.3331764975846206,PBC,0.0,POLFED,3.3912681852712776,0.0402334229857626,92,4
12,0.7775441817634738,0.7775441817634738,PBC,0.0,POLFED,2.933260081501342,0.3257733235123508,92,4
12,0.7371471195653964,0.2523823731884654,PBC,0.0,POLFED,2.9902942017908654,0.0964206173826677,92,4
12,0.01,0.5351618085750085,PBC,0.0,POLFED,0.0415023015492899,0.0473634945324041,92,4
12,0.6159559329711636,0.6159559329711636,PBC,0.0,POLFED,3.548611604457708,0.0195582683777747,92,4
12,0.292779435386543,0.575558870773086,PBC,0.0,POLFED,3.2932674588677893,0.0637547197944796,92,4
12,0.4543676841788533,0.2523823731884654,PBC,0.0,POLFED,3.496365722412466,0.0136469591408182,92,4
12,0.0907941243961551,0.01,PBC,0.0,POLFED,0.3614124074687345,0.0796318616105888,92,4
12,0.2523823731884654,0.1715882487923103,PBC,0.0,POLFED,1.9752641126438373,0.0783062145745777,92,4
12,0.575558870773086,0.3735735597826982,PBC,0.0,POLFED,3.557591596991088,0.0065963046515881,92,4
12,0.1715882487923103,0.4543676841788533,PBC,0.0,POLFED,1.932490453751344,0.2335285431904645,92,4
12,0.7775441817634738,0.4139706219807757,PBC,0.0,POLFED,2.8623095203451623,0.2281703490289661,92,4
12,0.3331764975846206,0.4543676841788533,PBC,0.0,POLFED,3.4059978290249133,0.0258067915735138,92,4
12,0.0503970621980775,0.3735735597826982,PBC,0.0,POLFED,0.209252995185853,0.0773839024635338,92,4
12,0.2119853109903878,0.2523823731884654,PBC,0.0,POLFED,1.694505667987152,0.0739416028092093,92,4
12,0.3735735597826982,0.0503970621980775,PBC,0.0,POLFED,2.1743465158640607,0.1051828783467205,92,4
12,0.1311911865942327,0.2523823731884654,PBC,0.0,POLFED,0.6589560888172514,0.2257487104211075,92,4
12,0.0907941243961551,0.3331764975846206,PBC,0.0,POLFED,0.6736191335175902,0.1374893199853264,92,4
12,0.4139706219807757,0.1715882487923103,PBC,0.0,POLFED,3.3330655438169803,0.0283050126062445,92,4
12,0.2523823731884654,0.01,PBC,0.0,POLFED,0.7334006415992274,0.0483549351173414,92,4
12,0.7775441817634738,0.01,PBC,0.0,POLFED,2.3344786354255898,0.1084891827829228,92,4
12,0.5351618085750085,0.6967500573673188,PBC,0.0,POLFED,3.5698078023585453,0.0022133328377224,92,4
12,0.5351618085750085,0.1311911865942327,PBC,0.0,POLFED,3.3892709286157894,0.0209073810222152,92,4
12,0.01,0.2119853109903878,PBC,0.0,POLFED,0.0032322827591491,0.0022441279724793,92,4
12,0.6159559329711636,0.6967500573673188,PBC,0.0,POLFED,3.5327201972821083,0.025573061175063,92,4
12,0.6159559329711636,0.1311911865942327,PBC,0.0,POLFED,3.32142454211573,0.0276208446912081,92,4
12,0.6967500573673188,0.2119853109903878,PBC,0.0,POLFED,3.3325910246377246,0.0275619059253643,92,4
12,0.4139706219807757,0.3735735597826982,PBC,0.0,POLFED,3.5117780398294216,0.0283963769990942,92,4
12,0.6563529951692412,0.6159559329711636,PBC,0.0,POLFED,3.514054212105994,0.02527977382434,92,4
12,0.0503970621980775,0.1715882487923103,PBC,0.0,POLFED,0.2743909713477295,0.0749922846070316,92,4
12,0.0907941243961551,0.5351618085750085,PBC,0.0,POLFED,0.4761466883860388,0.0353076387728979,92,4
12,0.0907941243961551,0.2119853109903878,PBC,0.0,POLFED,0.3123949206090322,0.0421852018132015,92,4
12,0.292779435386543,0.01,PBC,0.0,POLFED,1.156330071329148,0.1865662010361394,92,4
12,0.3331764975846206,0.4139706219807757,PBC,0.0,POLFED,3.3908517089163253,0.028372672138246,92,4
12,0.7775441817634738,0.4543676841788533,PBC,0.0,POLFED,2.668224996573034,0.0577919298395206,92,4
12,0.1715882487923103,0.4139706219807757,PBC,0.0,POLFED,1.6923891474658994,0.0955106086725378,92,4
12,0.6967500573673188,0.5351618085750085,PBC,0.0,POLFED,3.3968826540267463,0.0840304483202613,92,4
12,0.3331764975846206,0.7371471195653964,PBC,0.0,POLFED,3.4576900219685376,0.037754452758471,92,4
12,0.3331764975846206,0.0907941243961551,PBC,0.0,POLFED,2.247148396459437,0.131897887831718,92,4
12,0.575558870773086,0.1715882487923103,PBC,0.0,POLFED,3.484127943959886,0.0113074943017434,92,4
12,0.01,0.3331764975846206,PBC,0.0,POLFED,0.0094638522385005,0.0013017814263964,92,4
12,0.2523823731884654,0.3735735597826982,PBC,0.0,POLFED,2.809491318564115,0.1604789368114445,92,4
12,0.292779435386543,0.6563529951692412,PBC,0.0,POLFED,3.3348267457713927,0.0182886382391956,92,4
12,0.1715882487923103,0.0907941243961551,PBC,0.0,POLFED,0.9409960872029546,0.3428344264578841,92,4
12,0.1715882487923103,0.7371471195653964,PBC,0.0,POLFED,1.843560321841609,0.1407199126001151,92,4
12,0.3331764975846206,0.7775441817634738,PBC,0.0,POLFED,3.483183861959936,0.018950877637683,92,4
12,0.6563529951692412,0.1311911865942327,PBC,0.0,POLFED,3.2329382519130503,0.0382042145881775,92,4
12,0.6563529951692412,0.6967500573673188,PBC,0.0,POLFED,3.5273912769962585,0.0266730967762654,92,4
12,0.1715882487923103,0.7775441817634738,PBC,0.0,POLFED,1.9474041138487408,0.2673387408246658,92,4
11,0.575558870773086,0.3331764975846206,PBC,0.5,POLFED,3.092518804116626,0.0,46,1
11,0.0503970621980775,0.1715882487923103,PBC,0.5,POLFED,0.0436900940982659,0.0,46,1
11,0.3331764975846206,0.1311911865942327,PBC,0.5,POLFED,2.322065105210549,0.0,46,1
11,0.5351618085750085,0.0503970621980775,PBC,0.5,POLFED,2.4273358760135566,0.0,46,1
11,0.7775441817634738,0.1311911865942327,PBC,0.5,POLFED,1.7421685106090217,0.0,46,1
11,0.4139706219807757,0.6159559329711636,PBC,0.5,POLFED,3.0742670736117628,0.0,46,1
11,0.1715882487923103,0.7371471195653964,PBC,0.5,POLFED,1.5655086849475632,0.0,46,1
11,0.2119853109903878,0.3735735597826982,PBC,0.5,POLFED,2.0579186365127944,0.0,46,1
11,0.6967500573673188,0.1311911865942327,PBC,0.5,POLFED,2.663846734975273,0.0,46,1
11,0.3735735597826982,0.7371471195653964,PBC,0.5,POLFED,3.052907690689314,0.0,46,1
11,0.6563529951692412,0.6967500573673188,PBC,0.5,POLFED,2.9999921385262245,0.0,46,1
11,0.6967500573673188,0.6159559329711636,PBC,0.5,POLFED,2.908316617198839,0.0,46,1
11,0.5351618085750085,0.4947647463769309,PBC,0.5,POLFED,3.100098589949522,0.0,46,1
11,0.2119853109903878,0.4139706219807757,PBC,0.5,POLFED,2.095278850809833,0.0,46,1
11,0.4543676841788533,0.0503970621980775,PBC,0.5,POLFED,2.218020095377776,0.0,46,1
11,0.4139706219807757,0.1311911865942327,PBC,0.5,POLFED,2.679553682912263,0.0,46,1
11,0.7775441817634738,0.6159559329711636,PBC,0.5,POLFED,2.3788674419892097,0.0,46,1
11,0.4947647463769309,0.4543676841788533,PBC,0.5,POLFED,3.0844986140072703,0.0,46,1
11,0.3331764975846206,0.6159559329711636,PBC,0.5,POLFED,2.9772619918689163,0.0,46,1
11,0.0907941243961551,0.6967500573673188,PBC,0.5,POLFED,0.4465484265443352,0.0,46,1
11,0.1715882487923103,0.0503970621980775,PBC,0.5,POLFED,0.693989880398752,0.0,46,1
11,0.2523823731884654,0.01,PBC,0.5,POLFED,1.1229468685977348,0.0,46,1
11,0.4947647463769309,0.7775441817634738,PBC,0.5,POLFED,3.107118171835902,0.0,46,1
11,0.4947647463769309,0.292779435386543,PBC,0.5,POLFED,3.0852300841032254,0.0,46,1
11,0.2523823731884654,0.0503970621980775,PBC,0.5,POLFED,1.5164663430864345,0.0,46,1
11,0.6967500573673188,0.3331764975846206,PBC,0.5,POLFED,2.885395885501716,0.0,46,1
11,0.3331764975846206,0.3331764975846206,PBC,0.5,POLFED,2.8248790299012634,0.0,46,1
11,0.0503970621980775,0.7371471195653964,PBC,0.5,POLFED,0.1407095190058811,0.0,46,1
11,0.7775441817634738,0.3331764975846206,PBC,0.5,POLFED,2.309281758180682,0.0,46,1
11,0.292779435386543,0.2523823731884654,PBC,0.5,POLFED,2.424362077232221,0.0,46,1
11,0.4543676841788533,0.6967500573673188,PBC,0.5,POLFED,3.0996438724843736,0.0,46,1
11,0.1715882487923103,0.1715882487923103,PBC,0.5,POLFED,0.7990937681086763,0.0,46,1
11,0.01,0.2523823731884654,PBC,0.5,POLFED,0.002029927975711,0.0,46,1
11,0.1311911865942327,0.4139706219807757,PBC,0.5,POLFED,0.9172204101338188,0.0,46,1
11,0.7371471195653964,0.5351618085750085,PBC,0.5,POLFED,2.684339544879915,0.0,46,1
11,0.3735735597826982,0.1715882487923103,PBC,0.5,POLFED,2.730852902658777,0.0,46,1
11,0.01,0.5351618085750085,PBC,0.5,POLFED,0.0229508199616751,0.0,46,1
11,0.2523823731884654,0.3735735597826982,PBC,0.5,POLFED,2.4045494926356987,0.0,46,1
11,0.575558870773086,0.1311911865942327,PBC,0.5,POLFED,2.82187291820859,0.0,46,1
11,0.6159559329711636,0.4947647463769309,PBC,0.5,POLFED,3.0790586359408567,0.0,46,1
11,0.292779435386543,0.5351618085750085,PBC,0.5,POLFED,2.7361152208784567,0.0,46,1
11,0.7371471195653964,0.2523823731884654,PBC,0.5,POLFED,2.530162356342,0.0,46,1
11,0.292779435386543,0.2119853109903878,PBC,0.5,POLFED,1.9583172215193567,0.0,46,1
11,0.1311911865942327,0.3735735597826982,PBC,0.5,POLFED,0.6329845861965996,0.0,46,1
11,0.575558870773086,0.6159559329711636,PBC,0.5,POLFED,3.1074456878274,0.0,46,1
11,0.01,0.2119853109903878,PBC,0.5,POLFED,0.0133726075241885,0.0,46,1
11,0.2523823731884654,0.4139706219807757,PBC,0.5,POLFED,2.3172370198741548,0.0,46,1
11,0.7371471195653964,0.2119853109903878,PBC,0.5,POLFED,2.576997589321511,0.0,46,1
11,0.4947647463769309,0.0907941243961551,PBC,0.5,POLFED,2.6506185124760724,0.0,46,1
11,0.4139706219807757,0.3331764975846206,PBC,0.5,POLFED,3.019251310817064,0.0,46,1
11,0.7775441817634738,0.0503970621980775,PBC,0.5,POLFED,2.0582085359095075,0.0,46,1
11,0.292779435386543,0.0503970621980775,PBC,0.5,POLFED,1.5691436592702923,0.0,46,1
11,0.575558870773086,0.4139706219807757,PBC,0.5,POLFED,3.087533340111431,0.0,46,1
11,0.4543676841788533,0.2119853109903878,PBC,0.5,POLFED,2.865443053406577,0.0,46,1
11,0.5351618085750085,0.1715882487923103,PBC,0.5,POLFED,2.9974144407577628,0.0,46,1
11,0.2523823731884654,0.6159559329711636,PBC,0.5,POLFED,2.542860251766754,0.0,46,1
11,0.1311911865942327,0.1311911865942327,PBC,0.5,POLFED,0.6727448647625384,0.0,46,1
11,0.4543676841788533,0.2523823731884654,PBC,0.5,POLFED,3.0086588897156257,0.0,46,1
11,0.1311911865942327,0.6159559329711636,PBC,0.5,POLFED,1.0145215603799118,0.0,46,1
11,0.2523823731884654,0.1311911865942327,PBC,0.5,POLFED,1.6685405973764902,0.0,46,1
11,0.01,0.6967500573673188,PBC,0.5,POLFED,0.062062230157363,0.0,46,1
11,0.575558870773086,0.3735735597826982,PBC,0.5,POLFED,3.0900329845365944,0.0,46,1
11,0.6159559329711636,0.7371471195653964,PBC,0.5,POLFED,3.105871980557113,0.0,46,1
11,0.292779435386543,0.6967500573673188,PBC,0.5,POLFED,2.8576996268142585,0.0,46,1
11,0.4543676841788533,0.5351618085750085,PBC,0.5,POLFED,3.097559074784237,0.0,46,1
11,0.7371471195653964,0.6967500573673188,PBC,0.5,POLFED,2.693858970280264,0.0,46,1
11,0.0503970621980775,0.4947647463769309,PBC,0.5,POLFED,0.1621195576308087,0.0,46,1
11,0.2119853109903878,0.3331764975846206,PBC,0.5,POLFED,1.6299979758957186,0.0,46,1
11,0.4139706219807757,0.01,PBC,0.5,POLFED,1.4712459178146309,0.0,46,1
11,0.4947647463769309,0.6563529951692412,PBC,0.5,POLFED,3.0972901165150293,0.0,46,1
11,0.1311911865942327,0.3331764975846206,PBC,0.5,POLFED,0.8817769915708155,0.0,46,1
11,0.4139706219807757,0.3735735597826982,PBC,0.5,POLFED,3.0399841589833896,0.0,46,1
11,0.0907941243961551,0.5351618085750085,PBC,0.5,POLFED,0.5279150204966662,0.0,46,1
11,0.6967500573673188,0.4139706219807757,PBC,0.5,POLFED,2.796138822413216,0.0,46,1
11,0.6563529951692412,0.2119853109903878,PBC,0.5,POLFED,2.9942526182806604,0.0,46,1
11,0.3331764975846206,0.4139706219807757,PBC,0.5,POLFED,2.874175572707166,0.0,46,1
11,0.4947647463769309,0.575558870773086,PBC,0.5,POLFED,3.1074417758624007,0.0,46,1
11,0.2119853109903878,0.6159559329711636,PBC,0.5,POLFED,2.344879597690593,0.0,46,1
11,0.0907941243961551,0.2523823731884654,PBC,0.5,POLFED,0.373582608703652,0.0,46,1
11,0.5351618085750085,0.7371471195653964,PBC,0.5,POLFED,3.111611018874727,0.0,46,1
11,0.7775441817634738,0.4139706219807757,PBC,0.5,POLFED,2.231999287412599,0.0,46,1
11,0.1715882487923103,0.4947647463769309,PBC,0.5,POLFED,1.6793341476433192,0.0,46,1
11,0.4139706219807757,0.4139706219807757,PBC,0.5,POLFED,3.0385985377136064,0.0,46,1
11,0.2119853109903878,0.1311911865942327,PBC,0.5,POLFED,0.7601541394291431,0.0,46,1
11,0.6967500573673188,0.3735735597826982,PBC,0.5,POLFED,2.914019627946549,0.0,46,1
11,0.3735735597826982,0.4947647463769309,PBC,0.5,POLFED,3.027201007198433,0.0,46,1
11,0.6563529951692412,0.5351618085750085,PBC,0.5,POLFED,3.074008381699425,0.0,46,1
11,0.0907941243961551,0.2119853109903878,PBC,0.5,POLFED,0.3387481412883112,0.0,46,1
11,0.6159559329711636,0.1715882487923103,PBC,0.5,POLFED,2.97629148077116,0.0,46,1
11,0.3331764975846206,0.3735735597826982,PBC,0.5,POLFED,2.8953976531274543,0.0,46,1
11,0.7775441817634738,0.3735735597826982,PBC,0.5,POLFED,2.1757997437544314,0.0,46,1
11,0.6563529951692412,0.2523823731884654,PBC,0.5,POLFED,3.0033106857023726,0.0,46,1
11,0.2523823731884654,0.3331764975846206,PBC,0.5,POLFED,2.295384496938885,0.0,46,1
11,0.0907941243961551,0.1311911865942327,PBC,0.5,POLFED,0.1417741921906082,0.0,46,1
11,0.4139706219807757,0.6967500573673188,PBC,0.5,POLFED,3.082026895000796,0.0,46,1
11,0.4947647463769309,0.1715882487923103,PBC,0.5,POLFED,2.975087180850723,0.0,46,1
11,0.2119853109903878,0.2119853109903878,PBC,0.5,POLFED,1.083266558671988,0.0,46,1
11,0.6563529951692412,0.6159559329711636,PBC,0.5,POLFED,3.049610026404212,0.0,46,1
11,0.6159559329711636,0.0503970621980775,PBC,0.5,POLFED,2.525792242098946,0.0,46,1
11,0.4543676841788533,0.3331764975846206,PBC,0.5,POLFED,3.0672684337123868,0.0,46,1
11,0.0503970621980775,0.4543676841788533,PBC,0.5,POLFED,0.1336044155164404,0.0,46,1
11,0.292779435386543,0.01,PBC,0.5,POLFED,1.0360235839163934,0.0,46,1
11,0.6159559329711636,0.6563529951692412,PBC,0.5,POLFED,3.087040484453284,0.0,46,1
11,0.6563529951692412,0.1311911865942327,PBC,0.5,POLFED,2.7873520547139363,0.0,46,1
11,0.3735735597826982,0.0907941243961551,PBC,0.5,POLFED,2.1660052414769466,0.0,46,1
11,0.6967500573673188,0.6967500573673188,PBC,0.5,POLFED,2.919836614564845,0.0,46,1
11,0.2119853109903878,0.5351618085750085,PBC,0.5,POLFED,2.294285128411684,0.0,46,1
11,0.1715882487923103,0.0907941243961551,PBC,0.5,POLFED,0.5092234362288284,0.0,46,1
11,0.7775441817634738,0.6967500573673188,PBC,0.5,POLFED,2.2114187533128207,0.0,46,1
11,0.0503970621980775,0.292779435386543,PBC,0.5,POLFED,0.1900138698220726,0.0,46,1
11,0.3331764975846206,0.0503970621980775,PBC,0.5,POLFED,1.4800016435898404,0.0,46,1
11,0.3331764975846206,0.6967500573673188,PBC,0.5,POLFED,2.952232281906559,0.0,46,1
11,0.2119853109903878,0.2523823731884654,PBC,0.5,POLFED,1.487613164242285,0.0,46,1
11,0.0907941243961551,0.6159559329711636,PBC,0.5,POLFED,0.4912661508513908,0.0,46,1
11,0.6159559329711636,0.575558870773086,PBC,0.5,POLFED,3.1044830992341024,0.0,46,1
11,0.0503970621980775,0.7775441817634738,PBC,0.5,POLFED,0.0784500094509271,0.0,46,1
11,0.4947647463769309,0.7371471195653964,PBC,0.5,POLFED,3.1146127021130257,0.0,46,1
11,0.5351618085750085,0.575558870773086,PBC,0.5,POLFED,3.110188691377364,0.0,46,1
11,0.1311911865942327,0.2523823731884654,PBC,0.5,POLFED,0.5968592299849745,0.0,46,1
11,0.4543676841788533,0.6159559329711636,PBC,0.5,POLFED,3.096577708986937,0.0,46,1
11,0.01,0.4139706219807757,PBC,0.5,POLFED,0.003253503022195,0.0,46,1
11,0.2119853109903878,0.01,PBC,0.5,POLFED,0.6188593695547178,0.0,46,1
11,0.1311911865942327,0.01,PBC,0.5,POLFED,0.784772657079246,0.0,46,1
11,0.292779435386543,0.4139706219807757,PBC,0.5,POLFED,2.755101361119348,0.0,46,1
11,0.1311911865942327,0.5351618085750085,PBC,0.5,POLFED,1.0800077318366823,0.0,46,1
11,0.2523823731884654,0.2119853109903878,PBC,0.5,POLFED,1.7655047993254067,0.0,46,1
11,0.7371471195653964,0.4139706219807757,PBC,0.5,POLFED,2.6356549954744617,0.0,46,1
11,0.0907941243961551,0.3331764975846206,PBC,0.5,POLFED,0.3228561679310451,0.0,46,1
11,0.5351618085750085,0.6563529951692412,PBC,0.5,POLFED,3.102953155712211,0.0,46,1
11,0.0503970621980775,0.0907941243961551,PBC,0.5,POLFED,0.2692906284171962,0.0,46,1
11,0.3735735597826982,0.292779435386543,PBC,0.5,POLFED,2.9362619537255483,0.0,46,1
11,0.6563529951692412,0.3331764975846206,PBC,0.5,POLFED,3.0522999125910766,0.0,46,1
11,0.3735735597826982,0.7775441817634738,PBC,0.5,POLFED,3.078097938854344,0.0,46,1
11,0.1715882487923103,0.7775441817634738,PBC,0.5,POLFED,1.6046292516094507,0.0,46,1
11,0.1715882487923103,0.292779435386543,PBC,0.5,POLFED,1.030451510978401,0.0,46,1
11,0.3735735597826982,0.4543676841788533,PBC,0.5,POLFED,2.999375069486537,0.0,46,1
11,0.1715882487923103,0.4543676841788533,PBC,0.5,POLFED,1.6212254163843915,0.0,46,1
11,0.292779435386543,0.3735735597826982,PBC,0.5,POLFED,2.8087155907225267,0.0,46,1
11,0.2523823731884654,0.5351618085750085,PBC,0.5,POLFED,2.5385798189360265,0.0,46,1
11,0.1311911865942327,0.2119853109903878,PBC,0.5,POLFED,0.9536434386683852,0.0,46,1
11,0.01,0.3735735597826982,PBC,0.5,POLFED,0.0083841874085717,0.0,46,1
11,0.575558870773086,0.6967500573673188,PBC,0.5,POLFED,3.114366218470757,0.0,46,1
11,0.7371471195653964,0.3735735597826982,PBC,0.5,POLFED,2.759913634096733,0.0,46,1
11,0.4543676841788533,0.1311911865942327,PBC,0.5,POLFED,2.746891807167616,0.0,46,1
11,0.2523823731884654,0.2523823731884654,PBC,0.5,POLFED,2.189616421392781,0.0,46,1
11,0.3735735597826982,0.575558870773086,PBC,0.5,POLFED,3.0672244074670862,0.0,46,1
11,0.7371471195653964,0.1311911865942327,PBC,0.5,POLFED,2.352671486126729,0.0,46,1
11,0.4543676841788533,0.3735735597826982,PBC,0.5,POLFED,3.063191194401077,0.0,46,1
11,0.575558870773086,0.2523823731884654,PBC,0.5,POLFED,3.0365921465785566,0.0,46,1
11,0.1715882487923103,0.575558870773086,PBC,0.5,POLFED,1.5073635554574047,0.0,46,1
11,0.0907941243961551,0.01,PBC,0.5,POLFED,0.161442067911946,0.0,46,1
11,0.6159559329711636,0.0907941243961551,PBC,0.5,POLFED,2.701445616106553,0.0,46,1
11,0.292779435386543,0.1311911865942327,PBC,0.5,POLFED,1.7951785440765848,0.0,46,1
11,0.575558870773086,0.5351618085750085,PBC,0.5,POLFED,3.1043664433535123,0.0,46,1
11,0.2523823731884654,0.6967500573673188,PBC,0.5,POLFED,2.676349610624537,0.0,46,1
11,0.01,0.1311911865942327,PBC,0.5,POLFED,0.0021035244226606,0.0,46,1
11,0.3735735597826982,0.6563529951692412,PBC,0.5,POLFED,3.059109329126773,0.0,46,1
11,0.1715882487923103,0.6563529951692412,PBC,0.5,POLFED,1.6687079262307842,0.0,46,1
11,0.1715882487923103,0.01,PBC,0.5,POLFED,0.5746932518664789,0.0,46,1
11,0.4947647463769309,0.0503970621980775,PBC,0.5,POLFED,2.49121705746376,0.0,46,1
11,0.5351618085750085,0.292779435386543,PBC,0.5,POLFED,3.0899644916784688,0.0,46,1
11,0.5351618085750085,0.7775441817634738,PBC,0.5,POLFED,3.103275687765644,0.0,46,1
11,0.1311911865942327,0.6967500573673188,PBC,0.5,POLFED,1.0781225175542195,0.0,46,1
11,0.01,0.6159559329711636,PBC,0.5,POLFED,0.0047190675087346,0.0,46,1
11,0.575558870773086,0.2119853109903878,PBC,0.5,POLFED,3.007879635190178,0.0,46,1
11,0.5351618085750085,0.4543676841788533,PBC,0.5,POLFED,3.102143958849439,0.0,46,1
11,0.292779435386543,0.6159559329711636,PBC,0.5,POLFED,2.8312440052061163,0.0,46,1
11,0.4543676841788533,0.4139706219807757,PBC,0.5,POLFED,3.0765059012496176,0.0,46,1
11,0.4947647463769309,0.4947647463769309,PBC,0.5,POLFED,3.095257406188626,0.0,46,1
11,0.7371471195653964,0.6159559329711636,PBC,0.5,POLFED,2.7041499567403253,0.0,46,1
11,0.6967500573673188,0.2523823731884654,PBC,0.5,POLFED,2.8240317125891465,0.0,46,1
11,0.4139706219807757,0.2119853109903878,PBC,0.5,POLFED,2.8804271731668805,0.0,46,1
11,0.7775441817634738,0.5351618085750085,PBC,0.5,POLFED,1.6335614137251384,0.0,46,1
11,0.3331764975846206,0.5351618085750085,PBC,0.5,POLFED,2.984956582748017,0.0,46,1
11,0.3735735597826982,0.01,PBC,0.5,POLFED,1.3198316133429295,0.0,46,1
11,0.7775441817634738,0.2523823731884654,PBC,0.5,POLFED,2.2587974510388737,0.0,46,1
11,0.6563529951692412,0.3735735597826982,PBC,0.5,POLFED,3.048390894259058,0.0,46,1
11,0.0907941243961551,0.4139706219807757,PBC,0.5,POLFED,0.3674287083505566,0.0,46,1
11,0.6967500573673188,0.5351618085750085,PBC,0.5,POLFED,3.013905304366052,0.0,46,1
11,0.2119853109903878,0.6967500573673188,PBC,0.5,POLFED,2.2887686085438066,0.0,46,1
11,0.0503970621980775,0.6563529951692412,PBC,0.5,POLFED,0.1557736550794147,0.0,46,1
11,0.6159559329711636,0.4543676841788533,PBC,0.5,POLFED,3.085165123905898,0.0,46,1
11,0.3331764975846206,0.2523823731884654,PBC,0.5,POLFED,2.6396134857110853,0.0,46,1
11,0.292779435386543,0.3331764975846206,PBC,0.5,POLFED,2.464393297267305,0.0,46,1
11,0.6159559329711636,0.292779435386543,PBC,0.5,POLFED,3.008264234167723,0.0,46,1
11,0.01,0.3331764975846206,PBC,0.5,POLFED,0.0019785149886112,0.0,46,1
11,0.6159559329711636,0.7775441817634738,PBC,0.5,POLFED,3.079616159437892,0.0,46,1
11,0.0503970621980775,0.575558870773086,PBC,0.5,POLFED,0.2765576831207344,0.0,46,1
11,0.7371471195653964,0.3331764975846206,PBC,0.5,POLFED,2.6089703261403026,0.0,46,1
11,0.3331764975846206,0.01,PBC,0.5,POLFED,1.2825271981055149,0.0,46,1
11,0.5351618085750085,0.0907941243961551,PBC,0.5,POLFED,2.621163723506488,0.0,46,1
11,0.6967500573673188,0.2119853109903878,PBC,0.5,POLFED,2.8561678948009943,0.0,46,1
11,0.4139706219807757,0.2523823731884654,PBC,0.5,POLFED,2.964391116532468,0.0,46,1
11,0.0907941243961551,0.3735735597826982,PBC,0.5,POLFED,0.2337212523227931,0.0,46,1
11,0.6563529951692412,0.4139706219807757,PBC,0.5,POLFED,2.9869681637464223,0.0,46,1
11,0.3331764975846206,0.2119853109903878,PBC,0.5,POLFED,2.753543800969663,0.0,46,1
11,0.7775441817634738,0.2119853109903878,PBC,0.5,POLFED,2.247692522160602,0.0,46,1
11,0.4139706219807757,0.5351618085750085,PBC,0.5,POLFED,3.0578949392619506,0.0,46,1
11,0.1311911865942327,0.6563529951692412,PBC,0.5,POLFED,0.9388179660004732,0.0,46,1
11,0.4947647463769309,0.3331764975846206,PBC,0.5,POLFED,3.0749225184583064,0.0,46,1
11,0.1311911865942327,0.575558870773086,PBC,0.5,POLFED,0.7323019929148257,0.0,46,1
11,0.5351618085750085,0.2523823731884654,PBC,0.5,POLFED,3.0540474099588217,0.0,46,1
11,0.0907941243961551,0.7371471195653964,PBC,0.5,POLFED,0.303846774833234,0.0,46,1
11,0.4139706219807757,0.0907941243961551,PBC,0.5,POLFED,2.6112344880256377,0.0,46,1
11,0.5351618085750085,0.5351618085750085,PBC,0.5,POLFED,3.106923944574946,0.0,46,1
11,0.01,0.01,PBC,0.5,POLFED,0.0019212124349019,0.0,46,1
11,0.6967500573673188,0.0907941243961551,PBC,0.5,POLFED,2.4896758731195736,0.0,46,1
11,0.3735735597826982,0.6967500573673188,PBC,0.5,POLFED,3.05857680364674,0.0,46,1
11,0.6563529951692412,0.7371471195653964,PBC,0.5,POLFED,2.862044490391394,0.0,46,1
11,0.5351618085750085,0.2119853109903878,PBC,0.5,POLFED,3.03043982046627,0.0,46,1
11,0.4543676841788533,0.1715882487923103,PBC,0.5,POLFED,2.9136132268638404,0.0,46,1
11,0.1715882487923103,0.6967500573673188,PBC,0.5,POLFED,1.7321633564727068,0.0,46,1
11,0.575558870773086,0.4543676841788533,PBC,0.5,POLFED,3.092950223848362,0.0,46,1
11,0.7775441817634738,0.0907941243961551,PBC,0.5,POLFED,2.0558926696699005,0.0,46,1
11,0.6563529951692412,0.0503970621980775,PBC,0.5,POLFED,2.365994075042029,0.0,46,1
11,0.3331764975846206,0.0907941243961551,PBC,0.5,POLFED,2.019802617181207,0.0,46,1
11,0.2523823731884654,0.575558870773086,PBC,0.5,POLFED,2.6059439270837395,0.0,46,1
11,0.2523823731884654,0.6563529951692412,PBC,0.5,POLFED,2.613157733884073,0.0,46,1
11,0.575558870773086,0.292779435386543,PBC,0.5,POLFED,3.085898999384704,0.0,46,1
11,0.575558870773086,0.7775441817634738,PBC,0.5,POLFED,3.1183055271495705,0.0,46,1
11,0.4139706219807757,0.7775441817634738,PBC,0.5,POLFED,3.061055550429416,0.0,46,1
11,0.4139706219807757,0.292779435386543,PBC,0.5,POLFED,3.024919043928964,0.0,46,1
11,0.4947647463769309,0.1311911865942327,PBC,0.5,POLFED,2.898225087328242,0.0,46,1
11,0.4139706219807757,0.4543676841788533,PBC,0.5,POLFED,3.0633774787362094,0.0,46,1
11,0.6967500573673188,0.01,PBC,0.5,POLFED,2.05288511334919,0.0,46,1
11,0.0907941243961551,0.1715882487923103,PBC,0.5,POLFED,0.4408544458978901,0.0,46,1
11,0.6159559329711636,0.2119853109903878,PBC,0.5,POLFED,3.0239693603080617,0.0,46,1
11,0.0503970621980775,0.01,PBC,0.5,POLFED,0.0360412412503475,0.0,46,1
11,0.6967500573673188,0.4543676841788533,PBC,0.5,POLFED,2.951661551662506,0.0,46,1
11,0.01,0.4947647463769309,PBC,0.5,POLFED,0.0039034099484217,0.0,46,1
11,0.575558870773086,0.0907941243961551,PBC,0.5,POLFED,2.7175515476175804,0.0,46,1
11,0.292779435386543,0.4947647463769309,PBC,0.5,POLFED,2.8571509512284505,0.0,46,1
11,0.6159559329711636,0.5351618085750085,PBC,0.5,POLFED,3.097860645953795,0.0,46,1
11,0.7371471195653964,0.4947647463769309,PBC,0.5,POLFED,2.609298236342287,0.0,46,1
11,0.6563529951692412,0.1715882487923103,PBC,0.5,POLFED,2.820014382096504,0.0,46,1
11,0.7775441817634738,0.4543676841788533,PBC,0.5,POLFED,2.128756018332884,0.0,46,1
11,0.6159559329711636,0.2523823731884654,PBC,0.5,POLFED,2.9792481251283696,0.0,46,1
11,0.4947647463769309,0.6159559329711636,PBC,0.5,POLFED,3.107744803259925,0.0,46,1
11,0.3331764975846206,0.4543676841788533,PBC,0.5,POLFED,2.9593947311185063,0.0,46,1
11,0.2119853109903878,0.575558870773086,PBC,0.5,POLFED,2.38400513288635,0.0,46,1
11,0.4543676841788533,0.7371471195653964,PBC,0.5,POLFED,3.100303524950197,0.0,46,1
11,0.7775441817634738,0.292779435386543,PBC,0.5,POLFED,2.29812025736474,0.0,46,1
11,0.7775441817634738,0.7775441817634738,PBC,0.5,POLFED,1.900131052156247,0.0,46,1
11,0.2119853109903878,0.6563529951692412,PBC,0.5,POLFED,2.3288702773836056,0.0,46,1
11,0.3331764975846206,0.7775441817634738,PBC,0.5,POLFED,2.9977422673970624,0.0,46,1
11,0.3331764975846206,0.292779435386543,PBC,0.5,POLFED,2.736063628688519,0.0,46,1
11,0.0503970621980775,0.6967500573673188,PBC,0.5,POLFED,0.4023637290026204,0.0,46,1
11,0.6967500573673188,0.292779435386543,PBC,0.5,POLFED,2.8700434585254064,0.0,46,1
11,0.6967500573673188,0.7775441817634738,PBC,0.5,POLFED,2.871226178198225,0.0,46,1
11,0.7775441817634738,0.6563529951692412,PBC,0.5,POLFED,1.892590531161603,0.0,46,1
11,0.3331764975846206,0.6563529951692412,PBC,0.5,POLFED,3.0526632801363967,0.0,46,1
11,0.2119853109903878,0.7775441817634738,PBC,0.5,POLFED,2.05099674296958,0.0,46,1
11,0.0503970621980775,0.2523823731884654,PBC,0.5,POLFED,0.0907511311472494,0.0,46,1
11,0.4543676841788533,0.01,PBC,0.5,POLFED,1.8719129448611167,0.0,46,1
11,0.575558870773086,0.0503970621980775,PBC,0.5,POLFED,2.4317814763993617,0.0,46,1
11,0.2119853109903878,0.292779435386543,PBC,0.5,POLFED,1.9122560826195576,0.0,46,1
11,0.6967500573673188,0.6563529951692412,PBC,0.5,POLFED,2.8941953924834025,0.0,46,1
11,0.3735735597826982,0.0503970621980775,PBC,0.5,POLFED,1.517572518582342,0.0,46,1
11,0.0503970621980775,0.5351618085750085,PBC,0.5,POLFED,0.0975353622217331,0.0,46,1
11,0.7371471195653964,0.7371471195653964,PBC,0.5,POLFED,2.659032094536163,0.0,46,1
11,0.6967500573673188,0.575558870773086,PBC,0.5,POLFED,2.906659905149233,0.0,46,1
11,0.7775441817634738,0.01,PBC,0.5,POLFED,2.160241398609489,0.0,46,1
11,0.6967500573673188,0.0503970621980775,PBC,0.5,POLFED,2.3773873734129265,0.0,46,1
11,0.4543676841788533,0.4947647463769309,PBC,0.5,POLFED,3.096225440739312,0.0,46,1
11,0.7371471195653964,0.01,PBC,0.5,POLFED,2.216337848080953,0.0,46,1
11,0.4947647463769309,0.4139706219807757,PBC,0.5,POLFED,3.1009290453591056,0.0,46,1
11,0.7775441817634738,0.575558870773086,PBC,0.5,POLFED,2.497765881754556,0.0,46,1
11,0.2119853109903878,0.4543676841788533,PBC,0.5,POLFED,2.043920663185025,0.0,46,1
11,0.01,0.7371471195653964,PBC,0.5,POLFED,0.0552922690353085,0.0,46,1
11,0.3331764975846206,0.575558870773086,PBC,0.5,POLFED,2.9838311829874176,0.0,46,1
11,0.2523823731884654,0.0907941243961551,PBC,0.5,POLFED,1.01847418207431,0.0,46,1
11,0.292779435386543,0.7371471195653964,PBC,0.5,POLFED,2.889533122592864,0.0,46,1
11,0.6159559329711636,0.6967500573673188,PBC,0.5,POLFED,3.091368235765681,0.0,46,1
11,0.1311911865942327,0.0907941243961551,PBC,0.5,POLFED,0.3552499402016885,0.0,46,1
11,0.1311911865942327,0.0503970621980775,PBC,0.5,POLFED,0.3011751659324357,0.0,46,1
11,0.4139706219807757,0.575558870773086,PBC,0.5,POLFED,3.069768823217912,0.0,46,1
11,0.4947647463769309,0.3735735597826982,PBC,0.5,POLFED,3.090103002178952,0.0,46,1
11,0.0503970621980775,0.2119853109903878,PBC,0.5,POLFED,0.0670663092966446,0.0,46,1
11,0.4139706219807757,0.6563529951692412,PBC,0.5,POLFED,3.0715653425918577,0.0,46,1
11,0.2523823731884654,0.292779435386543,PBC,0.5,POLFED,2.214992218154529,0.0,46,1
11,0.2523823731884654,0.7775441817634738,PBC,0.5,POLFED,2.600126964264992,0.0,46,1
11,0.575558870773086,0.6563529951692412,PBC,0.5,POLFED,3.1122781835094595,0.0,46,1
11,0.3735735597826982,0.2523823731884654,PBC,0.5,POLFED,2.822509790411409,0.0,46,1
11,0.292779435386543,0.1715882487923103,PBC,0.5,POLFED,2.076258605931156,0.0,46,1
11,0.01,0.1715882487923103,PBC,0.5,POLFED,0.010990667126274,0.0,46,1
11,0.1715882487923103,0.2523823731884654,PBC,0.5,POLFED,0.8815749865220744,0.0,46,1
11,0.575558870773086,0.575558870773086,PBC,0.5,POLFED,3.100275310057731,0.0,46,1
11,0.3735735597826982,0.5351618085750085,PBC,0.5,POLFED,3.052151825115407,0.0,46,1
11,0.7371471195653964,0.1715882487923103,PBC,0.5,POLFED,2.494619388950305,0.0,46,1
11,0.6563529951692412,0.4947647463769309,PBC,0.5,POLFED,3.0734505474419067,0.0,46,1
11,0.1715882487923103,0.5351618085750085,PBC,0.5,POLFED,1.7159884172841031,0.0,46,1
11,0.2119853109903878,0.0907941243961551,PBC,0.5,POLFED,0.768378784704399,0.0,46,1
11,0.2523823731884654,0.4543676841788533,PBC,0.5,POLFED,2.375021585663958,0.0,46,1
11,0.1311911865942327,0.4543676841788533,PBC,0.5,POLFED,0.8116580410312492,0.0,46,1
11,0.5351618085750085,0.6967500573673188,PBC,0.5,POLFED,3.106893605710239,0.0,46,1
11,0.1715882487923103,0.2119853109903878,PBC,0.5,POLFED,0.6541540981161582,0.0,46,1
11,0.3735735597826982,0.2119853109903878,PBC,0.5,POLFED,2.8615056627869784,0.0,46,1
11,0.0907941243961551,0.4947647463769309,PBC,0.5,POLFED,0.5228993374194955,0.0,46,1
11,0.1311911865942327,0.7775441817634738,PBC,0.5,POLFED,0.986317047408472,0.0,46,1
11,0.1311911865942327,0.292779435386543,PBC,0.5,POLFED,0.6448944527045309,0.0,46,1
11,0.0503970621980775,0.3331764975846206,PBC,0.5,POLFED,0.0985288902428551,0.0,46,1
11,0.575558870773086,0.1715882487923103,PBC,0.5,POLFED,2.9741522933620685,0.0,46,1
11,0.3331764975846206,0.7371471195653964,PBC,0.5,POLFED,2.9852695290587152,0.0,46,1
11,0.01,0.575558870773086,PBC,0.5,POLFED,0.0081342986542451,0.0,46,1
11,0.292779435386543,0.575558870773086,PBC,0.5,POLFED,2.8205879103118088,0.0,46,1
11,0.4543676841788533,0.4543676841788533,PBC,0.5,POLFED,3.0801380272441192,0.0,46,1
11,0.5351618085750085,0.4139706219807757,PBC,0.5,POLFED,3.095112809395008,0.0,46,1
11,0.7775441817634738,0.7371471195653964,PBC,0.5,POLFED,2.373221105448895,0.0,46,1
11,0.2119853109903878,0.4947647463769309,PBC,0.5,POLFED,2.2773899626335767,0.0,46,1
11,0.1715882487923103,0.1311911865942327,PBC,0.5,POLFED,0.7432754474305238,0.0,46,1
11,0.7371471195653964,0.575558870773086,PBC,0.5,POLFED,2.6183347309896514,0.0,46,1
11,0.6563529951692412,0.0907941243961551,PBC,0.5,POLFED,2.561807007583183,0.0,46,1
11,0.3735735597826982,0.1311911865942327,PBC,0.5,POLFED,2.1897725735386246,0.0,46,1
11,0.6967500573673188,0.7371471195653964,PBC,0.5,POLFED,2.879728185929585,0.0,46,1
11,0.0907941243961551,0.0503970621980775,PBC,0.5,POLFED,0.1971336282953656,0.0,46,1
11,0.7371471195653964,0.6563529951692412,PBC,0.5,POLFED,2.6692169045254177,0.0,46,1
11,0.01,0.6563529951692412,PBC,0.5,POLFED,0.0025178305177032,0.0,46,1
11,0.4543676841788533,0.292779435386543,PBC,0.5,POLFED,3.0313740540345124,0.0,46,1
11,0.4543676841788533,0.7775441817634738,PBC,0.5,POLFED,3.0926417235535206,0.0,46,1
11,0.292779435386543,0.6563529951692412,PBC,0.5,POLFED,2.883534738869421,0.0,46,1
11,0.7371471195653964,0.0503970621980775,PBC,0.5,POLFED,1.967654608829652,0.0,46,1
11,0.4139706219807757,0.0503970621980775,PBC,0.5,POLFED,2.097112362101826,0.0,46,1
11,0.3735735597826982,0.6159559329711636,PBC,0.5,POLFED,3.056082308622864,0.0,46,1
11,0.5351618085750085,0.3735735597826982,PBC,0.5,POLFED,3.085333574138056,0.0,46,1
11,0.1715882487923103,0.6159559329711636,PBC,0.5,POLFED,1.6761311941948578,0.0,46,1
11,0.4139706219807757,0.7371471195653964,PBC,0.5,POLFED,3.074716498047513,0.0,46,1
11,0.0907941243961551,0.0907941243961551,PBC,0.5,POLFED,0.2220963036797194,0.0,46,1
11,0.4543676841788533,0.0907941243961551,PBC,0.5,POLFED,2.652513431565924,0.0,46,1
11,0.6563529951692412,0.01,PBC,0.5,POLFED,2.238092013773071,0.0,46,1
11,0.6967500573673188,0.1715882487923103,PBC,0.5,POLFED,2.811318891870266,0.0,46,1
11,0.6159559329711636,0.3735735597826982,PBC,0.5,POLFED,3.092073498890095,0.0,46,1
11,0.3331764975846206,0.1715882487923103,PBC,0.5,POLFED,2.259037240717562,0.0,46,1
11,0.2523823731884654,0.4947647463769309,PBC,0.5,POLFED,2.575263478572019,0.0,46,1
11,0.575558870773086,0.7371471195653964,PBC,0.5,POLFED,3.0957300617886103,0.0,46,1
11,0.7775441817634738,0.1715882487923103,PBC,0.5,POLFED,2.123396897070477,0.0,46,1
11,0.6563529951692412,0.4543676841788533,PBC,0.5,POLFED,3.069467110846893,0.0,46,1
11,0.4947647463769309,0.01,PBC,0.5,POLFED,2.242498195349653,0.0,46,1
11,0.1715882487923103,0.3331764975846206,PBC,0.5,POLFED,0.8947788184470202,0.0,46,1
11,0.3735735597826982,0.3331764975846206,PBC,0.5,POLFED,2.92350983901242,0.0,46,1
11,0.6563529951692412,0.292779435386543,PBC,0.5,POLFED,3.0566853186426584,0.0,46,1
11,0.575558870773086,0.01,PBC,0.5,POLFED,2.217503388563044,0.0,46,1
11,0.6563529951692412,0.7775441817634738,PBC,0.5,POLFED,2.8832770374705508,0.0,46,1
11,0.0503970621980775,0.1311911865942327,PBC,0.5,POLFED,0.1996851774869324,0.0,46,1
11,0.0907941243961551,0.292779435386543,PBC,0.5,POLFED,0.2910022745491123,0.0,46,1
11,0.0503970621980775,0.6159559329711636,PBC,0.5,POLFED,0.1945470458683245,0.0,46,1
11,0.0907941243961551,0.7775441817634738,PBC,0.5,POLFED,0.3576894554823749,0.0,46,1
11,0.4139706219807757,0.1715882487923103,PBC,0.5,POLFED,2.9152743502916554,0.0,46,1
11,0.1311911865942327,0.4947647463769309,PBC,0.5,POLFED,0.9073329728874708,0.0,46,1
11,0.6159559329711636,0.4139706219807757,PBC,0.5,POLFED,3.070550456628589,0.0,46,1
11,0.4947647463769309,0.6967500573673188,PBC,0.5,POLFED,3.0969854559240098,0.0,46,1
11,0.0907941243961551,0.4543676841788533,PBC,0.5,POLFED,0.245096137295851,0.0,46,1
11,0.4947647463769309,0.5351618085750085,PBC,0.5,POLFED,3.098745931277082,0.0,46,1
11,0.1311911865942327,0.7371471195653964,PBC,0.5,POLFED,0.9350055991887978,0.0,46,1
11,0.6159559329711636,0.01,PBC,0.5,POLFED,2.241918408135489,0.0,46,1
11,0.0907941243961551,0.575558870773086,PBC,0.5,POLFED,0.3851448588124996,0.0,46,1
11,0.6159559329711636,0.6159559329711636,PBC,0.5,POLFED,3.1001290083352835,0.0,46,1
11,0.4947647463769309,0.2523823731884654,PBC,0.5,POLFED,3.0685758215089107,0.0,46,1
11,0.5351618085750085,0.01,PBC,0.5,POLFED,1.947553509053888,0.0,46,1
11,0.0503970621980775,0.4139706219807757,PBC,0.5,POLFED,0.1513189454437233,0.0,46,1
11,0.5351618085750085,0.3331764975846206,PBC,0.5,POLFED,3.0899720547845537,0.0,46,1
11,0.0907941243961551,0.6563529951692412,PBC,0.5,POLFED,0.7136722655379673,0.0,46,1
11,0.0503970621980775,0.3735735597826982,PBC,0.5,POLFED,0.1415674257257465,0.0,46,1
11,0.2119853109903878,0.0503970621980775,PBC,0.5,POLFED,1.6347054182594487,0.0,46,1
11,0.6563529951692412,0.6563529951692412,PBC,0.5,POLFED,3.0956076608293253,0.0,46,1
11,0.292779435386543,0.0907941243961551,PBC,0.5,POLFED,1.5180541069020692,0.0,46,1
11,0.6159559329711636,0.1311911865942327,PBC,0.5,POLFED,2.8779137034669904,0.0,46,1
11,0.575558870773086,0.4947647463769309,PBC,0.5,POLFED,3.1041271594216617,0.0,46,1
11,0.01,0.0907941243961551,PBC,0.5,POLFED,0.0399589817696731,0.0,46,1
11,0.2523823731884654,0.7371471195653964,PBC,0.5,POLFED,2.7178590462880865,0.0,46,1
11,0.4947647463769309,0.2119853109903878,PBC,0.5,POLFED,2.9563338946343207,0.0,46,1
11,0.2119853109903878,0.1715882487923103,PBC,0.5,POLFED,1.9723371002870247,0.0,46,1
11,0.7371471195653964,0.0907941243961551,PBC,0.5,POLFED,2.3473421714615763,0.0,46,1
11,0.6563529951692412,0.575558870773086,PBC,0.5,POLFED,3.089169165029683,0.0,46,1
11,0.4139706219807757,0.4947647463769309,PBC,0.5,POLFED,3.065027515265364,0.0,46,1
11,0.1715882487923103,0.4139706219807757,PBC,0.5,POLFED,1.3004300711615264,0.0,46,1
11,0.1311911865942327,0.1715882487923103,PBC,0.5,POLFED,0.4630065739186989,0.0,46,1
11,0.3735735597826982,0.4139706219807757,PBC,0.5,POLFED,2.979831349236022,0.0,46,1
11,0.5351618085750085,0.1311911865942327,PBC,0.5,POLFED,2.935074871391424,0.0,46,1
11,0.0503970621980775,0.0503970621980775,PBC,0.5,POLFED,0.0364485395565412,0.0,46,1
11,0.7371471195653964,0.7775441817634738,PBC,0.5,POLFED,2.5928878337842303,0.0,46,1
11,0.7371471195653964,0.292779435386543,PBC,0.5,POLFED,2.548905185177952,0.0,46,1
11,0.6159559329711636,0.3331764975846206,PBC,0.5,POLFED,3.054991225198328,0.0,46,1
11,0.292779435386543,0.292779435386543,PBC,0.5,POLFED,2.3792907378906403,0.0,46,1
11,0.01,0.7775441817634738,PBC,0.5,POLFED,0.0283588259108893,0.0,46,1
11,0.292779435386543,0.7775441817634738,PBC,0.5,POLFED,2.875214336982364,0.0,46,1
11,0.01,0.292779435386543,PBC,0.5,POLFED,0.0027504562076753,0.0,46,1
11,0.4543676841788533,0.6563529951692412,PBC,0.5,POLFED,3.079212578388632,0.0,46,1
11,0.01,0.4543676841788533,PBC,0.5,POLFED,0.0025775939886988,0.0,46,1
11,0.2119853109903878,0.7371471195653964,PBC,0.5,POLFED,2.1766850521653414,0.0,46,1
11,0.4543676841788533,0.575558870773086,PBC,0.5,POLFED,3.090942871170886,0.0,46,1
11,0.5351618085750085,0.6159559329711636,PBC,0.5,POLFED,3.0972403883817115,0.0,46,1
11,0.292779435386543,0.4543676841788533,PBC,0.5,POLFED,2.744088922726767,0.0,46,1
11,0.1715882487923103,0.3735735597826982,PBC,0.5,POLFED,1.5921097712377572,0.0,46,1
11,0.3735735597826982,0.3735735597826982,PBC,0.5,POLFED,2.941794219726695,0.0,46,1
11,0.6967500573673188,0.4947647463769309,PBC,0.5,POLFED,2.9206236889375945,0.0,46,1
11,0.3331764975846206,0.4947647463769309,PBC,0.5,POLFED,2.948048289121094,0.0,46,1
11,0.2523823731884654,0.1715882487923103,PBC,0.5,POLFED,1.7653890700000814,0.0,46,1
11,0.7371471195653964,0.4543676841788533,PBC,0.5,POLFED,2.688805582918896,0.0,46,1
11,0.7775441817634738,0.4947647463769309,PBC,0.5,POLFED,2.319529319926585,0.0,46,1
11,0.01,0.0503970621980775,PBC,0.5,POLFED,0.0058158434746803,0.0,46,1
13,0.1715882487923103,0.0503970621980775,PBC,0.5,POLFED,0.5715041196019608,0.0,171,1
13,0.7371471195653964,0.4139706219807757,PBC,0.5,POLFED,3.3339007748175646,0.0,171,1
13,0.1311911865942327,0.5351618085750085,PBC,0.5,POLFED,1.1859488396891185,0.0,171,1
13,0.2523823731884654,0.2119853109903878,PBC,0.5,POLFED,2.10008877916372,0.0,171,1
13,0.2523823731884654,0.0503970621980775,PBC,0.5,POLFED,1.1389845421592353,0.0,171,1
13,0.292779435386543,0.4139706219807757,PBC,0.5,POLFED,3.5436853865161915,0.0,171,1
13,0.4947647463769309,0.7371471195653964,PBC,0.5,POLFED,3.798284197188811,0.0,171,1
13,0.1311911865942327,0.2523823731884654,PBC,0.5,POLFED,0.5892635391762651,0.0,171,1
13,0.5351618085750085,0.575558870773086,PBC,0.5,POLFED,3.798301932551971,0.0,171,1
13,0.4543676841788533,0.6159559329711636,PBC,0.5,POLFED,3.797739942350825,0.0,171,1
13,0.0907941243961551,0.3331764975846206,PBC,0.5,POLFED,0.6351487212790914,0.0,171,1
13,0.5351618085750085,0.6563529951692412,PBC,0.5,POLFED,3.803217310904518,0.0,171,1
13,0.4543676841788533,0.0503970621980775,PBC,0.5,POLFED,2.939822423296837,0.0,171,1
13,0.1715882487923103,0.7775441817634738,PBC,0.5,POLFED,2.1722998878643143,0.0,171,1
13,0.1715882487923103,0.292779435386543,PBC,0.5,POLFED,1.4121614513842728,0.0,171,1
13,0.6563529951692412,0.3331764975846206,PBC,0.5,POLFED,3.781510760298162,0.0,171,1
13,0.3735735597826982,0.292779435386543,PBC,0.5,POLFED,3.7034471627742094,0.0,171,1
13,0.5351618085750085,0.0503970621980775,PBC,0.5,POLFED,3.144270742986397,0.0,171,1
13,0.3735735597826982,0.7775441817634738,PBC,0.5,POLFED,3.7764283299918655,0.0,171,1
13,0.4543676841788533,0.1311911865942327,PBC,0.5,POLFED,3.559564463186757,0.0,171,1
13,0.2523823731884654,0.2523823731884654,PBC,0.5,POLFED,2.8392874032420723,0.0,171,1
13,0.0503970621980775,0.1715882487923103,PBC,0.5,POLFED,0.2229006043554348,0.0,171,1
13,0.7371471195653964,0.3735735597826982,PBC,0.5,POLFED,3.4389708352490587,0.0,171,1
13,0.292779435386543,0.3735735597826982,PBC,0.5,POLFED,3.4695082198473752,0.0,171,1
13,0.1715882487923103,0.4543676841788533,PBC,0.5,POLFED,1.814244090297384,0.0,171,1
13,0.2523823731884654,0.5351618085750085,PBC,0.5,POLFED,3.4688763818131667,0.0,171,1
13,0.1311911865942327,0.2119853109903878,PBC,0.5,POLFED,0.6056057746524593,0.0,171,1
13,0.575558870773086,0.6967500573673188,PBC,0.5,POLFED,3.7999847945034495,0.0,171,1
13,0.2523823731884654,0.01,PBC,0.5,POLFED,1.0427128446868954,0.0,171,1
13,0.3735735597826982,0.4543676841788533,PBC,0.5,POLFED,3.73589779676459,0.0,171,1
13,0.6563529951692412,0.6159559329711636,PBC,0.5,POLFED,3.7808088697848623,0.0,171,1
13,0.2119853109903878,0.2119853109903878,PBC,0.5,POLFED,1.9510517986747344,0.0,171,1
13,0.4947647463769309,0.1715882487923103,PBC,0.5,POLFED,3.732191440331143,0.0,171,1
13,0.4139706219807757,0.6967500573673188,PBC,0.5,POLFED,3.791857147715701,0.0,171,1
13,0.0907941243961551,0.1311911865942327,PBC,0.5,POLFED,0.2925730222943222,0.0,171,1
13,0.01,0.5351618085750085,PBC,0.5,POLFED,0.0715892406335267,0.0,171,1
13,0.01,0.2523823731884654,PBC,0.5,POLFED,0.0031956706368703,0.0,171,1
13,0.01,0.01,PBC,0.5,POLFED,0.0108380921322626,0.0048662030588029,171,2
13,0.4543676841788533,0.3331764975846206,PBC,0.5,POLFED,3.783396119658768,0.0,171,1
13,0.6159559329711636,0.6563529951692412,PBC,0.5,POLFED,3.796868306474965,0.0,171,1
13,0.01,0.2119853109903878,PBC,0.5,POLFED,0.0718741930702855,0.0,171,1
13,0.3331764975846206,0.6967500573673188,PBC,0.5,POLFED,3.735062670291055,0.0,171,1
13,0.6159559329711636,0.575558870773086,PBC,0.5,POLFED,3.800805434903235,0.0,171,1
13,0.0907941243961551,0.6159559329711636,PBC,0.5,POLFED,0.3670650933492957,0.0,171,1
13,0.2119853109903878,0.2523823731884654,PBC,0.5,POLFED,1.7753290752669788,0.0,171,1
13,0.7775441817634738,0.6967500573673188,PBC,0.5,POLFED,2.906468267352209,0.0,171,1
13,0.2119853109903878,0.5351618085750085,PBC,0.5,POLFED,3.103232223114113,0.0,171,1
13,0.0503970621980775,0.7371471195653964,PBC,0.5,POLFED,0.2574145700640646,0.0,171,1
13,0.1715882487923103,0.0907941243961551,PBC,0.5,POLFED,0.9784667130550032,0.0,171,1
13,0.3735735597826982,0.0907941243961551,PBC,0.5,POLFED,3.0417517132632628,0.0,171,1
13,0.6563529951692412,0.1311911865942327,PBC,0.5,POLFED,3.6265715403809775,0.0,171,1
13,0.6967500573673188,0.6967500573673188,PBC,0.5,POLFED,3.574672776647684,0.0,171,1
13,0.2119853109903878,0.6967500573673188,PBC,0.5,POLFED,3.125081536585056,0.0,171,1
13,0.0503970621980775,0.4947647463769309,PBC,0.5,POLFED,0.2376178408550141,0.0,171,1
13,0.3331764975846206,0.2523823731884654,PBC,0.5,POLFED,3.443298631469822,0.0,171,1
13,0.6159559329711636,0.4543676841788533,PBC,0.5,POLFED,3.7940252193886894,0.0,171,1
13,0.7775441817634738,0.2523823731884654,PBC,0.5,POLFED,2.673021618572258,0.0,171,1
13,0.6563529951692412,0.3735735597826982,PBC,0.5,POLFED,3.7829898891385807,0.0,171,1
13,0.6967500573673188,0.5351618085750085,PBC,0.5,POLFED,3.744705303978804,0.0,171,1
13,0.0907941243961551,0.4139706219807757,PBC,0.5,POLFED,0.461786529563651,0.0,171,1
13,0.3331764975846206,0.5351618085750085,PBC,0.5,POLFED,3.718412448816833,0.0,171,1
13,0.6967500573673188,0.2523823731884654,PBC,0.5,POLFED,3.688924703774625,0.0,171,1
13,0.4139706219807757,0.2119853109903878,PBC,0.5,POLFED,3.682513708184337,0.0,171,1
13,0.7775441817634738,0.5351618085750085,PBC,0.5,POLFED,2.9196393017064244,0.0,171,1
13,0.7371471195653964,0.3331764975846206,PBC,0.5,POLFED,3.385049059644258,0.0,171,1
13,0.6159559329711636,0.292779435386543,PBC,0.5,POLFED,3.7882610171690354,0.0,171,1
13,0.292779435386543,0.3331764975846206,PBC,0.5,POLFED,3.4380069385406373,0.0,171,1
13,0.6159559329711636,0.7775441817634738,PBC,0.5,POLFED,3.793055158938035,0.0,171,1
13,0.01,0.6967500573673188,PBC,0.5,POLFED,0.0292198418290294,0.0,171,1
13,0.7775441817634738,0.2119853109903878,PBC,0.5,POLFED,2.74561443194536,0.0,171,1
13,0.4139706219807757,0.01,PBC,0.5,POLFED,1.822064192299487,0.0,171,1
13,0.4139706219807757,0.5351618085750085,PBC,0.5,POLFED,3.7819285389530255,0.0,171,1
13,0.7775441817634738,0.0503970621980775,PBC,0.5,POLFED,2.6102471896307176,0.0,171,1
13,0.0907941243961551,0.3735735597826982,PBC,0.5,POLFED,0.3309069302674722,0.0,171,1
13,0.3331764975846206,0.2119853109903878,PBC,0.5,POLFED,3.5283882518911587,0.0,171,1
13,0.6563529951692412,0.4139706219807757,PBC,0.5,POLFED,3.778682241054256,0.0,171,1
13,0.6967500573673188,0.2119853109903878,PBC,0.5,POLFED,3.640365849230416,0.0,171,1
13,0.292779435386543,0.0503970621980775,PBC,0.5,POLFED,1.5873605640616075,0.0,171,1
13,0.4139706219807757,0.2523823731884654,PBC,0.5,POLFED,3.715334951318122,0.0,171,1
13,0.5351618085750085,0.0907941243961551,PBC,0.5,POLFED,3.544491592434715,0.0,171,1
13,0.292779435386543,0.1311911865942327,PBC,0.5,POLFED,2.5417453654798225,0.0,171,1
13,0.6159559329711636,0.0907941243961551,PBC,0.5,POLFED,3.521323145544364,0.0,171,1
13,0.575558870773086,0.5351618085750085,PBC,0.5,POLFED,3.80298333890806,0.0,171,1
13,0.2523823731884654,0.6967500573673188,PBC,0.5,POLFED,3.4267548144739908,0.0,171,1
13,0.4543676841788533,0.3735735597826982,PBC,0.5,POLFED,3.7794811450372734,0.0,171,1
13,0.1715882487923103,0.575558870773086,PBC,0.5,POLFED,2.0994947727251807,0.0,171,1
13,0.575558870773086,0.2523823731884654,PBC,0.5,POLFED,3.787949708837109,0.0,171,1
13,0.7371471195653964,0.1311911865942327,PBC,0.5,POLFED,2.9980390285884795,0.0,171,1
13,0.3735735597826982,0.575558870773086,PBC,0.5,POLFED,3.768821057650547,0.0,171,1
13,0.1715882487923103,0.6563529951692412,PBC,0.5,POLFED,2.351838593497075,0.0,171,1
13,0.3735735597826982,0.6563529951692412,PBC,0.5,POLFED,3.763076216960745,0.0,171,1
13,0.5351618085750085,0.292779435386543,PBC,0.5,POLFED,3.790197321178103,0.0,171,1
13,0.5351618085750085,0.7775441817634738,PBC,0.5,POLFED,3.804055528980232,0.0,171,1
13,0.7371471195653964,0.6159559329711636,PBC,0.5,POLFED,3.4566749038794407,0.0,171,1
13,0.4947647463769309,0.4947647463769309,PBC,0.5,POLFED,3.7975290291741226,0.0,171,1
13,0.4543676841788533,0.4139706219807757,PBC,0.5,POLFED,3.78826342920118,0.0,171,1
13,0.01,0.0503970621980775,PBC,0.5,POLFED,0.001701431672274,0.0,171,1
13,0.1311911865942327,0.6967500573673188,PBC,0.5,POLFED,1.1339391707352071,0.0,171,1
13,0.575558870773086,0.2119853109903878,PBC,0.5,POLFED,3.782108037776729,0.0,171,1
13,0.292779435386543,0.6159559329711636,PBC,0.5,POLFED,3.620817598216275,0.0,171,1
13,0.5351618085750085,0.4543676841788533,PBC,0.5,POLFED,3.8027585268949937,0.0,171,1
13,0.7775441817634738,0.3331764975846206,PBC,0.5,POLFED,2.76293075394782,0.0,171,1
13,0.3331764975846206,0.3331764975846206,PBC,0.5,POLFED,3.577187441891576,0.0,171,1
13,0.6967500573673188,0.3331764975846206,PBC,0.5,POLFED,3.741858520260073,0.0,171,1
13,0.0503970621980775,0.7775441817634738,PBC,0.5,POLFED,0.1366626343131823,0.0,171,1
13,0.0503970621980775,0.292779435386543,PBC,0.5,POLFED,0.2226007124503392,0.0,171,1
13,0.3331764975846206,0.0503970621980775,PBC,0.5,POLFED,2.4590362133038512,0.0,171,1
13,0.7371471195653964,0.2523823731884654,PBC,0.5,POLFED,3.368419009213641,0.0,171,1
13,0.0503970621980775,0.4543676841788533,PBC,0.5,POLFED,0.1948317230597066,0.0,171,1
13,0.575558870773086,0.1311911865942327,PBC,0.5,POLFED,3.684897301369133,0.0,171,1
13,0.2523823731884654,0.3735735597826982,PBC,0.5,POLFED,3.210544445378641,0.0,171,1
13,0.292779435386543,0.5351618085750085,PBC,0.5,POLFED,3.624700580928363,0.0,171,1
13,0.6159559329711636,0.4947647463769309,PBC,0.5,POLFED,3.796570722488816,0.0,171,1
13,0.3735735597826982,0.1715882487923103,PBC,0.5,POLFED,3.481888640592873,0.0,171,1
13,0.7371471195653964,0.5351618085750085,PBC,0.5,POLFED,3.533063274288726,0.0,171,1
13,0.1311911865942327,0.4139706219807757,PBC,0.5,POLFED,0.9805239042319164,0.0,171,1
13,0.292779435386543,0.2523823731884654,PBC,0.5,POLFED,3.348386994315346,0.0,171,1
13,0.1715882487923103,0.1715882487923103,PBC,0.5,POLFED,1.7237123375377954,0.0,171,1
13,0.4543676841788533,0.6967500573673188,PBC,0.5,POLFED,3.796619821109201,0.0,171,1
13,0.6159559329711636,0.0503970621980775,PBC,0.5,POLFED,3.112924499638548,0.0,171,1
13,0.4947647463769309,0.0907941243961551,PBC,0.5,POLFED,3.483671761397572,0.0,171,1
13,0.7371471195653964,0.2119853109903878,PBC,0.5,POLFED,3.291600690480644,0.0,171,1
13,0.2523823731884654,0.4139706219807757,PBC,0.5,POLFED,3.1477020338828288,0.0,171,1
13,0.292779435386543,0.2119853109903878,PBC,0.5,POLFED,3.0086001189419225,0.0,171,1
13,0.575558870773086,0.6159559329711636,PBC,0.5,POLFED,3.799872896475834,0.0,171,1
13,0.1311911865942327,0.3735735597826982,PBC,0.5,POLFED,0.8731871260493282,0.0,171,1
13,0.292779435386543,0.01,PBC,0.5,POLFED,0.9543571406977016,0.0,171,1
13,0.4139706219807757,0.3331764975846206,PBC,0.5,POLFED,3.7672725015924566,0.0,171,1
13,0.575558870773086,0.3331764975846206,PBC,0.5,POLFED,3.7943220167130622,0.0,171,1
13,0.2119853109903878,0.01,PBC,0.5,POLFED,0.4018663469230514,0.0,171,1
13,0.1311911865942327,0.01,PBC,0.5,POLFED,0.4926583369221863,0.0,171,1
13,0.01,0.4139706219807757,PBC,0.5,POLFED,0.01436480206966,0.0,171,1
13,0.6967500573673188,0.1311911865942327,PBC,0.5,POLFED,3.4509400754691275,0.0,171,1
13,0.6563529951692412,0.6967500573673188,PBC,0.5,POLFED,3.786840834656524,0.0,171,1
13,0.3735735597826982,0.7371471195653964,PBC,0.5,POLFED,3.776641894941045,0.0,171,1
13,0.1715882487923103,0.7371471195653964,PBC,0.5,POLFED,2.540656532485232,0.0,171,1
13,0.2119853109903878,0.3735735597826982,PBC,0.5,POLFED,2.444803060970163,0.0,171,1
13,0.0503970621980775,0.0907941243961551,PBC,0.5,POLFED,0.0699201118394662,0.0,171,1
13,0.7775441817634738,0.1311911865942327,PBC,0.5,POLFED,2.68022839521126,0.0,171,1
13,0.0503970621980775,0.01,PBC,0.5,POLFED,0.1586804241293556,0.0,171,1
13,0.4139706219807757,0.6159559329711636,PBC,0.5,POLFED,3.789304317037773,0.0,171,1
13,0.3331764975846206,0.1311911865942327,PBC,0.5,POLFED,3.3728940337017965,0.0,171,1
13,0.3331764975846206,0.6159559329711636,PBC,0.5,POLFED,3.728914614109528,0.0,171,1
13,0.4947647463769309,0.4543676841788533,PBC,0.5,POLFED,3.796627820703781,0.0,171,1
13,0.0907941243961551,0.6967500573673188,PBC,0.5,POLFED,0.7557033754430396,0.0,171,1
13,0.2119853109903878,0.4139706219807757,PBC,0.5,POLFED,2.567850830960775,0.0,171,1
13,0.4139706219807757,0.1311911865942327,PBC,0.5,POLFED,3.4529195937208685,0.0,171,1
13,0.7775441817634738,0.6159559329711636,PBC,0.5,POLFED,2.6278961512248125,0.0,171,1
13,0.5351618085750085,0.4947647463769309,PBC,0.5,POLFED,3.799279267495327,0.0,171,1
13,0.6967500573673188,0.6159559329711636,PBC,0.5,POLFED,3.767336138419232,0.0,171,1
13,0.4947647463769309,0.7775441817634738,PBC,0.5,POLFED,3.800985721282132,0.0,171,1
13,0.4947647463769309,0.292779435386543,PBC,0.5,POLFED,3.7903361205109327,0.0,171,1
13,0.01,0.3735735597826982,PBC,0.5,POLFED,0.0053921738284278,0.0,171,1
13,0.01,0.1311911865942327,PBC,0.5,POLFED,0.0017429274216519,0.0,171,1
13,0.4947647463769309,0.6563529951692412,PBC,0.5,POLFED,3.799099489397007,0.0,171,1
13,0.1311911865942327,0.3331764975846206,PBC,0.5,POLFED,0.9081036552940492,0.0,171,1
13,0.0907941243961551,0.01,PBC,0.5,POLFED,0.2366508003569527,0.0,171,1
13,0.0907941243961551,0.2523823731884654,PBC,0.5,POLFED,0.4027103214371608,0.0,171,1
13,0.2119853109903878,0.6159559329711636,PBC,0.5,POLFED,3.0956583380304385,0.0,171,1
13,0.4947647463769309,0.575558870773086,PBC,0.5,POLFED,3.802362271228639,0.0,171,1
13,0.4947647463769309,0.0503970621980775,PBC,0.5,POLFED,2.9775719122900366,0.0,171,1
13,0.7775441817634738,0.4139706219807757,PBC,0.5,POLFED,2.7058489196471043,0.0,171,1
13,0.5351618085750085,0.7371471195653964,PBC,0.5,POLFED,3.8024454493976703,0.0,171,1
13,0.1715882487923103,0.01,PBC,0.5,POLFED,0.4153957451722946,0.0,171,1
13,0.3331764975846206,0.4139706219807757,PBC,0.5,POLFED,3.6635196070931175,0.0,171,1
13,0.6563529951692412,0.2119853109903878,PBC,0.5,POLFED,3.7096611179799033,0.0,171,1
13,0.6967500573673188,0.4139706219807757,PBC,0.5,POLFED,3.654806957689407,0.0,171,1
13,0.0907941243961551,0.5351618085750085,PBC,0.5,POLFED,0.6442893022772963,0.0,171,1
13,0.4139706219807757,0.3735735597826982,PBC,0.5,POLFED,3.7713944211633534,0.0,171,1
13,0.7775441817634738,0.3735735597826982,PBC,0.5,POLFED,2.79545358401614,0.0,171,1
13,0.6563529951692412,0.2523823731884654,PBC,0.5,POLFED,3.743358757662329,0.0,171,1
13,0.6159559329711636,0.1715882487923103,PBC,0.5,POLFED,3.752405866001925,0.0,171,1
13,0.0907941243961551,0.2119853109903878,PBC,0.5,POLFED,0.4872633325804762,0.0,171,1
13,0.3331764975846206,0.3735735597826982,PBC,0.5,POLFED,3.648108400183261,0.0,171,1
13,0.6967500573673188,0.3735735597826982,PBC,0.5,POLFED,3.7183543356353934,0.0,171,1
13,0.6563529951692412,0.5351618085750085,PBC,0.5,POLFED,3.788220371920183,0.0,171,1
13,0.3735735597826982,0.4947647463769309,PBC,0.5,POLFED,3.7684029198000273,0.0,171,1
13,0.1715882487923103,0.4947647463769309,PBC,0.5,POLFED,2.178688136349456,0.0,171,1
13,0.4139706219807757,0.4139706219807757,PBC,0.5,POLFED,3.779404513806824,0.0,171,1
13,0.2119853109903878,0.1311911865942327,PBC,0.5,POLFED,1.4458433688089365,0.0,171,1
13,0.2523823731884654,0.3331764975846206,PBC,0.5,POLFED,2.8669942503425725,0.0,171,1
13,0.01,0.6159559329711636,PBC,0.5,POLFED,0.0759070421885882,0.0,171,1
13,0.3735735597826982,0.01,PBC,0.5,POLFED,1.7309977661375229,0.0,171,1
13,0.2523823731884654,0.6159559329711636,PBC,0.5,POLFED,3.412432473715817,0.0,171,1
13,0.1311911865942327,0.1311911865942327,PBC,0.5,POLFED,0.4129559627673441,0.0,171,1
13,0.4543676841788533,0.2119853109903878,PBC,0.5,POLFED,3.746857592890351,0.0,171,1
13,0.5351618085750085,0.1715882487923103,PBC,0.5,POLFED,3.713212330874483,0.0,171,1
13,0.01,0.3331764975846206,PBC,0.5,POLFED,0.0017218113585889,0.0,171,1
13,0.575558870773086,0.4139706219807757,PBC,0.5,POLFED,3.7899354464584416,0.0,171,1
13,0.7371471195653964,0.6967500573673188,PBC,0.5,POLFED,3.5441159619993945,0.0,171,1
13,0.0503970621980775,0.575558870773086,PBC,0.5,POLFED,0.195272353624782,0.0,171,1
13,0.4543676841788533,0.5351618085750085,PBC,0.5,POLFED,3.798384463847186,0.0,171,1
13,0.4543676841788533,0.2523823731884654,PBC,0.5,POLFED,3.775004470101418,0.0,171,1
13,0.575558870773086,0.3735735597826982,PBC,0.5,POLFED,3.794599115305504,0.0,171,1
13,0.3331764975846206,0.01,PBC,0.5,POLFED,1.1752570697007203,0.0,171,1
13,0.1311911865942327,0.6159559329711636,PBC,0.5,POLFED,1.2786966786368272,0.0,171,1
13,0.2523823731884654,0.1311911865942327,PBC,0.5,POLFED,1.6689599328934972,0.0,171,1
13,0.292779435386543,0.6967500573673188,PBC,0.5,POLFED,3.666773235934469,0.0,171,1
13,0.6159559329711636,0.7371471195653964,PBC,0.5,POLFED,3.802476946811293,0.0,171,1
13,0.2119853109903878,0.3331764975846206,PBC,0.5,POLFED,2.729848272700121,0.0,171,1
13,0.0503970621980775,0.6563529951692412,PBC,0.5,POLFED,0.0893611014981556,0.0,171,1
13,0.7775441817634738,0.1715882487923103,PBC,0.5,POLFED,2.694020441807794,0.0,171,1
13,0.6563529951692412,0.4543676841788533,PBC,0.5,POLFED,3.7930379623569546,0.0,171,1
13,0.6159559329711636,0.3735735597826982,PBC,0.5,POLFED,3.7879114756937216,0.0,171,1
13,0.2523823731884654,0.4947647463769309,PBC,0.5,POLFED,3.3985827618291014,0.0,171,1
13,0.3331764975846206,0.1715882487923103,PBC,0.5,POLFED,3.08626445297986,0.0,171,1
13,0.575558870773086,0.7371471195653964,PBC,0.5,POLFED,3.801367960552418,0.0,171,1
13,0.6967500573673188,0.1715882487923103,PBC,0.5,POLFED,3.5651461422586848,0.0,171,1
13,0.4543676841788533,0.0907941243961551,PBC,0.5,POLFED,3.4680121081422737,0.0,171,1
13,0.6563529951692412,0.292779435386543,PBC,0.5,POLFED,3.762047478208173,0.0,171,1
13,0.3735735597826982,0.3331764975846206,PBC,0.5,POLFED,3.707699935726082,0.0,171,1
13,0.6563529951692412,0.0503970621980775,PBC,0.5,POLFED,2.974356884957135,0.0,171,1
13,0.6563529951692412,0.7775441817634738,PBC,0.5,POLFED,3.781204381005855,0.0,171,1
13,0.1715882487923103,0.3331764975846206,PBC,0.5,POLFED,1.69946653667023,0.0,171,1
13,0.0907941243961551,0.292779435386543,PBC,0.5,POLFED,0.3786798937656908,0.0,171,1
13,0.0907941243961551,0.7775441817634738,PBC,0.5,POLFED,0.6209652870946354,0.0,171,1
13,0.4947647463769309,0.6967500573673188,PBC,0.5,POLFED,3.7993696684327807,0.0,171,1
13,0.0907941243961551,0.4543676841788533,PBC,0.5,POLFED,0.5437436219463476,0.0,171,1
13,0.6159559329711636,0.4139706219807757,PBC,0.5,POLFED,3.79363173472456,0.0,171,1
13,0.1311911865942327,0.4947647463769309,PBC,0.5,POLFED,1.0206462274026276,0.0,171,1
13,0.4139706219807757,0.1715882487923103,PBC,0.5,POLFED,3.624419795775674,0.0,171,1
13,0.3735735597826982,0.1311911865942327,PBC,0.5,POLFED,3.484466488370537,0.0,171,1
13,0.6563529951692412,0.0907941243961551,PBC,0.5,POLFED,3.3918800515872976,0.0,171,1
13,0.7371471195653964,0.575558870773086,PBC,0.5,POLFED,3.50896496839345,0.0,171,1
13,0.6967500573673188,0.7371471195653964,PBC,0.5,POLFED,3.717742041524362,0.0,171,1
13,0.0503970621980775,0.6967500573673188,PBC,0.5,POLFED,0.1225711396496325,0.0,171,1
13,0.2119853109903878,0.4947647463769309,PBC,0.5,POLFED,2.699112031897243,0.0,171,1
13,0.1715882487923103,0.1311911865942327,PBC,0.5,POLFED,0.7265273427840118,0.0,171,1
13,0.7775441817634738,0.7371471195653964,PBC,0.5,POLFED,2.869764628790544,0.0,171,1
13,0.5351618085750085,0.4139706219807757,PBC,0.5,POLFED,3.7978665405063214,0.0,171,1
13,0.575558870773086,0.1715882487923103,PBC,0.5,POLFED,3.750788933537452,0.0,171,1
13,0.3331764975846206,0.7371471195653964,PBC,0.5,POLFED,3.73699390166588,0.0,171,1
13,0.292779435386543,0.575558870773086,PBC,0.5,POLFED,3.6428769519506914,0.0,171,1
13,0.4543676841788533,0.4543676841788533,PBC,0.5,POLFED,3.793875913723479,0.0,171,1
13,0.4543676841788533,0.292779435386543,PBC,0.5,POLFED,3.769978033652073,0.0,171,1
13,0.4543676841788533,0.7775441817634738,PBC,0.5,POLFED,3.79262728164614,0.0,171,1
13,0.292779435386543,0.6563529951692412,PBC,0.5,POLFED,3.648790051385021,0.0,171,1
13,0.7371471195653964,0.6563529951692412,PBC,0.5,POLFED,3.5563158083778594,0.0,171,1
13,0.6967500573673188,0.01,PBC,0.5,POLFED,2.690387778224405,0.0,171,1
13,0.01,0.4947647463769309,PBC,0.5,POLFED,0.0079477253651105,0.0,171,1
13,0.0907941243961551,0.0907941243961551,PBC,0.5,POLFED,0.5851344314776324,0.0,171,1
13,0.4139706219807757,0.7371471195653964,PBC,0.5,POLFED,3.790569387454012,0.0,171,1
13,0.1715882487923103,0.6159559329711636,PBC,0.5,POLFED,2.0846843727604223,0.0,171,1
13,0.5351618085750085,0.3735735597826982,PBC,0.5,POLFED,3.7985292941586937,0.0,171,1
13,0.3735735597826982,0.6159559329711636,PBC,0.5,POLFED,3.771434389989324,0.0,171,1
13,0.5351618085750085,0.1311911865942327,PBC,0.5,POLFED,3.6826027089893856,0.0,171,1
13,0.0503970621980775,0.2119853109903878,PBC,0.5,POLFED,0.2301674721444802,0.0,171,1
13,0.3735735597826982,0.4139706219807757,PBC,0.5,POLFED,3.7533271472584544,0.0,171,1
13,0.1311911865942327,0.1715882487923103,PBC,0.5,POLFED,0.9321207333021744,0.0,171,1
13,0.4139706219807757,0.4947647463769309,PBC,0.5,POLFED,3.7926128759523112,0.0,171,1
13,0.1715882487923103,0.4139706219807757,PBC,0.5,POLFED,1.6742898231591,0.0,171,1
13,0.4543676841788533,0.01,PBC,0.5,POLFED,2.473566337769157,0.0,171,1
13,0.1311911865942327,0.0503970621980775,PBC,0.5,POLFED,0.2428375269971509,0.0,171,1
13,0.01,0.7371471195653964,PBC,0.5,POLFED,0.0110577716965325,0.0,171,1
13,0.7775441817634738,0.01,PBC,0.5,POLFED,2.234726677738436,0.0,171,1
13,0.7371471195653964,0.01,PBC,0.5,POLFED,2.2882584903652003,0.0,171,1
13,0.292779435386543,0.292779435386543,PBC,0.5,POLFED,3.2396599681030094,0.0,171,1
13,0.6159559329711636,0.3331764975846206,PBC,0.5,POLFED,3.778843763762586,0.0,171,1
13,0.6967500573673188,0.0503970621980775,PBC,0.5,POLFED,2.829229427825561,0.0,171,1
13,0.292779435386543,0.7775441817634738,PBC,0.5,POLFED,3.660147761148648,0.0,171,1
13,0.4543676841788533,0.6563529951692412,PBC,0.5,POLFED,3.7973380758620574,0.0,171,1
13,0.7371471195653964,0.7775441817634738,PBC,0.5,POLFED,3.05886989769147,0.0,171,1
13,0.7371471195653964,0.292779435386543,PBC,0.5,POLFED,3.416693091443599,0.0,171,1
13,0.7371471195653964,0.4543676841788533,PBC,0.5,POLFED,3.4551870917519,0.0,171,1
13,0.7775441817634738,0.4947647463769309,PBC,0.5,POLFED,2.741886191233732,0.0,171,1
13,0.2523823731884654,0.1715882487923103,PBC,0.5,POLFED,2.2370331531575145,0.0,171,1
13,0.3331764975846206,0.4947647463769309,PBC,0.5,POLFED,3.700412250494502,0.0,171,1
13,0.575558870773086,0.0503970621980775,PBC,0.5,POLFED,3.2169000147455145,0.0,171,1
13,0.0503970621980775,0.2523823731884654,PBC,0.5,POLFED,0.180184426186581,0.0,171,1
13,0.3735735597826982,0.3735735597826982,PBC,0.5,POLFED,3.7427268709945087,0.0,171,1
13,0.6967500573673188,0.4947647463769309,PBC,0.5,POLFED,3.720206628466541,0.0,171,1
13,0.0503970621980775,0.5351618085750085,PBC,0.5,POLFED,0.1449205712628875,0.0,171,1
13,0.2119853109903878,0.7371471195653964,PBC,0.5,POLFED,3.074885168393288,0.0,171,1
13,0.3735735597826982,0.0503970621980775,PBC,0.5,POLFED,2.36199866104238,0.0,171,1
13,0.4543676841788533,0.575558870773086,PBC,0.5,POLFED,3.798459758202034,0.0,171,1
13,0.1715882487923103,0.3735735597826982,PBC,0.5,POLFED,1.5157550543674974,0.0,171,1
13,0.292779435386543,0.4543676841788533,PBC,0.5,POLFED,3.5320333496481933,0.0,171,1
13,0.5351618085750085,0.6159559329711636,PBC,0.5,POLFED,3.803417350545426,0.0,171,1
13,0.1311911865942327,0.7371471195653964,PBC,0.5,POLFED,1.0202873299311128,0.0,171,1
13,0.0503970621980775,0.0503970621980775,PBC,0.5,POLFED,0.0747088842539184,0.0,171,1
13,0.4947647463769309,0.2523823731884654,PBC,0.5,POLFED,3.7750525871594167,0.0,171,1
13,0.6159559329711636,0.6159559329711636,PBC,0.5,POLFED,3.7972978095934287,0.0,171,1
13,0.0907941243961551,0.575558870773086,PBC,0.5,POLFED,0.4959003705323377,0.0,171,1
13,0.4947647463769309,0.5351618085750085,PBC,0.5,POLFED,3.799778845219477,0.0,171,1
13,0.5351618085750085,0.3331764975846206,PBC,0.5,POLFED,3.7971608798106447,0.0,171,1
13,0.0907941243961551,0.6563529951692412,PBC,0.5,POLFED,0.5103305735862126,0.0,171,1
13,0.01,0.1715882487923103,PBC,0.5,POLFED,0.0583436236110875,0.0,171,1
13,0.6563529951692412,0.6563529951692412,PBC,0.5,POLFED,3.78312161474085,0.0,171,1
13,0.6563529951692412,0.575558870773086,PBC,0.5,POLFED,3.7821963266768064,0.0,171,1
13,0.7371471195653964,0.0907941243961551,PBC,0.5,POLFED,3.0165764277112483,0.0,171,1
13,0.2119853109903878,0.1715882487923103,PBC,0.5,POLFED,1.2220280552803622,0.0,171,1
13,0.4947647463769309,0.2119853109903878,PBC,0.5,POLFED,3.757880158571089,0.0,171,1
13,0.6159559329711636,0.1311911865942327,PBC,0.5,POLFED,3.613135613072553,0.0,171,1
13,0.292779435386543,0.0907941243961551,PBC,0.5,POLFED,1.8045837322366285,0.0,171,1
13,0.575558870773086,0.4947647463769309,PBC,0.5,POLFED,3.8012787948790048,0.0,171,1
13,0.2523823731884654,0.7371471195653964,PBC,0.5,POLFED,3.5287984620450814,0.0,171,1
13,0.4139706219807757,0.7775441817634738,PBC,0.5,POLFED,3.7947056065818354,0.0,171,1
13,0.4139706219807757,0.292779435386543,PBC,0.5,POLFED,3.7496452653395087,0.0,171,1
13,0.01,0.575558870773086,PBC,0.5,POLFED,0.0033120042787929,0.0,171,1
13,0.7371471195653964,0.0503970621980775,PBC,0.5,POLFED,2.709333345637077,0.0,171,1
13,0.01,0.6563529951692412,PBC,0.5,POLFED,0.0055620557543525,0.0,171,1
13,0.6159559329711636,0.2119853109903878,PBC,0.5,POLFED,3.771831787760024,0.0,171,1
13,0.4139706219807757,0.0503970621980775,PBC,0.5,POLFED,2.8920109372997347,0.0,171,1
13,0.0907941243961551,0.1715882487923103,PBC,0.5,POLFED,0.3374665935584581,0.0,171,1
13,0.4139706219807757,0.4543676841788533,PBC,0.5,POLFED,3.780920055287905,0.0,171,1
13,0.4947647463769309,0.1311911865942327,PBC,0.5,POLFED,3.6574568376860808,0.0,171,1
13,0.2119853109903878,0.575558870773086,PBC,0.5,POLFED,3.0957717827090474,0.0,171,1
13,0.3331764975846206,0.4543676841788533,PBC,0.5,POLFED,3.687739530264505,0.0,171,1
13,0.4947647463769309,0.6159559329711636,PBC,0.5,POLFED,3.799052884063775,0.0,171,1
13,0.6159559329711636,0.2523823731884654,PBC,0.5,POLFED,3.780713893026045,0.0,171,1
13,0.4543676841788533,0.7371471195653964,PBC,0.5,POLFED,3.7986747967623584,0.0,171,1
13,0.6563529951692412,0.1715882487923103,PBC,0.5,POLFED,3.678638247941241,0.0,171,1
13,0.7371471195653964,0.4947647463769309,PBC,0.5,POLFED,3.484371301259176,0.0,171,1
13,0.0907941243961551,0.0503970621980775,PBC,0.5,POLFED,0.3206870679554429,0.0,171,1
13,0.7775441817634738,0.4543676841788533,PBC,0.5,POLFED,2.930087737103884,0.0,171,1
13,0.575558870773086,0.0907941243961551,PBC,0.5,POLFED,3.521055927684917,0.0,171,1
13,0.6159559329711636,0.5351618085750085,PBC,0.5,POLFED,3.7983936626448265,0.0,171,1
13,0.292779435386543,0.4947647463769309,PBC,0.5,POLFED,3.620949869714771,0.0,171,1
13,0.6967500573673188,0.4543676841788533,PBC,0.5,POLFED,3.741868330760386,0.0,171,1
13,0.0503970621980775,0.3331764975846206,PBC,0.5,POLFED,0.0744108649780186,0.0,171,1
13,0.6967500573673188,0.292779435386543,PBC,0.5,POLFED,3.711563686352376,0.0,171,1
13,0.6967500573673188,0.7775441817634738,PBC,0.5,POLFED,3.6143320268161454,0.0,171,1
13,0.3331764975846206,0.7775441817634738,PBC,0.5,POLFED,3.729062354173815,0.0,171,1
13,0.2119853109903878,0.6563529951692412,PBC,0.5,POLFED,3.142730126311412,0.0,171,1
13,0.3331764975846206,0.292779435386543,PBC,0.5,POLFED,3.600928579649709,0.0,171,1
13,0.7775441817634738,0.292779435386543,PBC,0.5,POLFED,2.7202841776997526,0.0,171,1
13,0.7775441817634738,0.7775441817634738,PBC,0.5,POLFED,2.89382040785838,0.0,171,1
13,0.4947647463769309,0.01,PBC,0.5,POLFED,2.373855692150997,0.0,171,1
13,0.1311911865942327,0.6563529951692412,PBC,0.5,POLFED,1.5347360494863744,0.0,171,1
13,0.4947647463769309,0.3331764975846206,PBC,0.5,POLFED,3.7892648021736153,0.0,171,1
13,0.6563529951692412,0.01,PBC,0.5,POLFED,2.601555285462521,0.0,171,1
13,0.0503970621980775,0.6159559329711636,PBC,0.5,POLFED,0.063382617070342,0.0,171,1
13,0.5351618085750085,0.5351618085750085,PBC,0.5,POLFED,3.801291398255592,0.0,171,1
13,0.4139706219807757,0.0907941243961551,PBC,0.5,POLFED,3.220534071973816,0.0,171,1
13,0.5351618085750085,0.2523823731884654,PBC,0.5,POLFED,3.788254504495869,0.0,171,1
13,0.1311911865942327,0.575558870773086,PBC,0.5,POLFED,0.9834392033611082,0.0,171,1
13,0.575558870773086,0.01,PBC,0.5,POLFED,2.5871016503346578,0.0,171,1
13,0.0907941243961551,0.7371471195653964,PBC,0.5,POLFED,0.660081735267553,0.0,171,1
13,0.2523823731884654,0.575558870773086,PBC,0.5,POLFED,3.3532764253522163,0.0,171,1
13,0.3331764975846206,0.0907941243961551,PBC,0.5,POLFED,2.280181162225492,0.0,171,1
13,0.7775441817634738,0.0907941243961551,PBC,0.5,POLFED,2.650991159752072,0.0,171,1
13,0.5351618085750085,0.2119853109903878,PBC,0.5,POLFED,3.765484377499555,0.0,171,1
13,0.1715882487923103,0.6967500573673188,PBC,0.5,POLFED,2.084819136676534,0.0,171,1
13,0.4543676841788533,0.1715882487923103,PBC,0.5,POLFED,3.718493328586886,0.0,171,1
13,0.575558870773086,0.4543676841788533,PBC,0.5,POLFED,3.799084887054968,0.0,171,1
13,0.0503970621980775,0.1311911865942327,PBC,0.5,POLFED,0.0736838703999875,0.0,171,1
13,0.6967500573673188,0.0907941243961551,PBC,0.5,POLFED,3.2439662779504586,0.0,171,1
13,0.6563529951692412,0.7371471195653964,PBC,0.5,POLFED,3.794180777919607,0.0,171,1
13,0.3735735597826982,0.6967500573673188,PBC,0.5,POLFED,3.77229596859057,0.0,171,1
13,0.575558870773086,0.292779435386543,PBC,0.5,POLFED,3.791930719306297,0.0,171,1
13,0.575558870773086,0.7775441817634738,PBC,0.5,POLFED,3.801077421054496,0.0,171,1
13,0.2523823731884654,0.6563529951692412,PBC,0.5,POLFED,3.4868609597278986,0.0,171,1
13,0.575558870773086,0.6563529951692412,PBC,0.5,POLFED,3.802240724698291,0.0,171,1
13,0.6159559329711636,0.01,PBC,0.5,POLFED,2.643061136065122,0.0,171,1
13,0.5351618085750085,0.01,PBC,0.5,POLFED,2.354805240001965,0.0,171,1
13,0.2523823731884654,0.292779435386543,PBC,0.5,POLFED,2.987641548507327,0.0,171,1
13,0.2523823731884654,0.7775441817634738,PBC,0.5,POLFED,3.421640331673508,0.0,171,1
13,0.1715882487923103,0.5351618085750085,PBC,0.5,POLFED,2.1735002426617696,0.0,171,1
13,0.2523823731884654,0.4543676841788533,PBC,0.5,POLFED,3.362060966877232,0.0,171,1
13,0.2119853109903878,0.0907941243961551,PBC,0.5,POLFED,1.1631936651836352,0.0,171,1
13,0.0503970621980775,0.3735735597826982,PBC,0.5,POLFED,0.1172712330267856,0.0,171,1
13,0.6563529951692412,0.4947647463769309,PBC,0.5,POLFED,3.7887431021796254,0.0,171,1
13,0.7371471195653964,0.1715882487923103,PBC,0.5,POLFED,3.117824317774842,0.0,171,1
13,0.3735735597826982,0.5351618085750085,PBC,0.5,POLFED,3.7687711256639096,0.0,171,1
13,0.2119853109903878,0.0503970621980775,PBC,0.5,POLFED,0.9441830956820936,0.0,171,1
13,0.292779435386543,0.1715882487923103,PBC,0.5,POLFED,2.467642039619479,0.0,171,1
13,0.575558870773086,0.575558870773086,PBC,0.5,POLFED,3.798115119854348,0.0,171,1
13,0.1715882487923103,0.2523823731884654,PBC,0.5,POLFED,1.3504273758612828,0.0,171,1
13,0.3735735597826982,0.2523823731884654,PBC,0.5,POLFED,3.6534257700410016,0.0,171,1
13,0.0503970621980775,0.4139706219807757,PBC,0.5,POLFED,0.3264739772577762,0.0,171,1
13,0.0907941243961551,0.4947647463769309,PBC,0.5,POLFED,0.5222787166776832,0.0,171,1
13,0.3735735597826982,0.2119853109903878,PBC,0.5,POLFED,3.514738643063306,0.0,171,1
13,0.1311911865942327,0.4543676841788533,PBC,0.5,POLFED,0.9821639461702524,0.0,171,1
13,0.5351618085750085,0.6967500573673188,PBC,0.5,POLFED,3.8011849168908505,0.0,171,1
13,0.1715882487923103,0.2119853109903878,PBC,0.5,POLFED,1.2693698387961476,0.0,171,1
13,0.1311911865942327,0.7775441817634738,PBC,0.5,POLFED,1.2956937629393028,0.0,171,1
13,0.1311911865942327,0.292779435386543,PBC,0.5,POLFED,0.9313767824622954,0.0,171,1
13,0.01,0.0907941243961551,PBC,0.5,POLFED,0.014329780011621,0.0,171,1
13,0.6967500573673188,0.6563529951692412,PBC,0.5,POLFED,3.75728852728626,0.0,171,1
13,0.2119853109903878,0.7775441817634738,PBC,0.5,POLFED,3.043956762494966,0.0,171,1
13,0.3331764975846206,0.6563529951692412,PBC,0.5,POLFED,3.749203514832494,0.0,171,1
13,0.2119853109903878,0.292779435386543,PBC,0.5,POLFED,2.145438880422555,0.0,171,1
13,0.7775441817634738,0.6563529951692412,PBC,0.5,POLFED,2.9382643046292425,0.0,171,1
13,0.2523823731884654,0.0907941243961551,PBC,0.5,POLFED,1.5947358498071913,0.0,171,1
13,0.3331764975846206,0.575558870773086,PBC,0.5,POLFED,3.710309892093145,0.0,171,1
13,0.2119853109903878,0.4543676841788533,PBC,0.5,POLFED,2.651466377512497,0.0,171,1
13,0.6159559329711636,0.6967500573673188,PBC,0.5,POLFED,3.8012931668981618,0.0,171,1
13,0.292779435386543,0.7371471195653964,PBC,0.5,POLFED,3.66117146261532,0.0,171,1
13,0.4947647463769309,0.4139706219807757,PBC,0.5,POLFED,3.796389549873075,0.0,171,1
13,0.7775441817634738,0.575558870773086,PBC,0.5,POLFED,2.936294189766531,0.0,171,1
13,0.4543676841788533,0.4947647463769309,PBC,0.5,POLFED,3.800953407970259,0.0,171,1
13,0.7371471195653964,0.7371471195653964,PBC,0.5,POLFED,3.109440578225238,0.0,171,1
13,0.6967500573673188,0.575558870773086,PBC,0.5,POLFED,3.753365995247374,0.0,171,1
13,0.01,0.292779435386543,PBC,0.5,POLFED,0.020154939094771,0.0,171,1
13,0.01,0.7775441817634738,PBC,0.5,POLFED,0.0091898803556131,0.0,171,1
13,0.4947647463769309,0.3735735597826982,PBC,0.5,POLFED,3.800854490698264,0.0,171,1
13,0.4139706219807757,0.575558870773086,PBC,0.5,POLFED,3.783080536845011,0.0,171,1
13,0.1311911865942327,0.0907941243961551,PBC,0.5,POLFED,0.4788383921087076,0.0,171,1
13,0.4139706219807757,0.6563529951692412,PBC,0.5,POLFED,3.7863403561312174,0.0,171,1
13,0.01,0.4543676841788533,PBC,0.5,POLFED,0.0417022650866721,0.0,171,1
14,0.0503970621980775,0.4947647463769309,PBC,0.0,POLFED,0.2119209638104265,0.0,343,1
14,0.3735735597826982,0.6563529951692412,PBC,0.0,POLFED,4.23669079508619,0.0,343,1
14,0.1715882487923103,0.6563529951692412,PBC,0.0,POLFED,2.644425997125824,0.0,343,1
14,0.3735735597826982,0.575558870773086,PBC,0.0,POLFED,4.2346509153682685,0.0,343,1
14,0.7371471195653964,0.1311911865942327,PBC,0.0,POLFED,1.8065606395969085,1.8065606395969085,343,2
14,0.4543676841788533,0.3735735597826982,PBC,0.0,POLFED,4.250313963106428,0.0,343,1
14,0.1715882487923103,0.575558870773086,PBC,0.0,POLFED,2.4272455879422767,0.0,343,1
14,0.7775441817634738,0.1311911865942327,PBC,0.0,POLFED,1.4977584736049296,1.497758472988553,343,2
14,0.575558870773086,0.2523823731884654,PBC,0.0,POLFED,4.254148961402089,0.0,343,1
14,0.0503970621980775,0.0503970621980775,PBC,0.0,POLFED,0.1090255623713006,0.0,343,1
14,0.292779435386543,0.1311911865942327,PBC,0.0,POLFED,3.00103203116282,0.0,343,1
14,0.6159559329711636,0.0907941243961551,PBC,0.0,POLFED,3.983869638864248,0.0,343,1
14,0.575558870773086,0.5351618085750085,PBC,0.0,POLFED,4.264134958513701,0.0,343,1
14,0.2523823731884654,0.6967500573673188,PBC,0.0,POLFED,4.013173731489037,0.0,343,1
14,0.1311911865942327,0.6967500573673188,PBC,0.0,POLFED,1.366626694120911,0.0,343,1
14,0.575558870773086,0.2119853109903878,PBC,0.0,POLFED,4.242764392728577,0.0,343,1
14,0.5351618085750085,0.4543676841788533,PBC,0.0,POLFED,4.264355722298705,0.0,343,1
14,0.292779435386543,0.6159559329711636,PBC,0.0,POLFED,4.131745790554443,0.0,343,1
14,0.4543676841788533,0.4139706219807757,PBC,0.0,POLFED,4.258503633421406,0.0,343,1
14,0.4947647463769309,0.4947647463769309,PBC,0.0,POLFED,4.263452714194514,0.0,343,1
14,0.2523823731884654,0.01,PBC,0.0,POLFED,0.7989571734219002,0.0,343,1
14,0.7775441817634738,0.6159559329711636,PBC,0.0,POLFED,1.832895038958799,1.832895038958799,343,2
14,0.7371471195653964,0.6159559329711636,PBC,0.0,POLFED,3.9698430360251615,0.0640356047127447,343,2
14,0.7775441817634738,0.0503970621980775,PBC,0.0,POLFED,3.354996439873772,0.1729977758844169,343,2
14,0.5351618085750085,0.292779435386543,PBC,0.0,POLFED,4.258536961834111,0.0,343,1
14,0.292779435386543,0.0503970621980775,PBC,0.0,POLFED,1.5868987181520788,0.0,343,1
14,0.5351618085750085,0.7775441817634738,PBC,0.0,POLFED,4.264738712455295,0.0,343,1
14,0.01,0.5351618085750085,PBC,0.0,POLFED,0.0035788991113799,0.0,343,1
14,0.6159559329711636,0.292779435386543,PBC,0.0,POLFED,4.257557067626012,0.0,343,1
14,0.292779435386543,0.3331764975846206,PBC,0.0,POLFED,3.8271353991082417,0.0,343,1
14,0.6159559329711636,0.7775441817634738,PBC,0.0,POLFED,4.247800709023738,0.0,343,1
14,0.7371471195653964,0.3331764975846206,PBC,0.0,POLFED,3.974213222320798,0.0846615941208623,343,2
14,0.01,0.2523823731884654,PBC,0.0,POLFED,0.0210921191449453,0.0,343,1
14,0.7775441817634738,0.3331764975846206,PBC,0.0,POLFED,1.565541843732871,1.565541843732871,343,2
14,0.6967500573673188,0.2523823731884654,PBC,0.0,POLFED,4.181853079172066,0.0,343,1
14,0.4139706219807757,0.2119853109903878,PBC,0.0,POLFED,4.176928248047712,0.0,343,1
14,0.7775441817634738,0.5351618085750085,PBC,0.0,POLFED,1.6080482074379845,1.6080482074379845,343,2
14,0.3331764975846206,0.5351618085750085,PBC,0.0,POLFED,4.197873385569786,0.0,343,1
14,0.7371471195653964,0.5351618085750085,PBC,0.0,POLFED,3.905459683281047,0.1482169203641699,343,2
14,0.7775441817634738,0.2523823731884654,PBC,0.0,POLFED,2.717904478618788,0.2097862689748281,343,2
14,0.6563529951692412,0.3735735597826982,PBC,0.0,POLFED,4.204411795642418,0.0,343,1
14,0.6967500573673188,0.5351618085750085,PBC,0.0,POLFED,4.22952950609575,0.0,343,1
14,0.0907941243961551,0.4139706219807757,PBC,0.0,POLFED,0.5476345693952734,0.0,343,1
14,0.2119853109903878,0.6967500573673188,PBC,0.0,POLFED,3.557589827575691,0.0,343,1
14,0.7371471195653964,0.2523823731884654,PBC,0.0,POLFED,3.912665652607736,0.123240631877025,343,2
14,0.6159559329711636,0.4543676841788533,PBC,0.0,POLFED,4.256973754211266,0.0,343,1
14,0.3331764975846206,0.2523823731884654,PBC,0.0,POLFED,3.978693543030861,0.0,343,1
14,0.5351618085750085,0.0907941243961551,PBC,0.0,POLFED,4.1261940288605725,0.0,343,1
14,0.6967500573673188,0.2119853109903878,PBC,0.0,POLFED,4.101390973038196,0.0,343,1
14,0.4139706219807757,0.2523823731884654,PBC,0.0,POLFED,4.1838219103302245,0.0,343,1
14,0.0907941243961551,0.3735735597826982,PBC,0.0,POLFED,0.2677734667142567,0.0,343,1
14,0.7371471195653964,0.2119853109903878,PBC,0.0,POLFED,3.9074303462060014,0.0784907039332926,343,2
14,0.3331764975846206,0.2119853109903878,PBC,0.0,POLFED,3.940414862746029,0.0,343,1
14,0.6563529951692412,0.4139706219807757,PBC,0.0,POLFED,4.250699490961511,0.0,343,1
14,0.7775441817634738,0.2119853109903878,PBC,0.0,POLFED,1.496122380826806e-05,1.496122380826806e-05,343,2
14,0.4139706219807757,0.5351618085750085,PBC,0.0,POLFED,4.255136448158419,0.0,343,1
14,0.01,0.2119853109903878,PBC,0.0,POLFED,0.0035145484677518,0.0,343,1
14,0.1715882487923103,0.0503970621980775,PBC,0.0,POLFED,0.5035177402529831,0.0,343,1
14,0.2523823731884654,0.0503970621980775,PBC,0.0,POLFED,1.097493242849353,0.0,343,1
14,0.0907941243961551,0.1311911865942327,PBC,0.0,POLFED,0.2342311160792598,0.0,343,1
14,0.4139706219807757,0.6967500573673188,PBC,0.0,POLFED,4.252656195601136,0.0,343,1
14,0.4543676841788533,0.0503970621980775,PBC,0.0,POLFED,3.442559951970745,0.0,343,1
14,0.2119853109903878,0.2119853109903878,PBC,0.0,POLFED,2.45169533398468,0.0,343,1
14,0.4947647463769309,0.1715882487923103,PBC,0.0,POLFED,4.227768043048518,0.0,343,1
14,0.6563529951692412,0.6159559329711636,PBC,0.0,POLFED,4.213178966494118,0.0,343,1
14,0.6563529951692412,0.1311911865942327,PBC,0.0,POLFED,4.073929862827431,0.0,343,1
14,0.3735735597826982,0.0907941243961551,PBC,0.0,POLFED,3.692824108868319,0.0,343,1
14,0.6967500573673188,0.6967500573673188,PBC,0.0,POLFED,4.077070509228868,0.0,343,1
14,0.4139706219807757,0.01,PBC,0.0,POLFED,1.958942929605388,0.0,343,1
14,0.5351618085750085,0.0503970621980775,PBC,0.0,POLFED,3.714916914127404,0.0,343,1
14,0.2119853109903878,0.5351618085750085,PBC,0.0,POLFED,3.417581254953169,0.0,343,1
14,0.1715882487923103,0.0907941243961551,PBC,0.0,POLFED,0.6452863441299868,0.0,343,1
14,0.7775441817634738,0.6967500573673188,PBC,0.0,POLFED,1.7250263485076757e-05,1.7250263485076757e-05,343,2
14,0.7371471195653964,0.6967500573673188,PBC,0.0,POLFED,2.010635994828766,2.010635994828766,343,2
14,0.3331764975846206,0.6967500573673188,PBC,0.0,POLFED,4.204158569105882,0.0,343,1
14,0.6159559329711636,0.575558870773086,PBC,0.0,POLFED,4.260833876636649,0.0,343,1
14,0.0907941243961551,0.6159559329711636,PBC,0.0,POLFED,0.3856018235104504,0.0,343,1
14,0.2119853109903878,0.2523823731884654,PBC,0.0,POLFED,3.137731785418118,0.0,343,1
14,0.0503970621980775,0.1715882487923103,PBC,0.0,POLFED,0.1409542254858669,0.0,343,1
14,0.4543676841788533,0.3331764975846206,PBC,0.0,POLFED,4.250384703348198,0.0,343,1
14,0.6159559329711636,0.6563529951692412,PBC,0.0,POLFED,4.25309862431601,0.0,343,1
14,0.01,0.6967500573673188,PBC,0.0,POLFED,0.0261605351249887,0.0,343,1
14,0.0907941243961551,0.3331764975846206,PBC,0.0,POLFED,0.2281669048084137,0.0,343,1
14,0.5351618085750085,0.6563529951692412,PBC,0.0,POLFED,4.264342897033108,0.0,343,1
14,0.4947647463769309,0.7371471195653964,PBC,0.0,POLFED,4.262880444249333,0.0,343,1
14,0.1311911865942327,0.2523823731884654,PBC,0.0,POLFED,0.8173549467352649,0.0,343,1
14,0.5351618085750085,0.575558870773086,PBC,0.0,POLFED,4.264849336680706,0.0,343,1
14,0.4543676841788533,0.6159559329711636,PBC,0.0,POLFED,4.25820397105037,0.0,343,1
14,0.292779435386543,0.4139706219807757,PBC,0.0,POLFED,4.041106489678915,0.0,343,1
14,0.7371471195653964,0.4139706219807757,PBC,0.0,POLFED,8.391734191056427e-27,3.6651868309558935e-27,343,2
14,0.2523823731884654,0.2119853109903878,PBC,0.0,POLFED,3.2857535568612257,0.0,343,1
14,0.1311911865942327,0.5351618085750085,PBC,0.0,POLFED,1.386879779677459,0.0,343,1
14,0.7775441817634738,0.4139706219807757,PBC,0.0,POLFED,4.705730200364132e-12,4.705730200364108e-12,343,2
14,0.3735735597826982,0.4543676841788533,PBC,0.0,POLFED,4.224109187464778,0.0,343,1
14,0.292779435386543,0.3735735597826982,PBC,0.0,POLFED,4.021949294382464,0.0,343,1
14,0.1715882487923103,0.4543676841788533,PBC,0.0,POLFED,2.410286907542824,0.0,343,1
14,0.1311911865942327,0.2119853109903878,PBC,0.0,POLFED,0.9061703225321036,0.0,343,1
14,0.2523823731884654,0.5351618085750085,PBC,0.0,POLFED,3.879835146223937,0.0,343,1
14,0.575558870773086,0.6967500573673188,PBC,0.0,POLFED,4.263881098086916,0.0,343,1
14,0.7371471195653964,0.3735735597826982,PBC,0.0,POLFED,1.9567918275375225,1.9567918275375225,343,2
14,0.4543676841788533,0.1311911865942327,PBC,0.0,POLFED,4.133022284523489,0.0,343,1
14,0.2523823731884654,0.2523823731884654,PBC,0.0,POLFED,3.377731369742927,0.0,343,1
14,0.7775441817634738,0.3735735597826982,PBC,0.0,POLFED,2.7330377315218593e-10,2.7330377315218593e-10,343,2
14,0.3735735597826982,0.292779435386543,PBC,0.0,POLFED,4.155730326767539,0.0,343,1
14,0.6563529951692412,0.3331764975846206,PBC,0.0,POLFED,4.215496248523683,0.0,343,1
14,0.3735735597826982,0.7775441817634738,PBC,0.0,POLFED,4.241237364784594,0.0,343,1
14,0.0503970621980775,0.7371471195653964,PBC,0.0,POLFED,0.2626298350012987,0.0,343,1
14,0.1715882487923103,0.7775441817634738,PBC,0.0,POLFED,2.678955504569428,0.0,343,1
14,0.1715882487923103,0.292779435386543,PBC,0.0,POLFED,1.4076518129577904,0.0,343,1
14,0.575558870773086,0.4139706219807757,PBC,0.0,POLFED,4.26426328924112,0.0,343,1
14,0.4543676841788533,0.2119853109903878,PBC,0.0,POLFED,4.223558986654933,0.0,343,1
14,0.5351618085750085,0.1715882487923103,PBC,0.0,POLFED,4.238751072355379,0.0,343,1
14,0.1311911865942327,0.1311911865942327,PBC,0.0,POLFED,0.8705334798171444,0.0,343,1
14,0.2523823731884654,0.6159559329711636,PBC,0.0,POLFED,3.977071169459904,0.0,343,1
14,0.4947647463769309,0.0503970621980775,PBC,0.0,POLFED,3.74103602627406,0.0,343,1
14,0.2119853109903878,0.3331764975846206,PBC,0.0,POLFED,2.554709697153424,0.0,343,1
14,0.4543676841788533,0.2523823731884654,PBC,0.0,POLFED,4.232772608493634,0.0,343,1
14,0.575558870773086,0.3735735597826982,PBC,0.0,POLFED,4.252403776168017,0.0,343,1
14,0.2523823731884654,0.1311911865942327,PBC,0.0,POLFED,2.5383526460534647,0.0,343,1
14,0.1311911865942327,0.6159559329711636,PBC,0.0,POLFED,1.3583432950129315,0.0,343,1
14,0.292779435386543,0.6967500573673188,PBC,0.0,POLFED,4.12692540398558,0.0,343,1
14,0.6159559329711636,0.7371471195653964,PBC,0.0,POLFED,4.245883129527741,0.0,343,1
14,0.4543676841788533,0.5351618085750085,PBC,0.0,POLFED,4.253671942362731,0.0,343,1
14,0.292779435386543,0.01,PBC,0.0,POLFED,1.5687610054303398,0.0,343,1
14,0.4139706219807757,0.3735735597826982,PBC,0.0,POLFED,4.2372614125922095,0.0,343,1
14,0.6967500573673188,0.4139706219807757,PBC,0.0,POLFED,4.21022496826093,0.0,343,1
14,0.0907941243961551,0.5351618085750085,PBC,0.0,POLFED,0.5873661475412076,0.0,343,1
14,0.3331764975846206,0.4139706219807757,PBC,0.0,POLFED,4.169688261483044,0.0,343,1
14,0.6563529951692412,0.2119853109903878,PBC,0.0,POLFED,4.22562789878072,0.0,343,1
14,0.0907941243961551,0.2523823731884654,PBC,0.0,POLFED,0.8012300720934779,0.0,343,1
14,0.2119853109903878,0.6159559329711636,PBC,0.0,POLFED,3.55926158675596,0.0,343,1
14,0.4947647463769309,0.575558870773086,PBC,0.0,POLFED,4.262188000926107,0.0,343,1
14,0.5351618085750085,0.7371471195653964,PBC,0.0,POLFED,4.264376301836993,0.0,343,1
14,0.4947647463769309,0.6563529951692412,PBC,0.0,POLFED,4.262121705119423,0.0,343,1
14,0.01,0.01,PBC,0.0,POLFED,0.0018947580960081,0.0001453894337874,343,2
14,0.1311911865942327,0.3331764975846206,PBC,0.0,POLFED,1.3312941310482902,0.0,343,1
14,0.01,0.4139706219807757,PBC,0.0,POLFED,0.0325203783169877,0.0,343,1
14,0.2119853109903878,0.01,PBC,0.0,POLFED,0.6130014793584505,0.0,343,1
14,0.1311911865942327,0.01,PBC,0.0,POLFED,0.6463585126532494,0.0,343,1
14,0.0503970621980775,0.575558870773086,PBC,0.0,POLFED,0.1093383484158299,0.0,343,1
14,0.2523823731884654,0.3331764975846206,PBC,0.0,POLFED,3.646741565991329,0.0,343,1
14,0.01,0.3735735597826982,PBC,0.0,POLFED,0.0515524827722801,0.0,343,1
14,0.4139706219807757,0.4139706219807757,PBC,0.0,POLFED,4.240030611559208,0.0,343,1
14,0.1715882487923103,0.4947647463769309,PBC,0.0,POLFED,2.522163378381049,0.0,343,1
14,0.2119853109903878,0.1311911865942327,PBC,0.0,POLFED,1.6526276306692864,0.0,343,1
14,0.6967500573673188,0.3735735597826982,PBC,0.0,POLFED,4.18139824091191,0.0,343,1
14,0.3735735597826982,0.4947647463769309,PBC,0.0,POLFED,4.228484567054999,0.0,343,1
14,0.6563529951692412,0.5351618085750085,PBC,0.0,POLFED,4.223343798638931,0.0,343,1
14,0.6159559329711636,0.1715882487923103,PBC,0.0,POLFED,4.23551689708423,0.0,343,1
14,0.0907941243961551,0.2119853109903878,PBC,0.0,POLFED,0.5191599362931231,0.0,343,1
14,0.3331764975846206,0.3735735597826982,PBC,0.0,POLFED,4.176352773212391,0.0,343,1
14,0.6563529951692412,0.2523823731884654,PBC,0.0,POLFED,4.24267689414553,0.0,343,1
14,0.0503970621980775,0.6563529951692412,PBC,0.0,POLFED,0.122761667128825,0.0,343,1
14,0.3331764975846206,0.1311911865942327,PBC,0.0,POLFED,3.5251364811626806,0.0,343,1
14,0.4139706219807757,0.6159559329711636,PBC,0.0,POLFED,4.2507374234521125,0.0,343,1
14,0.1715882487923103,0.01,PBC,0.0,POLFED,1.0290432157799874,0.0,343,1
14,0.1715882487923103,0.7371471195653964,PBC,0.0,POLFED,2.7010980695066813,0.0,343,1
14,0.2119853109903878,0.3735735597826982,PBC,0.0,POLFED,3.101885961934511,0.0,343,1
14,0.6967500573673188,0.1311911865942327,PBC,0.0,POLFED,3.874943817543109,0.0,343,1
14,0.0503970621980775,0.292779435386543,PBC,0.0,POLFED,0.1272932098993512,0.0,343,1
14,0.3331764975846206,0.0503970621980775,PBC,0.0,POLFED,2.028637388879483,0.0,343,1
14,0.0503970621980775,0.7775441817634738,PBC,0.0,POLFED,0.1182130594565231,0.0,343,1
14,0.3735735597826982,0.7371471195653964,PBC,0.0,POLFED,4.2341333876798615,0.0,343,1
14,0.6563529951692412,0.6967500573673188,PBC,0.0,POLFED,4.2579450161301935,0.0,343,1
14,0.575558870773086,0.3331764975846206,PBC,0.0,POLFED,4.261408742553823,0.0,343,1
14,0.0503970621980775,0.4543676841788533,PBC,0.0,POLFED,0.1090413445226868,0.0,343,1
14,0.01,0.1311911865942327,PBC,0.0,POLFED,0.0079504721501767,0.0,343,1
14,0.0907941243961551,0.01,PBC,0.0,POLFED,0.5946589329361307,0.0,343,1
14,0.6159559329711636,0.0503970621980775,PBC,0.0,POLFED,3.587137799812897,0.0,343,1
14,0.4947647463769309,0.7775441817634738,PBC,0.0,POLFED,4.263963892099109,0.0,343,1
14,0.4947647463769309,0.292779435386543,PBC,0.0,POLFED,4.253401414051253,0.0,343,1
14,0.01,0.6159559329711636,PBC,0.0,POLFED,0.0065391417992141,0.0,343,1
14,0.6967500573673188,0.6159559329711636,PBC,0.0,POLFED,4.233888284954257,0.0,343,1
14,0.5351618085750085,0.4947647463769309,PBC,0.0,POLFED,4.263745868291009,0.0,343,1
14,0.2119853109903878,0.4139706219807757,PBC,0.0,POLFED,3.173760563585424,0.0,343,1
14,0.4139706219807757,0.1311911865942327,PBC,0.0,POLFED,3.9074387041232232,0.0,343,1
14,0.4947647463769309,0.4543676841788533,PBC,0.0,POLFED,4.260041012112874,0.0,343,1
14,0.3331764975846206,0.6159559329711636,PBC,0.0,POLFED,4.2050423863853545,0.0,343,1
14,0.0907941243961551,0.6967500573673188,PBC,0.0,POLFED,0.6847588722159353,0.0,343,1
14,0.292779435386543,0.2523823731884654,PBC,0.0,POLFED,3.9016661200238114,0.0,343,1
14,0.1715882487923103,0.1715882487923103,PBC,0.0,POLFED,1.4682034337222774,0.0,343,1
14,0.4543676841788533,0.6967500573673188,PBC,0.0,POLFED,4.257886175151548,0.0,343,1
14,0.3735735597826982,0.1715882487923103,PBC,0.0,POLFED,3.987096277690045,0.0,343,1
14,0.1311911865942327,0.4139706219807757,PBC,0.0,POLFED,1.10939379180143,0.0,343,1
14,0.575558870773086,0.1311911865942327,PBC,0.0,POLFED,4.199171666032219,0.0,343,1
14,0.2523823731884654,0.3735735597826982,PBC,0.0,POLFED,3.624573508306513,0.0,343,1
14,0.292779435386543,0.5351618085750085,PBC,0.0,POLFED,4.079155448562425,0.0,343,1
14,0.6159559329711636,0.4947647463769309,PBC,0.0,POLFED,4.255142055211199,0.0,343,1
14,0.01,0.3331764975846206,PBC,0.0,POLFED,0.0068676374326393,0.0,343,1
14,0.3735735597826982,0.01,PBC,0.0,POLFED,2.175240221467957,0.0,343,1
14,0.0503970621980775,0.0907941243961551,PBC,0.0,POLFED,0.054380847257249,0.0,343,1
14,0.6967500573673188,0.3331764975846206,PBC,0.0,POLFED,4.220680031004937,0.0,343,1
14,0.3331764975846206,0.3331764975846206,PBC,0.0,POLFED,4.106932424640003,0.0,343,1
14,0.4139706219807757,0.3331764975846206,PBC,0.0,POLFED,4.236641565595705,0.0,343,1
14,0.292779435386543,0.2119853109903878,PBC,0.0,POLFED,3.5924589622593346,0.0,343,1
14,0.575558870773086,0.6159559329711636,PBC,0.0,POLFED,4.262777806943434,0.0,343,1
14,0.1311911865942327,0.3735735597826982,PBC,0.0,POLFED,1.1243680003038343,0.0,343,1
14,0.2523823731884654,0.4139706219807757,PBC,0.0,POLFED,3.687299461961129,0.0,343,1
14,0.3331764975846206,0.01,PBC,0.0,POLFED,1.2265252484029951,0.0,343,1
14,0.4947647463769309,0.0907941243961551,PBC,0.0,POLFED,4.032091754732556,0.0,343,1
14,0.0503970621980775,0.2119853109903878,PBC,0.0,POLFED,0.1473341188398418,0.0,343,1
14,0.7371471195653964,0.0503970621980775,PBC,0.0,POLFED,3.049352803494971,0.020655423148605,343,2
14,0.5351618085750085,0.3331764975846206,PBC,0.0,POLFED,4.259761866242656,0.0,343,1
14,0.0907941243961551,0.6563529951692412,PBC,0.0,POLFED,0.6218153572553728,0.0,343,1
14,0.1311911865942327,0.0503970621980775,PBC,0.0,POLFED,0.2919106555975374,0.0,343,1
14,0.4947647463769309,0.5351618085750085,PBC,0.0,POLFED,4.266013863176497,0.0,343,1
14,0.1311911865942327,0.7371471195653964,PBC,0.0,POLFED,1.3055853434311009,0.0,343,1
14,0.4947647463769309,0.2523823731884654,PBC,0.0,POLFED,4.248709902361242,0.0,343,1
14,0.6159559329711636,0.6159559329711636,PBC,0.0,POLFED,4.2552892962020685,0.0,343,1
14,0.0907941243961551,0.575558870773086,PBC,0.0,POLFED,0.7316316015597368,0.0,343,1
14,0.6159559329711636,0.1311911865942327,PBC,0.0,POLFED,4.172714636816853,0.0,343,1
14,0.292779435386543,0.0907941243961551,PBC,0.0,POLFED,2.137630681516172,0.0,343,1
14,0.575558870773086,0.4947647463769309,PBC,0.0,POLFED,4.264106073652863,0.0,343,1
14,0.2523823731884654,0.7371471195653964,PBC,0.0,POLFED,3.988542146675387,0.0,343,1
14,0.6967500573673188,0.0503970621980775,PBC,0.0,POLFED,3.1979245127751774,0.0,343,1
14,0.7775441817634738,0.0907941243961551,PBC,0.0,POLFED,3.271280037549439,0.1352023302702276,343,2
14,0.2119853109903878,0.1715882487923103,PBC,0.0,POLFED,1.5266559832616449,0.0,343,1
14,0.4947647463769309,0.2119853109903878,PBC,0.0,POLFED,4.236141280774444,0.0,343,1
14,0.6563529951692412,0.575558870773086,PBC,0.0,POLFED,4.253763748019381,0.0,343,1
14,0.7371471195653964,0.0907941243961551,PBC,0.0,POLFED,1.9552914232285595e-05,1.9552914232285595e-05,343,2
14,0.0503970621980775,0.2523823731884654,PBC,0.0,POLFED,0.0501393750674355,0.0,343,1
14,0.6563529951692412,0.6563529951692412,PBC,0.0,POLFED,4.207554507705048,0.0,343,1
14,0.575558870773086,0.0503970621980775,PBC,0.0,POLFED,3.5002979731909227,0.0,343,1
14,0.3735735597826982,0.0503970621980775,PBC,0.0,POLFED,2.28467770339313,0.0,343,1
14,0.0503970621980775,0.5351618085750085,PBC,0.0,POLFED,0.1393782428138742,0.0,343,1
14,0.6967500573673188,0.01,PBC,0.0,POLFED,2.896567655362546,0.0,343,1
14,0.1715882487923103,0.4139706219807757,PBC,0.0,POLFED,1.9810666708641185,0.0,343,1
14,0.4139706219807757,0.4947647463769309,PBC,0.0,POLFED,4.249347203834193,0.0,343,1
14,0.3735735597826982,0.4139706219807757,PBC,0.0,POLFED,4.223733100988058,0.0,343,1
14,0.1311911865942327,0.1715882487923103,PBC,0.0,POLFED,0.7967267713638605,0.0,343,1
14,0.5351618085750085,0.1311911865942327,PBC,0.0,POLFED,4.19616738355007,0.0,343,1
14,0.2119853109903878,0.7371471195653964,PBC,0.0,POLFED,3.5742054692111656,0.0,343,1
14,0.4543676841788533,0.575558870773086,PBC,0.0,POLFED,4.259504609880902,0.0,343,1
14,0.1715882487923103,0.3735735597826982,PBC,0.0,POLFED,1.9443201268941463,0.0,343,1
14,0.5351618085750085,0.6159559329711636,PBC,0.0,POLFED,4.265319073818178,0.0,343,1
14,0.292779435386543,0.4543676841788533,PBC,0.0,POLFED,4.099328740942457,0.0,343,1
14,0.3735735597826982,0.3735735597826982,PBC,0.0,POLFED,4.210241551770029,0.0,343,1
14,0.6967500573673188,0.4947647463769309,PBC,0.0,POLFED,4.2095170723629565,0.0,343,1
14,0.2523823731884654,0.1715882487923103,PBC,0.0,POLFED,2.465382006594159,0.0,343,1
14,0.3331764975846206,0.4947647463769309,PBC,0.0,POLFED,4.165112557643639,0.0,343,1
14,0.7371471195653964,0.4947647463769309,PBC,0.0,POLFED,2.0144249477179623,2.0144249477179623,343,2
14,0.7775441817634738,0.4543676841788533,PBC,0.0,POLFED,1.977433816880065,1.7099991194304986,343,2
14,0.7371471195653964,0.4543676841788533,PBC,0.0,POLFED,4.033754070922823,0.0229901718041773,343,2
14,0.7775441817634738,0.4947647463769309,PBC,0.0,POLFED,1.7964664342576837,1.7964664342576837,343,2
14,0.7775441817634738,0.292779435386543,PBC,0.0,POLFED,3.296035448881339,0.1169112644909322,343,2
14,0.7775441817634738,0.7775441817634738,PBC,0.0,POLFED,3.705024467575395,0.1061644347928623,343,2
14,0.7371471195653964,0.7775441817634738,PBC,0.0,POLFED,6.790603165125921e-15,6.7906031651232285e-15,343,2
14,0.7371471195653964,0.292779435386543,PBC,0.0,POLFED,3.819378695876555,0.0602525597028097,343,2
14,0.292779435386543,0.292779435386543,PBC,0.0,POLFED,3.842759610617492,0.0,343,1
14,0.6159559329711636,0.3331764975846206,PBC,0.0,POLFED,4.245993085052027,0.0,343,1
14,0.292779435386543,0.7775441817634738,PBC,0.0,POLFED,4.132000118590738,0.0,343,1
14,0.4543676841788533,0.6563529951692412,PBC,0.0,POLFED,4.262857888176446,0.0,343,1
14,0.01,0.4947647463769309,PBC,0.0,POLFED,0.0038961524141515,0.0,343,1
14,0.7775441817634738,0.6563529951692412,PBC,0.0,POLFED,1.894403286083848,1.894403286083848,343,2
14,0.7371471195653964,0.6563529951692412,PBC,0.0,POLFED,1.986557960310256,1.986557960310256,343,2
14,0.01,0.7371471195653964,PBC,0.0,POLFED,0.0075917671377196,0.0,343,1
14,0.4543676841788533,0.292779435386543,PBC,0.0,POLFED,4.24095481235274,0.0,343,1
14,0.4543676841788533,0.7775441817634738,PBC,0.0,POLFED,4.262452379680407,0.0,343,1
14,0.7775441817634738,0.01,PBC,0.0,POLFED,1.8391950545611423e-08,1.8391950545611423e-08,343,2
14,0.292779435386543,0.6563529951692412,PBC,0.0,POLFED,4.134025522921919,0.0,343,1
14,0.7371471195653964,0.01,PBC,0.0,POLFED,2.851981968879265,0.0430006594828543,343,2
14,0.575558870773086,0.1715882487923103,PBC,0.0,POLFED,4.230176507858056,0.0,343,1
14,0.7371471195653964,0.7371471195653964,PBC,0.0,POLFED,2.013940234990891,2.013940152061477,343,2
14,0.3331764975846206,0.7371471195653964,PBC,0.0,POLFED,4.218384903242331,0.0,343,1
14,0.292779435386543,0.575558870773086,PBC,0.0,POLFED,4.123076294098542,0.0,343,1
14,0.4543676841788533,0.4543676841788533,PBC,0.0,POLFED,4.251000147065394,0.0,343,1
14,0.7775441817634738,0.7371471195653964,PBC,0.0,POLFED,4.421522438223883e-28,3.2794382821212054e-29,343,2
14,0.5351618085750085,0.4139706219807757,PBC,0.0,POLFED,4.261832997004662,0.0,343,1
14,0.6563529951692412,0.0503970621980775,PBC,0.0,POLFED,3.498410810148765,0.0,343,1
14,0.2119853109903878,0.4947647463769309,PBC,0.0,POLFED,3.3465661731524574,0.0,343,1
14,0.1715882487923103,0.1311911865942327,PBC,0.0,POLFED,1.1341362992244304,0.0,343,1
14,0.7775441817634738,0.575558870773086,PBC,0.0,POLFED,1.1347540740116879e-26,8.204171544426333e-27,343,2
14,0.6563529951692412,0.0907941243961551,PBC,0.0,POLFED,3.844233412756604,0.0,343,1
14,0.7371471195653964,0.575558870773086,PBC,0.0,POLFED,2.0055985651213115,2.0055985651213115,343,2
14,0.4543676841788533,0.01,PBC,0.0,POLFED,2.3837951825402786,0.0,343,1
14,0.3735735597826982,0.1311911865942327,PBC,0.0,POLFED,3.839600676106343,0.0,343,1
14,0.6967500573673188,0.7371471195653964,PBC,0.0,POLFED,4.027870688829621,0.0,343,1
14,0.3735735597826982,0.6159559329711636,PBC,0.0,POLFED,4.237959479053363,0.0,343,1
14,0.1715882487923103,0.6159559329711636,PBC,0.0,POLFED,2.644880079300312,0.0,343,1
14,0.5351618085750085,0.3735735597826982,PBC,0.0,POLFED,4.2609738825883365,0.0,343,1
14,0.4139706219807757,0.7371471195653964,PBC,0.0,POLFED,4.255615141542482,0.0,343,1
14,0.0907941243961551,0.0907941243961551,PBC,0.0,POLFED,0.2605379164391144,0.0,343,1
14,0.0503970621980775,0.01,PBC,0.0,POLFED,0.0395676839417223,0.0,343,1
14,0.1715882487923103,0.3331764975846206,PBC,0.0,POLFED,1.9277981768078984,0.0,343,1
14,0.3735735597826982,0.3331764975846206,PBC,0.0,POLFED,4.1889002100618855,0.0,343,1
14,0.6563529951692412,0.292779435386543,PBC,0.0,POLFED,4.247019398306645,0.0,343,1
14,0.0503970621980775,0.6967500573673188,PBC,0.0,POLFED,0.1263285793080637,0.0,343,1
14,0.6563529951692412,0.7775441817634738,PBC,0.0,POLFED,4.256185457402197,0.0,343,1
14,0.01,0.1715882487923103,PBC,0.0,POLFED,0.0276160698717945,0.0,343,1
14,0.4543676841788533,0.0907941243961551,PBC,0.0,POLFED,3.900850384808488,0.0,343,1
14,0.6967500573673188,0.1715882487923103,PBC,0.0,POLFED,3.8751593326338014,0.0,343,1
14,0.6159559329711636,0.3735735597826982,PBC,0.0,POLFED,4.24238005137775,0.0,343,1
14,0.2523823731884654,0.4947647463769309,PBC,0.0,POLFED,3.891539256090053,0.0,343,1
14,0.3331764975846206,0.1715882487923103,PBC,0.0,POLFED,3.938388650091732,0.0,343,1
14,0.7371471195653964,0.1715882487923103,PBC,0.0,POLFED,1.9190873211006287,1.9190873211006287,343,2
14,0.575558870773086,0.7371471195653964,PBC,0.0,POLFED,4.264785164968664,0.0,343,1
14,0.7775441817634738,0.1715882487923103,PBC,0.0,POLFED,0.1008168774620591,0.1008168774620591,343,2
14,0.6563529951692412,0.4543676841788533,PBC,0.0,POLFED,4.25034004759004,0.0,343,1
14,0.4139706219807757,0.1715882487923103,PBC,0.0,POLFED,4.131993422428431,0.0,343,1
14,0.1311911865942327,0.4947647463769309,PBC,0.0,POLFED,1.496283912607609,0.0,343,1
14,0.6159559329711636,0.4139706219807757,PBC,0.0,POLFED,4.261232695552328,0.0,343,1
14,0.4947647463769309,0.6967500573673188,PBC,0.0,POLFED,4.26276429644225,0.0,343,1
14,0.0907941243961551,0.4543676841788533,PBC,0.0,POLFED,0.5379777111632806,0.0,343,1
14,0.0907941243961551,0.292779435386543,PBC,0.0,POLFED,0.3578541216489447,0.0,343,1
14,0.0907941243961551,0.7775441817634738,PBC,0.0,POLFED,0.5124650430141607,0.0,343,1
14,0.01,0.6563529951692412,PBC,0.0,POLFED,0.004306536018342,0.0,343,1
14,0.6967500573673188,0.575558870773086,PBC,0.0,POLFED,4.123215301175721,0.0,343,1
14,0.4543676841788533,0.4947647463769309,PBC,0.0,POLFED,4.2596537579441,0.0,343,1
14,0.4947647463769309,0.4139706219807757,PBC,0.0,POLFED,4.260574386985241,0.0,343,1
14,0.2523823731884654,0.0907941243961551,PBC,0.0,POLFED,1.616279141833491,0.0,343,1
14,0.3331764975846206,0.575558870773086,PBC,0.0,POLFED,4.204562655213003,0.0,343,1
14,0.2119853109903878,0.4543676841788533,PBC,0.0,POLFED,3.117290590120025,0.0,343,1
14,0.6159559329711636,0.6967500573673188,PBC,0.0,POLFED,4.263545102977336,0.0,343,1
14,0.292779435386543,0.7371471195653964,PBC,0.0,POLFED,4.152965527590767,0.0,343,1
14,0.0503970621980775,0.3735735597826982,PBC,0.0,POLFED,0.2493290365167823,0.0,343,1
14,0.2119853109903878,0.7775441817634738,PBC,0.0,POLFED,3.72234037860438,0.0,343,1
14,0.3331764975846206,0.6563529951692412,PBC,0.0,POLFED,4.211081356612807,0.0,343,1
14,0.2119853109903878,0.0503970621980775,PBC,0.0,POLFED,0.9157032277157364,0.0,343,1
14,0.2119853109903878,0.292779435386543,PBC,0.0,POLFED,3.219138604556977,0.0,343,1
14,0.01,0.575558870773086,PBC,0.0,POLFED,0.0090430749894054,0.0,343,1
14,0.6967500573673188,0.6563529951692412,PBC,0.0,POLFED,4.225764023983889,0.0,343,1
14,0.01,0.0503970621980775,PBC,0.0,POLFED,0.0066792063727362,0.0,343,1
14,0.0503970621980775,0.4139706219807757,PBC,0.0,POLFED,0.2465573743635871,0.0,343,1
14,0.4139706219807757,0.6563529951692412,PBC,0.0,POLFED,4.257257147267602,0.0,343,1
14,0.1311911865942327,0.0907941243961551,PBC,0.0,POLFED,0.5770582853687827,0.0,343,1
14,0.4139706219807757,0.575558870773086,PBC,0.0,POLFED,4.255442389202861,0.0,343,1
14,0.4947647463769309,0.3735735597826982,PBC,0.0,POLFED,4.259671496191382,0.0,343,1
14,0.3735735597826982,0.2523823731884654,PBC,0.0,POLFED,4.139432159168221,0.0,343,1
14,0.292779435386543,0.1715882487923103,PBC,0.0,POLFED,3.4966193485445056,0.0,343,1
14,0.575558870773086,0.575558870773086,PBC,0.0,POLFED,4.265016359328852,0.0,343,1
14,0.1715882487923103,0.2523823731884654,PBC,0.0,POLFED,2.289398181365796,0.0,343,1
14,0.3735735597826982,0.5351618085750085,PBC,0.0,POLFED,4.236882099499201,0.0,343,1
14,0.6563529951692412,0.4947647463769309,PBC,0.0,POLFED,4.241686722147076,0.0,343,1
14,0.1715882487923103,0.5351618085750085,PBC,0.0,POLFED,2.589630799902881,0.0,343,1
14,0.2523823731884654,0.4543676841788533,PBC,0.0,POLFED,3.678888757176346,0.0,343,1
14,0.2119853109903878,0.0907941243961551,PBC,0.0,POLFED,2.0408901697467297,0.0,343,1
14,0.575558870773086,0.01,PBC,0.0,POLFED,2.8289371940130965,0.0,343,1
14,0.2523823731884654,0.292779435386543,PBC,0.0,POLFED,3.105006111573692,0.0,343,1
14,0.4947647463769309,0.01,PBC,0.0,POLFED,2.30857469994956,0.0,343,1
14,0.2523823731884654,0.7775441817634738,PBC,0.0,POLFED,4.017254980599251,0.0,343,1
14,0.6563529951692412,0.01,PBC,0.0,POLFED,2.964669338607281,0.0,343,1
14,0.575558870773086,0.6563529951692412,PBC,0.0,POLFED,4.263041878184762,0.0,343,1
14,0.1311911865942327,0.7775441817634738,PBC,0.0,POLFED,1.6089719178152722,0.0,343,1
14,0.1311911865942327,0.292779435386543,PBC,0.0,POLFED,0.8546230877173785,0.0,343,1
14,0.1311911865942327,0.4543676841788533,PBC,0.0,POLFED,1.140368376450792,0.0,343,1
14,0.5351618085750085,0.6967500573673188,PBC,0.0,POLFED,4.263940831972228,0.0,343,1
14,0.1715882487923103,0.2119853109903878,PBC,0.0,POLFED,1.0436293286841998,0.0,343,1
14,0.3735735597826982,0.2119853109903878,PBC,0.0,POLFED,4.157909244364056,0.0,343,1
14,0.0907941243961551,0.4947647463769309,PBC,0.0,POLFED,0.3514911610238228,0.0,343,1
14,0.5351618085750085,0.2523823731884654,PBC,0.0,POLFED,4.24790157416208,0.0,343,1
14,0.1311911865942327,0.575558870773086,PBC,0.0,POLFED,1.4156508658506055,0.0,343,1
14,0.0907941243961551,0.7371471195653964,PBC,0.0,POLFED,0.5860878066711857,0.0,343,1
14,0.4139706219807757,0.0907941243961551,PBC,0.0,POLFED,3.821070833342659,0.0,343,1
14,0.5351618085750085,0.5351618085750085,PBC,0.0,POLFED,4.265439159858507,0.0,343,1
14,0.4139706219807757,0.0503970621980775,PBC,0.0,POLFED,3.1513052246040965,0.0,343,1
14,0.6159559329711636,0.01,PBC,0.0,POLFED,2.860041455420248,0.0,343,1
14,0.5351618085750085,0.01,PBC,0.0,POLFED,2.6439622584263063,0.0,343,1
14,0.1311911865942327,0.6563529951692412,PBC,0.0,POLFED,1.2161838985220454,0.0,343,1
14,0.4947647463769309,0.3331764975846206,PBC,0.0,POLFED,4.254766802084016,0.0,343,1
14,0.0907941243961551,0.0503970621980775,PBC,0.0,POLFED,0.2339877393785525,0.0,343,1
14,0.2523823731884654,0.6563529951692412,PBC,0.0,POLFED,3.95827059479126,0.0,343,1
14,0.01,0.0907941243961551,PBC,0.0,POLFED,0.0027515165455021,0.0,343,1
14,0.575558870773086,0.292779435386543,PBC,0.0,POLFED,4.257396067658428,0.0,343,1
14,0.575558870773086,0.7775441817634738,PBC,0.0,POLFED,4.264860451724304,0.0,343,1
14,0.0503970621980775,0.3331764975846206,PBC,0.0,POLFED,0.1594383774193328,0.0,343,1
14,0.6967500573673188,0.0907941243961551,PBC,0.0,POLFED,3.5014346338452382,0.0,343,1
14,0.3735735597826982,0.6967500573673188,PBC,0.0,POLFED,4.2403963657110815,0.0,343,1
14,0.6563529951692412,0.7371471195653964,PBC,0.0,POLFED,4.063773425763403,0.0,343,1
14,0.5351618085750085,0.2119853109903878,PBC,0.0,POLFED,4.242854976904687,0.0,343,1
14,0.1715882487923103,0.6967500573673188,PBC,0.0,POLFED,2.4319779253809832,0.0,343,1
14,0.4543676841788533,0.1715882487923103,PBC,0.0,POLFED,4.188541776242263,0.0,343,1
14,0.575558870773086,0.4543676841788533,PBC,0.0,POLFED,4.264140800631125,0.0,343,1
14,0.2523823731884654,0.575558870773086,PBC,0.0,POLFED,3.927394778563173,0.0,343,1
14,0.3331764975846206,0.0907941243961551,PBC,0.0,POLFED,2.6941949937748246,0.0,343,1
14,0.4947647463769309,0.1311911865942327,PBC,0.0,POLFED,4.173329485161745,0.0,343,1
14,0.4139706219807757,0.4543676841788533,PBC,0.0,POLFED,4.245499839765329,0.0,343,1
14,0.6159559329711636,0.2119853109903878,PBC,0.0,POLFED,4.246318052938552,0.0,343,1
14,0.0907941243961551,0.1715882487923103,PBC,0.0,POLFED,0.2918762443362146,0.0,343,1
14,0.0503970621980775,0.6159559329711636,PBC,0.0,POLFED,0.2333269364857945,0.0,343,1
14,0.4139706219807757,0.7775441817634738,PBC,0.0,POLFED,4.25590817904657,0.0,343,1
14,0.4139706219807757,0.292779435386543,PBC,0.0,POLFED,4.219926625228987,0.0,343,1
14,0.3331764975846206,0.7775441817634738,PBC,0.0,POLFED,4.223554220972715,0.0,343,1
14,0.2119853109903878,0.6563529951692412,PBC,0.0,POLFED,3.625107652309624,0.0,343,1
14,0.3331764975846206,0.292779435386543,PBC,0.0,POLFED,4.064560551696298,0.0,343,1
14,0.01,0.4543676841788533,PBC,0.0,POLFED,0.0076372226135361,0.0,343,1
14,0.6967500573673188,0.292779435386543,PBC,0.0,POLFED,4.1566414882224425,0.0,343,1
14,0.0503970621980775,0.1311911865942327,PBC,0.0,POLFED,0.171126347186234,0.0,343,1
14,0.6967500573673188,0.7775441817634738,PBC,0.0,POLFED,4.038983173165559,0.0,343,1
14,0.01,0.7775441817634738,PBC,0.0,POLFED,0.0037089900380542,0.0,343,1
14,0.01,0.292779435386543,PBC,0.0,POLFED,0.0075051479277211,0.0,343,1
14,0.6967500573673188,0.4543676841788533,PBC,0.0,POLFED,4.034379863388229,0.0,343,1
14,0.575558870773086,0.0907941243961551,PBC,0.0,POLFED,4.086725945185135,0.0,343,1
14,0.6159559329711636,0.5351618085750085,PBC,0.0,POLFED,4.256732260261387,0.0,343,1
14,0.292779435386543,0.4947647463769309,PBC,0.0,POLFED,4.098191904073859,0.0,343,1
14,0.6563529951692412,0.1715882487923103,PBC,0.0,POLFED,4.208465648115638,0.0,343,1
14,0.2119853109903878,0.575558870773086,PBC,0.0,POLFED,3.493013923683812,0.0,343,1
14,0.4947647463769309,0.6159559329711636,PBC,0.0,POLFED,4.2612079886029255,0.0,343,1
14,0.6159559329711636,0.2523823731884654,PBC,0.0,POLFED,4.254181266394027,0.0,343,1
14,0.3331764975846206,0.4543676841788533,PBC,0.0,POLFED,4.180582153234107,0.0,343,1
14,0.4543676841788533,0.7371471195653964,PBC,0.0,POLFED,4.261135372267304,0.0,343,1
15,0.0907941243961551,0.3331764975846206,PBC,0.5,POLFED,0.67989748218975,0.0,643,1
15,0.2119853109903878,0.0503970621980775,PBC,0.5,POLFED,1.080022753236008,0.0,643,1
15,0.5351618085750085,0.6563529951692412,PBC,0.5,POLFED,4.495757142087317,0.0,643,1
15,0.0503970621980775,0.3735735597826982,PBC,0.5,POLFED,0.0859845329080749,0.0,643,1
15,0.4947647463769309,0.7371471195653964,PBC,0.5,POLFED,4.495997765142636,0.0,643,1
15,0.1311911865942327,0.2523823731884654,PBC,0.5,POLFED,0.9045797282869668,0.0,643,1
15,0.4543676841788533,0.6159559329711636,PBC,0.5,POLFED,4.492349563658953,0.0,643,1
15,0.7371471195653964,0.4139706219807757,PBC,0.5,POLFED,2.498481659455647e-26,0.0,643,1
15,0.2523823731884654,0.2119853109903878,PBC,0.5,POLFED,3.4925184453568114,0.0,643,1
15,0.1311911865942327,0.5351618085750085,PBC,0.5,POLFED,0.7600122851210547,0.0,643,1
15,0.3735735597826982,0.4543676841788533,PBC,0.5,POLFED,4.470805682282527,0.0,643,1
15,0.292779435386543,0.3735735597826982,PBC,0.5,POLFED,4.26050638323684,0.0,643,1
15,0.1715882487923103,0.4543676841788533,PBC,0.5,POLFED,2.58133902469154,0.0,643,1
15,0.1311911865942327,0.2119853109903878,PBC,0.5,POLFED,0.9437060721815173,0.0,643,1
15,0.2523823731884654,0.5351618085750085,PBC,0.5,POLFED,4.228775726918544,0.0,643,1
15,0.575558870773086,0.6967500573673188,PBC,0.5,POLFED,4.496893158164497,0.0,643,1
15,0.7371471195653964,0.3735735597826982,PBC,0.5,POLFED,4.339848601485908,0.0,643,1
15,0.4543676841788533,0.1311911865942327,PBC,0.5,POLFED,4.413542844570131,0.0,643,1
15,0.2523823731884654,0.2523823731884654,PBC,0.5,POLFED,3.575036027037232,0.0,643,1
15,0.3735735597826982,0.292779435386543,PBC,0.5,POLFED,2.2748446837459,0.0,643,1
15,0.6563529951692412,0.3331764975846206,PBC,0.5,POLFED,4.48658153061971,0.0,643,1
15,0.3735735597826982,0.7775441817634738,PBC,0.5,POLFED,4.481681339175625,0.0,643,1
15,0.1715882487923103,0.7775441817634738,PBC,0.5,POLFED,3.2295135325425988,0.0,643,1
15,0.1715882487923103,0.292779435386543,PBC,0.5,POLFED,2.226924127402558,0.0,643,1
15,0.292779435386543,0.01,PBC,0.5,POLFED,1.300683902739796,0.0,643,1
15,0.0503970621980775,0.4139706219807757,PBC,0.5,POLFED,0.2135089930589861,0.0,643,1
15,0.0907941243961551,0.1311911865942327,PBC,0.5,POLFED,0.5767928866499208,0.0,643,1
15,0.4139706219807757,0.6967500573673188,PBC,0.5,POLFED,4.493204537203304,0.0,643,1
15,0.2119853109903878,0.2119853109903878,PBC,0.5,POLFED,3.838830720587314,0.0,643,1
15,0.4947647463769309,0.1715882487923103,PBC,0.5,POLFED,4.471791484818093,0.0,643,1
15,0.01,0.4139706219807757,PBC,0.5,POLFED,8.252615291665363e-10,0.0,643,1
15,0.2119853109903878,0.01,PBC,0.5,POLFED,0.4655370669332943,0.0,643,1
15,0.1311911865942327,0.01,PBC,0.5,POLFED,0.3891470057488486,0.0,643,1
15,0.6563529951692412,0.6159559329711636,PBC,0.5,POLFED,4.485686214471559,0.0,643,1
15,0.6563529951692412,0.1311911865942327,PBC,0.5,POLFED,4.404127432177983,0.0,643,1
15,0.3735735597826982,0.0907941243961551,PBC,0.5,POLFED,4.012654835160511,0.0,643,1
15,0.6967500573673188,0.6967500573673188,PBC,0.5,POLFED,4.430727227702293,0.0,643,1
15,0.2119853109903878,0.5351618085750085,PBC,0.5,POLFED,3.88601387255574,0.0,643,1
15,0.1715882487923103,0.0907941243961551,PBC,0.5,POLFED,1.2151706312195114,0.0,643,1
15,0.7775441817634738,0.6967500573673188,PBC,0.5,POLFED,0.0664832356030559,0.0,643,1
15,0.3331764975846206,0.6967500573673188,PBC,0.5,POLFED,4.462581509297602,0.0,643,1
15,0.6159559329711636,0.575558870773086,PBC,0.5,POLFED,4.49558606612212,0.0,643,1
15,0.0907941243961551,0.6159559329711636,PBC,0.5,POLFED,0.4197187582065603,0.0,643,1
15,0.2119853109903878,0.2523823731884654,PBC,0.5,POLFED,2.3876074831399183,0.0,643,1
15,0.01,0.3735735597826982,PBC,0.5,POLFED,0.0176961684666079,0.0,643,1
15,0.4543676841788533,0.3331764975846206,PBC,0.5,POLFED,4.486755786052742,0.0,643,1
15,0.6159559329711636,0.6563529951692412,PBC,0.5,POLFED,4.496162990601848,0.0,643,1
15,0.6159559329711636,0.292779435386543,PBC,0.5,POLFED,4.491546332896886,0.0,643,1
15,0.292779435386543,0.3331764975846206,PBC,0.5,POLFED,2.176131727899926,0.0,643,1
15,0.6159559329711636,0.7775441817634738,PBC,0.5,POLFED,4.495714872403609,0.0,643,1
15,0.1715882487923103,0.01,PBC,0.5,POLFED,0.8890338986037956,0.0,643,1
15,0.4139706219807757,0.0503970621980775,PBC,0.5,POLFED,3.683731036888194,0.0,643,1
15,0.7371471195653964,0.3331764975846206,PBC,0.5,POLFED,3.6488420707583846e-26,0.0,643,1
15,0.7371471195653964,0.0503970621980775,PBC,0.5,POLFED,3.2983512538232973,0.0,643,1
15,0.6967500573673188,0.2523823731884654,PBC,0.5,POLFED,4.423665105302054,0.0,643,1
15,0.4139706219807757,0.2119853109903878,PBC,0.5,POLFED,4.459879062033186,0.0,643,1
15,0.7775441817634738,0.5351618085750085,PBC,0.5,POLFED,4.224633029793389e-27,0.0,643,1
15,0.3331764975846206,0.5351618085750085,PBC,0.5,POLFED,4.449373553646882,0.0,643,1
15,0.01,0.1311911865942327,PBC,0.5,POLFED,0.0726079262968691,0.0,643,1
15,0.7775441817634738,0.2523823731884654,PBC,0.5,POLFED,1.0600143222938782e-26,0.0,643,1
15,0.6563529951692412,0.3735735597826982,PBC,0.5,POLFED,0.1883814086169594,0.0,643,1
15,0.6967500573673188,0.5351618085750085,PBC,0.5,POLFED,4.461629450978584,0.0,643,1
15,0.0907941243961551,0.4139706219807757,PBC,0.5,POLFED,0.3185951421761891,0.0,643,1
15,0.2119853109903878,0.6967500573673188,PBC,0.5,POLFED,3.913925758993247,0.0,643,1
15,0.0907941243961551,0.01,PBC,0.5,POLFED,0.0977486744562026,0.0,643,1
15,0.6159559329711636,0.4543676841788533,PBC,0.5,POLFED,4.494966238458445,0.0,643,1
15,0.3331764975846206,0.2523823731884654,PBC,0.5,POLFED,4.293964049876552,0.0,643,1
15,0.5351618085750085,0.0907941243961551,PBC,0.5,POLFED,4.368492446314727,0.0,643,1
15,0.6967500573673188,0.2119853109903878,PBC,0.5,POLFED,4.379401381250894,0.0,643,1
15,0.4139706219807757,0.2523823731884654,PBC,0.5,POLFED,4.461215542426301,0.0,643,1
15,0.01,0.6159559329711636,PBC,0.5,POLFED,0.0070334859851227,0.0,643,1
15,0.0907941243961551,0.3735735597826982,PBC,0.5,POLFED,7.375694445848877e-26,0.0,643,1
15,0.3331764975846206,0.2119853109903878,PBC,0.5,POLFED,4.284610010483485,0.0,643,1
15,0.6563529951692412,0.4139706219807757,PBC,0.5,POLFED,4.478048242925235,0.0,643,1
15,0.7775441817634738,0.2119853109903878,PBC,0.5,POLFED,6.97062849209744e-27,0.0,643,1
15,0.0503970621980775,0.3331764975846206,PBC,0.5,POLFED,0.1552294419311422,0.0,643,1
15,0.4139706219807757,0.5351618085750085,PBC,0.5,POLFED,4.487097881989735,0.0,643,1
15,0.0907941243961551,0.0503970621980775,PBC,0.5,POLFED,0.2342676762080004,0.0,643,1
15,0.0503970621980775,0.6159559329711636,PBC,0.5,POLFED,0.1403173678739509,0.0,643,1
15,0.3735735597826982,0.6563529951692412,PBC,0.5,POLFED,4.480324067070765,0.0,643,1
15,0.1715882487923103,0.6563529951692412,PBC,0.5,POLFED,2.9675647196575694,0.0,643,1
15,0.01,0.3331764975846206,PBC,0.5,POLFED,0.0070535354428949,0.0,643,1
15,0.3735735597826982,0.01,PBC,0.5,POLFED,1.520597838797863,0.0,643,1
15,0.3735735597826982,0.575558870773086,PBC,0.5,POLFED,0.8990261312885535,0.0,643,1
15,0.7371471195653964,0.1311911865942327,PBC,0.5,POLFED,4.018664144744805,0.0,643,1
15,0.4543676841788533,0.3735735597826982,PBC,0.5,POLFED,4.489848025243655,0.0,643,1
15,0.1715882487923103,0.575558870773086,PBC,0.5,POLFED,3.008334186744177,0.0,643,1
15,0.575558870773086,0.2523823731884654,PBC,0.5,POLFED,4.492281825244187,0.0,643,1
15,0.292779435386543,0.1311911865942327,PBC,0.5,POLFED,3.508169010613619,0.0,643,1
15,0.6159559329711636,0.0907941243961551,PBC,0.5,POLFED,4.378296630215343,0.0,643,1
15,0.575558870773086,0.5351618085750085,PBC,0.5,POLFED,4.496639754276328,0.0,643,1
15,0.2523823731884654,0.6967500573673188,PBC,0.5,POLFED,4.3108618470431335,0.0,643,1
15,0.1311911865942327,0.6967500573673188,PBC,0.5,POLFED,1.3511530499052686,0.0,643,1
15,0.575558870773086,0.2119853109903878,PBC,0.5,POLFED,4.487932405066075,0.0,643,1
15,0.5351618085750085,0.4543676841788533,PBC,0.5,POLFED,4.495206029641607,0.0,643,1
15,0.292779435386543,0.6159559329711636,PBC,0.5,POLFED,4.403163807699767,0.0,643,1
15,0.4543676841788533,0.4139706219807757,PBC,0.5,POLFED,4.490898738191674,0.0,643,1
15,0.4947647463769309,0.4947647463769309,PBC,0.5,POLFED,4.494710626188471,0.0,643,1
15,0.7371471195653964,0.6159559329711636,PBC,0.5,POLFED,4.21766483913134,0.0,643,1
15,0.0503970621980775,0.1311911865942327,PBC,0.5,POLFED,0.2538167263707042,0.0,643,1
15,0.0503970621980775,0.0503970621980775,PBC,0.5,POLFED,0.1823915775733726,0.0,643,1
15,0.01,0.0503970621980775,PBC,0.5,POLFED,0.0013883941718187,0.0,643,1
15,0.5351618085750085,0.292779435386543,PBC,0.5,POLFED,4.492611301043064,0.0,643,1
15,0.5351618085750085,0.7775441817634738,PBC,0.5,POLFED,4.495828281945769,0.0,643,1
15,0.3331764975846206,0.01,PBC,0.5,POLFED,1.5266592689474687,0.0,643,1
15,0.292779435386543,0.2523823731884654,PBC,0.5,POLFED,4.064043187688578,0.0,643,1
15,0.1715882487923103,0.1715882487923103,PBC,0.5,POLFED,1.1045203231084468,0.0,643,1
15,0.4543676841788533,0.6967500573673188,PBC,0.5,POLFED,4.493482594599013,0.0,643,1
15,0.7371471195653964,0.5351618085750085,PBC,0.5,POLFED,3.991187119781902e-26,0.0,643,1
15,0.3735735597826982,0.1715882487923103,PBC,0.5,POLFED,4.310625630175817,0.0,643,1
15,0.1311911865942327,0.4139706219807757,PBC,0.5,POLFED,1.461763296976302,0.0,643,1
15,0.575558870773086,0.1311911865942327,PBC,0.5,POLFED,4.462765594728012,0.0,643,1
15,0.2523823731884654,0.3735735597826982,PBC,0.5,POLFED,4.136351702043058,0.0,643,1
15,0.292779435386543,0.5351618085750085,PBC,0.5,POLFED,1.592290540958026e-26,0.0,643,1
15,0.6159559329711636,0.4947647463769309,PBC,0.5,POLFED,4.494849154668882,0.0,643,1
15,0.1311911865942327,0.0503970621980775,PBC,0.5,POLFED,0.5215032406284036,0.0,643,1
15,0.7371471195653964,0.2523823731884654,PBC,0.5,POLFED,4.091333175410731,0.0,643,1
15,0.6967500573673188,0.3331764975846206,PBC,0.5,POLFED,4.456216595124186,0.0,643,1
15,0.3331764975846206,0.3331764975846206,PBC,0.5,POLFED,4.416890178118226,0.0,643,1
15,0.0503970621980775,0.2119853109903878,PBC,0.5,POLFED,0.0859877353776175,0.0,643,1
15,0.7775441817634738,0.3331764975846206,PBC,0.5,POLFED,3.161507104559019e-24,0.0,643,1
15,0.3735735597826982,0.0503970621980775,PBC,0.5,POLFED,3.0850162130954595,0.0,643,1
15,0.0503970621980775,0.5351618085750085,PBC,0.5,POLFED,0.2087317079143864,0.0,643,1
15,0.4139706219807757,0.3331764975846206,PBC,0.5,POLFED,4.477990738738883,0.0,643,1
15,0.2523823731884654,0.01,PBC,0.5,POLFED,0.1195170066608729,0.0,643,1
15,0.0503970621980775,0.2523823731884654,PBC,0.5,POLFED,0.1581865142612048,0.0,643,1
15,0.575558870773086,0.0503970621980775,PBC,0.5,POLFED,3.952927159091595,0.0,643,1
15,0.292779435386543,0.2119853109903878,PBC,0.5,POLFED,0.0065279854459234,0.0,643,1
15,0.575558870773086,0.6159559329711636,PBC,0.5,POLFED,4.495586175013967,0.0,643,1
15,0.1311911865942327,0.3735735597826982,PBC,0.5,POLFED,1.2083345465753466,0.0,643,1
15,0.6967500573673188,0.0503970621980775,PBC,0.5,POLFED,3.732572114412476,0.0,643,1
15,0.7371471195653964,0.2119853109903878,PBC,0.5,POLFED,4.212486966184871,0.0,643,1
15,0.4947647463769309,0.0907941243961551,PBC,0.5,POLFED,4.343482967827764,0.0,643,1
15,0.01,0.5351618085750085,PBC,0.5,POLFED,0.0774096640482669,0.0,643,1
15,0.3331764975846206,0.1311911865942327,PBC,0.5,POLFED,1.5883859672475071,0.0,643,1
15,0.7775441817634738,0.1311911865942327,PBC,0.5,POLFED,3.1289038047401827,0.0,643,1
15,0.4139706219807757,0.6159559329711636,PBC,0.5,POLFED,4.489346772121844,0.0,643,1
15,0.1715882487923103,0.7371471195653964,PBC,0.5,POLFED,2.793021930977797,0.0,643,1
15,0.2119853109903878,0.3735735597826982,PBC,0.5,POLFED,3.388990298828653,0.0,643,1
15,0.01,0.2523823731884654,PBC,0.5,POLFED,0.0192421402506662,0.0,643,1
15,0.6967500573673188,0.1311911865942327,PBC,0.5,POLFED,4.308614661094253,0.0,643,1
15,0.3735735597826982,0.7371471195653964,PBC,0.5,POLFED,2.249783333773377,0.0,643,1
15,0.6563529951692412,0.6967500573673188,PBC,0.5,POLFED,4.490357279393352,0.0,643,1
15,0.575558870773086,0.3331764975846206,PBC,0.5,POLFED,4.4941163343480985,0.0,643,1
15,0.0503970621980775,0.01,PBC,0.5,POLFED,0.1206820543751273,0.0,643,1
15,0.4947647463769309,0.7775441817634738,PBC,0.5,POLFED,4.495173027499668,0.0,643,1
15,0.4947647463769309,0.292779435386543,PBC,0.5,POLFED,4.490450325126819,0.0,643,1
15,0.01,0.01,PBC,0.5,POLFED,0.0089695557764177,0.0,643,1
15,0.6967500573673188,0.6159559329711636,PBC,0.5,POLFED,4.471209310734954,0.0,643,1
15,0.5351618085750085,0.4947647463769309,PBC,0.5,POLFED,4.496000619244641,0.0,643,1
15,0.2119853109903878,0.4139706219807757,PBC,0.5,POLFED,0.0048689681797431,0.0,643,1
15,0.4139706219807757,0.1311911865942327,PBC,0.5,POLFED,4.342021875953217,0.0,643,1
15,0.7775441817634738,0.6159559329711636,PBC,0.5,POLFED,3.3420111539958164,0.0,643,1
15,0.4947647463769309,0.4543676841788533,PBC,0.5,POLFED,4.494793518414825,0.0,643,1
15,0.3331764975846206,0.6159559329711636,PBC,0.5,POLFED,4.458711194487421,0.0,643,1
15,0.01,0.2119853109903878,PBC,0.5,POLFED,0.0026485102219562,0.0,643,1
15,0.0907941243961551,0.6967500573673188,PBC,0.5,POLFED,0.6417893541179523,0.0,643,1
15,0.4139706219807757,0.3735735597826982,PBC,0.5,POLFED,4.477970933969433,0.0,643,1
15,0.6563529951692412,0.0503970621980775,PBC,0.5,POLFED,3.771544687360736,0.0,643,1
15,0.6967500573673188,0.4139706219807757,PBC,0.5,POLFED,4.468532759194235,0.0,643,1
15,0.0907941243961551,0.5351618085750085,PBC,0.5,POLFED,0.5962874090607057,0.0,643,1
15,0.3331764975846206,0.4139706219807757,PBC,0.5,POLFED,4.436141253182046,0.0,643,1
15,0.6563529951692412,0.2119853109903878,PBC,0.5,POLFED,4.474710511513056,0.0,643,1
15,0.0907941243961551,0.2523823731884654,PBC,0.5,POLFED,0.4944719773581564,0.0,643,1
15,0.2119853109903878,0.6159559329711636,PBC,0.5,POLFED,3.908119364318426,0.0,643,1
15,0.4947647463769309,0.575558870773086,PBC,0.5,POLFED,4.495638112463952,0.0,643,1
15,0.7775441817634738,0.4139706219807757,PBC,0.5,POLFED,1.4021319278980635e-26,0.0,643,1
15,0.5351618085750085,0.7371471195653964,PBC,0.5,POLFED,2.3140631132037077,0.0,643,1
15,0.4947647463769309,0.6563529951692412,PBC,0.5,POLFED,4.496236726602325,0.0,643,1
15,0.1311911865942327,0.3331764975846206,PBC,0.5,POLFED,1.4892799241441868,0.0,643,1
15,0.4139706219807757,0.01,PBC,0.5,POLFED,1.9109339009000232,0.0,643,1
15,0.2523823731884654,0.3331764975846206,PBC,0.5,POLFED,3.929934241215514,0.0,643,1
15,0.4139706219807757,0.4139706219807757,PBC,0.5,POLFED,4.483794703406299,0.0,643,1
15,0.1715882487923103,0.4947647463769309,PBC,0.5,POLFED,2.8178129282343063,0.0,643,1
15,0.2119853109903878,0.1311911865942327,PBC,0.5,POLFED,1.311858902246412,0.0,643,1
15,0.6967500573673188,0.3735735597826982,PBC,0.5,POLFED,4.449403043992744,0.0,643,1
15,0.3735735597826982,0.4947647463769309,PBC,0.5,POLFED,4.47432614962133,0.0,643,1
15,0.6563529951692412,0.5351618085750085,PBC,0.5,POLFED,4.493041587966733,0.0,643,1
15,0.6159559329711636,0.1715882487923103,PBC,0.5,POLFED,4.4770667743646975,0.0,643,1
15,0.0907941243961551,0.2119853109903878,PBC,0.5,POLFED,0.2108745855737157,0.0,643,1
15,0.01,0.6967500573673188,PBC,0.5,POLFED,0.0392881179916776,0.0,643,1
15,0.3331764975846206,0.3735735597826982,PBC,0.5,POLFED,4.427349739976444,0.0,643,1
15,0.7775441817634738,0.3735735597826982,PBC,0.5,POLFED,3.1085045286613826,0.0,643,1
15,0.6563529951692412,0.2523823731884654,PBC,0.5,POLFED,4.482608308029193,0.0,643,1
15,0.575558870773086,0.4139706219807757,PBC,0.5,POLFED,4.495722512605638,0.0,643,1
15,0.4543676841788533,0.2119853109903878,PBC,0.5,POLFED,4.464844248085587,0.0,643,1
15,0.5351618085750085,0.1715882487923103,PBC,0.5,POLFED,4.478575107098581,0.0,643,1
15,0.1311911865942327,0.1311911865942327,PBC,0.5,POLFED,0.6848743592454536,0.0,643,1
15,0.2523823731884654,0.6159559329711636,PBC,0.5,POLFED,4.245559427839114,0.0,643,1
15,0.0503970621980775,0.6967500573673188,PBC,0.5,POLFED,0.1956227396675104,0.0,643,1
15,0.2119853109903878,0.3331764975846206,PBC,0.5,POLFED,0.7018685710824425,0.0,643,1
15,0.4543676841788533,0.2523823731884654,PBC,0.5,POLFED,0.8014660860929542,0.0,643,1
15,0.575558870773086,0.3735735597826982,PBC,0.5,POLFED,4.495951425741266,0.0,643,1
15,0.2523823731884654,0.1311911865942327,PBC,0.5,POLFED,1.911119764453744,0.0,643,1
15,0.1311911865942327,0.6159559329711636,PBC,0.5,POLFED,1.4705712772738757,0.0,643,1
15,0.292779435386543,0.6967500573673188,PBC,0.5,POLFED,4.414089432163418,0.0,643,1
15,0.6159559329711636,0.7371471195653964,PBC,0.5,POLFED,4.495690114573372,0.0,643,1
15,0.7371471195653964,0.6967500573673188,PBC,0.5,POLFED,7.129122891937882e-26,0.0,643,1
15,0.01,0.6563529951692412,PBC,0.5,POLFED,0.0077270246710163,0.0,643,1
15,0.1715882487923103,0.3331764975846206,PBC,0.5,POLFED,1.9978099210465916,0.0,643,1
15,0.3735735597826982,0.3331764975846206,PBC,0.5,POLFED,4.467283112224322,0.0,643,1
15,0.6563529951692412,0.292779435386543,PBC,0.5,POLFED,4.486215944308709,0.0,643,1
15,0.6563529951692412,0.7775441817634738,PBC,0.5,POLFED,4.424967324551239,0.0,643,1
15,0.4947647463769309,0.0503970621980775,PBC,0.5,POLFED,4.0298190589523495,0.0,643,1
15,0.4543676841788533,0.0907941243961551,PBC,0.5,POLFED,4.260318638527616,0.0,643,1
15,0.6967500573673188,0.1715882487923103,PBC,0.5,POLFED,4.432785761361083,0.0,643,1
15,0.6159559329711636,0.3735735597826982,PBC,0.5,POLFED,4.495249315757357,0.0,643,1
15,0.01,0.575558870773086,PBC,0.5,POLFED,0.0142360160388987,0.0,643,1
15,0.2523823731884654,0.4947647463769309,PBC,0.5,POLFED,4.258867530696603,0.0,643,1
15,0.3331764975846206,0.1715882487923103,PBC,0.5,POLFED,4.04609228551077,0.0,643,1
15,0.575558870773086,0.7371471195653964,PBC,0.5,POLFED,4.49710886298248,0.0,643,1
15,0.7775441817634738,0.1715882487923103,PBC,0.5,POLFED,1.1627116936861244e-13,0.0,643,1
15,0.6563529951692412,0.4543676841788533,PBC,0.5,POLFED,4.491950835914313,0.0,643,1
15,0.4139706219807757,0.1715882487923103,PBC,0.5,POLFED,4.417029121638687,0.0,643,1
15,0.1311911865942327,0.4947647463769309,PBC,0.5,POLFED,0.7399269462071055,0.0,643,1
15,0.6159559329711636,0.4139706219807757,PBC,0.5,POLFED,4.494425520512295,0.0,643,1
15,0.4947647463769309,0.6967500573673188,PBC,0.5,POLFED,4.4953387469374855,0.0,643,1
15,0.0907941243961551,0.4543676841788533,PBC,0.5,POLFED,0.4194211375496355,0.0,643,1
15,0.0907941243961551,0.292779435386543,PBC,0.5,POLFED,0.6780760590751735,0.0,643,1
15,0.0907941243961551,0.7775441817634738,PBC,0.5,POLFED,0.3917498669743457,0.0,643,1
15,0.7371471195653964,0.6563529951692412,PBC,0.5,POLFED,4.363664315848762,0.0,643,1
15,0.4543676841788533,0.292779435386543,PBC,0.5,POLFED,4.486302496805991,0.0,643,1
15,0.4543676841788533,0.7775441817634738,PBC,0.5,POLFED,4.494886633757536,0.0,643,1
15,0.292779435386543,0.6563529951692412,PBC,0.5,POLFED,4.404128285284737,0.0,643,1
15,0.575558870773086,0.01,PBC,0.5,POLFED,2.871887787121975,0.0,643,1
15,0.575558870773086,0.1715882487923103,PBC,0.5,POLFED,4.47739148090195,0.0,643,1
15,0.3331764975846206,0.7371471195653964,PBC,0.5,POLFED,4.468960712132216,0.0,643,1
15,0.292779435386543,0.575558870773086,PBC,0.5,POLFED,4.419848982938533,0.0,643,1
15,0.4543676841788533,0.4543676841788533,PBC,0.5,POLFED,4.493583405380936,0.0,643,1
15,0.7775441817634738,0.7371471195653964,PBC,0.5,POLFED,2.7166500623156753e-26,0.0,643,1
15,0.5351618085750085,0.4139706219807757,PBC,0.5,POLFED,4.497072796645317,0.0,643,1
15,0.4947647463769309,0.01,PBC,0.5,POLFED,1.6025947509192778e-07,0.0,643,1
15,0.6563529951692412,0.01,PBC,0.5,POLFED,3.0531718328255355,0.0,643,1
15,0.2119853109903878,0.4947647463769309,PBC,0.5,POLFED,3.77419316989082,0.0,643,1
15,0.1715882487923103,0.1311911865942327,PBC,0.5,POLFED,0.7650862312844465,0.0,643,1
15,0.6563529951692412,0.0907941243961551,PBC,0.5,POLFED,4.3443945601463705,0.0,643,1
15,0.7371471195653964,0.575558870773086,PBC,0.5,POLFED,1.575689227703137e-26,0.0,643,1
15,0.3735735597826982,0.1311911865942327,PBC,0.5,POLFED,4.153388223196084,0.0,643,1
15,0.6967500573673188,0.7371471195653964,PBC,0.5,POLFED,4.468059817080922,0.0,643,1
15,0.3735735597826982,0.6159559329711636,PBC,0.5,POLFED,4.475818523153217,0.0,643,1
15,0.0503970621980775,0.6563529951692412,PBC,0.5,POLFED,0.1480676984483878,0.0,643,1
15,0.1715882487923103,0.6159559329711636,PBC,0.5,POLFED,3.158025538639135,0.0,643,1
15,0.5351618085750085,0.3735735597826982,PBC,0.5,POLFED,4.494906280829918,0.0,643,1
15,0.4139706219807757,0.7371471195653964,PBC,0.5,POLFED,4.492612014441306,0.0,643,1
15,0.0907941243961551,0.0907941243961551,PBC,0.5,POLFED,0.419020525000719,0.0,643,1
15,0.0503970621980775,0.575558870773086,PBC,0.5,POLFED,0.1495693545841853,0.0,643,1
15,0.0503970621980775,0.4543676841788533,PBC,0.5,POLFED,0.2694523889094732,0.0,643,1
15,0.0503970621980775,0.292779435386543,PBC,0.5,POLFED,0.2349593191889608,0.0,643,1
15,0.1715882487923103,0.4139706219807757,PBC,0.5,POLFED,2.2558329543998816,0.0,643,1
15,0.4139706219807757,0.4947647463769309,PBC,0.5,POLFED,4.491182014975915,0.0,643,1
15,0.3331764975846206,0.0503970621980775,PBC,0.5,POLFED,2.565090456443694,0.0,643,1
15,0.0503970621980775,0.7775441817634738,PBC,0.5,POLFED,0.1223516423843965,0.0,643,1
15,0.6159559329711636,0.01,PBC,0.5,POLFED,3.0439017715595327,0.0,643,1
15,0.3735735597826982,0.4139706219807757,PBC,0.5,POLFED,4.469684320129195,0.0,643,1
15,0.1311911865942327,0.1715882487923103,PBC,0.5,POLFED,0.7795478621175707,0.0,643,1
15,0.5351618085750085,0.01,PBC,0.5,POLFED,2.8395507649452445,0.0,643,1
15,0.5351618085750085,0.1311911865942327,PBC,0.5,POLFED,4.444414538478062,0.0,643,1
15,0.2119853109903878,0.7371471195653964,PBC,0.5,POLFED,3.9750391907358087,0.0,643,1
15,0.4543676841788533,0.575558870773086,PBC,0.5,POLFED,4.491301897025758,0.0,643,1
15,0.1715882487923103,0.3735735597826982,PBC,0.5,POLFED,2.134548436834661,0.0,643,1
15,0.5351618085750085,0.6159559329711636,PBC,0.5,POLFED,4.496466302581519,0.0,643,1
15,0.292779435386543,0.4543676841788533,PBC,0.5,POLFED,4.34478739388031,0.0,643,1
15,0.3735735597826982,0.3735735597826982,PBC,0.5,POLFED,4.4616757865257535,0.0,643,1
15,0.2523823731884654,0.1715882487923103,PBC,0.5,POLFED,3.5839298924483773,0.0,643,1
15,0.01,0.0907941243961551,PBC,0.5,POLFED,0.0356445597050022,0.0,643,1
15,0.7371471195653964,0.4543676841788533,PBC,0.5,POLFED,4.293124353612888,0.0,643,1
15,0.7775441817634738,0.4947647463769309,PBC,0.5,POLFED,1.5092157884570543e-26,0.0,643,1
15,0.7371471195653964,0.7775441817634738,PBC,0.5,POLFED,3.884346202959773,0.0,643,1
15,0.7371471195653964,0.292779435386543,PBC,0.5,POLFED,9.24551976094558e-09,0.0,643,1
15,0.292779435386543,0.292779435386543,PBC,0.5,POLFED,4.190955878967409,0.0,643,1
15,0.6159559329711636,0.3331764975846206,PBC,0.5,POLFED,4.494889885511302,0.0,643,1
15,0.292779435386543,0.7775441817634738,PBC,0.5,POLFED,4.164770617696171,0.0,643,1
15,0.4543676841788533,0.6563529951692412,PBC,0.5,POLFED,4.492157027568647,0.0,643,1
15,0.6159559329711636,0.0503970621980775,PBC,0.5,POLFED,3.990907790288962,0.0,643,1
15,0.5351618085750085,0.3331764975846206,PBC,0.5,POLFED,4.494896698477227,0.0,643,1
15,0.0907941243961551,0.6563529951692412,PBC,0.5,POLFED,0.4064203994467453,0.0,643,1
15,0.0503970621980775,0.0907941243961551,PBC,0.5,POLFED,0.0849916975804045,0.0,643,1
15,0.4947647463769309,0.5351618085750085,PBC,0.5,POLFED,4.495923248662546,0.0,643,1
15,0.1311911865942327,0.7371471195653964,PBC,0.5,POLFED,1.6803714421385567,0.0,643,1
15,0.4947647463769309,0.2523823731884654,PBC,0.5,POLFED,4.485682668224143,0.0,643,1
15,0.6159559329711636,0.6159559329711636,PBC,0.5,POLFED,4.49584769829629,0.0,643,1
15,0.0907941243961551,0.575558870773086,PBC,0.5,POLFED,0.4816156564452973,0.0,643,1
15,0.6159559329711636,0.1311911865942327,PBC,0.5,POLFED,4.454762188912242,0.0,643,1
15,0.292779435386543,0.0907941243961551,PBC,0.5,POLFED,2.6149648005345623,0.0,643,1
15,0.575558870773086,0.4947647463769309,PBC,0.5,POLFED,4.496568453487578,0.0,643,1
15,0.2523823731884654,0.7371471195653964,PBC,0.5,POLFED,4.308517979044856,0.0,643,1
15,0.01,0.4543676841788533,PBC,0.5,POLFED,0.0944319655082806,0.0,643,1
15,0.2119853109903878,0.1715882487923103,PBC,0.5,POLFED,2.4503928449874874,0.0,643,1
15,0.4947647463769309,0.2119853109903878,PBC,0.5,POLFED,4.4842157478510085,0.0,643,1
15,0.6563529951692412,0.575558870773086,PBC,0.5,POLFED,4.49191498417799,0.0,643,1
15,0.7371471195653964,0.0907941243961551,PBC,0.5,POLFED,3.601355255385952,0.0,643,1
15,0.01,0.7775441817634738,PBC,0.5,POLFED,1.168869554876325e-26,0.0,643,1
15,0.01,0.292779435386543,PBC,0.5,POLFED,0.0441540708298755,0.0,643,1
15,0.6563529951692412,0.6563529951692412,PBC,0.5,POLFED,4.491600943597662,0.0,643,1
15,0.4947647463769309,0.1311911865942327,PBC,0.5,POLFED,4.439245217898467,0.0,643,1
15,0.4139706219807757,0.4543676841788533,PBC,0.5,POLFED,4.484847101415381,0.0,643,1
15,0.6159559329711636,0.2119853109903878,PBC,0.5,POLFED,4.4861951319443945,0.0,643,1
15,0.0907941243961551,0.1715882487923103,PBC,0.5,POLFED,0.5191593048423296,0.0,643,1
15,0.4139706219807757,0.7775441817634738,PBC,0.5,POLFED,4.488972410268022,0.0,643,1
15,0.0503970621980775,0.4947647463769309,PBC,0.5,POLFED,0.0108663767437859,0.0,643,1
15,0.4139706219807757,0.292779435386543,PBC,0.5,POLFED,4.471021162357604,0.0,643,1
15,0.7775441817634738,0.292779435386543,PBC,0.5,POLFED,3.879080072379458e-26,0.0,643,1
15,0.7775441817634738,0.7775441817634738,PBC,0.5,POLFED,6.509264039002136e-10,0.0,643,1
15,0.3331764975846206,0.7775441817634738,PBC,0.5,POLFED,4.467907936107237,0.0,643,1
15,0.2119853109903878,0.6563529951692412,PBC,0.5,POLFED,4.031595945123501,0.0,643,1
15,0.3331764975846206,0.292779435386543,PBC,0.5,POLFED,4.360536958518265,0.0,643,1
15,0.292779435386543,0.0503970621980775,PBC,0.5,POLFED,2.004864056152481,0.0,643,1
15,0.6967500573673188,0.7775441817634738,PBC,0.5,POLFED,4.412847285527193,0.0,643,1
15,0.7775441817634738,0.0503970621980775,PBC,0.5,POLFED,2.035694890624552e-26,0.0,643,1
15,0.6967500573673188,0.4543676841788533,PBC,0.5,POLFED,4.454202352439945,0.0,643,1
15,0.575558870773086,0.0907941243961551,PBC,0.5,POLFED,4.408662285628197,0.0,643,1
15,0.6159559329711636,0.5351618085750085,PBC,0.5,POLFED,4.495361774301399,0.0,643,1
15,0.292779435386543,0.4947647463769309,PBC,0.5,POLFED,4.388736257952423,0.0,643,1
15,0.6563529951692412,0.1715882487923103,PBC,0.5,POLFED,4.435691469613103,0.0,643,1
15,0.7371471195653964,0.4947647463769309,PBC,0.5,POLFED,3.293680682435681,0.0,643,1
15,0.7775441817634738,0.4543676841788533,PBC,0.5,POLFED,1.466103666341751e-24,0.0,643,1
15,0.2119853109903878,0.575558870773086,PBC,0.5,POLFED,3.987933839934025,0.0,643,1
15,0.4947647463769309,0.6159559329711636,PBC,0.5,POLFED,4.4958891794654905,0.0,643,1
15,0.6159559329711636,0.2523823731884654,PBC,0.5,POLFED,4.488857512504317,0.0,643,1
15,0.3331764975846206,0.4543676841788533,PBC,0.5,POLFED,4.440377443760847,0.0,643,1
15,0.5351618085750085,0.2523823731884654,PBC,0.5,POLFED,4.49227233183501,0.0,643,1
15,0.1311911865942327,0.575558870773086,PBC,0.5,POLFED,1.6534313652420285,0.0,643,1
15,0.0907941243961551,0.7371471195653964,PBC,0.5,POLFED,9.644107462355372e-27,0.0,643,1
15,0.4139706219807757,0.0907941243961551,PBC,0.5,POLFED,4.065625444877542,0.0,643,1
15,0.5351618085750085,0.5351618085750085,PBC,0.5,POLFED,4.496625761705124,0.0,643,1
15,0.6967500573673188,0.01,PBC,0.5,POLFED,3.086230314880602,0.0,643,1
15,0.1311911865942327,0.6563529951692412,PBC,0.5,POLFED,1.3925741919680272,0.0,643,1
15,0.4947647463769309,0.3331764975846206,PBC,0.5,POLFED,4.491146097213801,0.0,643,1
15,0.2523823731884654,0.6563529951692412,PBC,0.5,POLFED,4.291730511145556,0.0,643,1
15,0.575558870773086,0.7775441817634738,PBC,0.5,POLFED,4.496569504938917,0.0,643,1
15,0.6967500573673188,0.0907941243961551,PBC,0.5,POLFED,4.118000866907127,0.0,643,1
15,0.3735735597826982,0.6967500573673188,PBC,0.5,POLFED,1.326772463147658,0.0,643,1
15,0.6563529951692412,0.7371471195653964,PBC,0.5,POLFED,1.194484094268791,0.0,643,1
15,0.5351618085750085,0.2119853109903878,PBC,0.5,POLFED,4.483866988571627,0.0,643,1
15,0.1715882487923103,0.6967500573673188,PBC,0.5,POLFED,3.099063365366928,0.0,643,1
15,0.4543676841788533,0.1715882487923103,PBC,0.5,POLFED,4.458832810197514,0.0,643,1
15,0.575558870773086,0.4543676841788533,PBC,0.5,POLFED,4.49532533549844,0.0,643,1
15,0.7775441817634738,0.0907941243961551,PBC,0.5,POLFED,3.116028751764136,0.0,643,1
15,0.01,0.4947647463769309,PBC,0.5,POLFED,0.0047816096351985,0.0,643,1
15,0.2523823731884654,0.575558870773086,PBC,0.5,POLFED,4.258587792232159,0.0,643,1
15,0.3331764975846206,0.0907941243961551,PBC,0.5,POLFED,3.4529781288587102,0.0,643,1
15,0.3735735597826982,0.2523823731884654,PBC,0.5,POLFED,4.413456675690923,0.0,643,1
15,0.292779435386543,0.1715882487923103,PBC,0.5,POLFED,0.7289926208800719,0.0,643,1
15,0.01,0.7371471195653964,PBC,0.5,POLFED,0.0097790656690081,0.0,643,1
15,0.4543676841788533,0.0503970621980775,PBC,0.5,POLFED,3.6506888888447473,0.0,643,1
15,0.575558870773086,0.575558870773086,PBC,0.5,POLFED,4.496173966426688,0.0,643,1
15,0.1715882487923103,0.2523823731884654,PBC,0.5,POLFED,1.4665810245523028,0.0,643,1
15,0.3735735597826982,0.5351618085750085,PBC,0.5,POLFED,4.473771226639029,0.0,643,1
15,0.6563529951692412,0.4947647463769309,PBC,0.5,POLFED,4.470481710912134,0.0,643,1
15,0.7371471195653964,0.1715882487923103,PBC,0.5,POLFED,4.106943818252058,0.0,643,1
15,0.7775441817634738,0.01,PBC,0.5,POLFED,9.574744194986888e-27,0.0,643,1
15,0.1715882487923103,0.5351618085750085,PBC,0.5,POLFED,2.678802315053709,0.0,643,1
15,0.2523823731884654,0.4543676841788533,PBC,0.5,POLFED,4.150741927119391,0.0,643,1
15,0.2119853109903878,0.0907941243961551,PBC,0.5,POLFED,1.424952011252168,0.0,643,1
15,0.7371471195653964,0.01,PBC,0.5,POLFED,2.9688149751330277,0.0,643,1
15,0.2523823731884654,0.292779435386543,PBC,0.5,POLFED,3.871523020735505,0.0,643,1
15,0.2523823731884654,0.7775441817634738,PBC,0.5,POLFED,4.3139407583223495,0.0,643,1
15,0.2523823731884654,0.0503970621980775,PBC,0.5,POLFED,1.2181568988207347,0.0,643,1
15,0.1715882487923103,0.0503970621980775,PBC,0.5,POLFED,0.5982943913137723,0.0,643,1
15,0.4543676841788533,0.01,PBC,0.5,POLFED,0.2147277563001819,0.0,643,1
15,0.575558870773086,0.6563529951692412,PBC,0.5,POLFED,4.497824558409877,0.0,643,1
15,0.1311911865942327,0.7775441817634738,PBC,0.5,POLFED,1.292864826799519,0.0,643,1
15,0.1311911865942327,0.292779435386543,PBC,0.5,POLFED,0.9259639506198531,0.0,643,1
15,0.0503970621980775,0.1715882487923103,PBC,0.5,POLFED,0.1056278687406884,0.0,643,1
15,0.1311911865942327,0.4543676841788533,PBC,0.5,POLFED,1.0258736151350358,0.0,643,1
15,0.1715882487923103,0.2119853109903878,PBC,0.5,POLFED,1.039904838001585,0.0,643,1
15,0.3735735597826982,0.2119853109903878,PBC,0.5,POLFED,4.418743859614506,0.0,643,1
15,0.5351618085750085,0.0503970621980775,PBC,0.5,POLFED,3.985695522859388,0.0,643,1
15,0.0907941243961551,0.4947647463769309,PBC,0.5,POLFED,0.5392706269587989,0.0,643,1
15,0.7371471195653964,0.7371471195653964,PBC,0.5,POLFED,1.326891860081101e-26,0.0,643,1
15,0.6967500573673188,0.575558870773086,PBC,0.5,POLFED,4.469175878700164,0.0,643,1
15,0.4543676841788533,0.4947647463769309,PBC,0.5,POLFED,4.492367076273776,0.0,643,1
15,0.4947647463769309,0.4139706219807757,PBC,0.5,POLFED,4.493239353600488,0.0,643,1
15,0.7775441817634738,0.575558870773086,PBC,0.5,POLFED,3.5090839125840807,0.0,643,1
15,0.2523823731884654,0.0907941243961551,PBC,0.5,POLFED,1.6508942310845365,0.0,643,1
15,0.3331764975846206,0.575558870773086,PBC,0.5,POLFED,4.452978384449745,0.0,643,1
15,0.2119853109903878,0.4543676841788533,PBC,0.5,POLFED,3.757066522960667,0.0,643,1
15,0.6159559329711636,0.6967500573673188,PBC,0.5,POLFED,4.4964458301478825,0.0,643,1
15,0.292779435386543,0.7371471195653964,PBC,0.5,POLFED,4.426784192701755,0.0,643,1
15,0.01,0.1715882487923103,PBC,0.5,POLFED,0.0020601793035824,0.0,643,1
15,0.7775441817634738,0.6563529951692412,PBC,0.5,POLFED,9.534571986497052e-27,0.0,643,1
15,0.2119853109903878,0.7775441817634738,PBC,0.5,POLFED,1.7340393941041226e-26,0.0,643,1
15,0.3331764975846206,0.6563529951692412,PBC,0.5,POLFED,4.458987048083269,0.0,643,1
15,0.2119853109903878,0.292779435386543,PBC,0.5,POLFED,3.114350917996918,0.0,643,1
15,0.6967500573673188,0.6563529951692412,PBC,0.5,POLFED,4.46968148500015,0.0,643,1
15,0.0503970621980775,0.7371471195653964,PBC,0.5,POLFED,0.1795473697100822,0.0,643,1
15,0.4139706219807757,0.6563529951692412,PBC,0.5,POLFED,4.493499153297413,0.0,643,1
15,0.1311911865942327,0.0907941243961551,PBC,0.5,POLFED,0.3448529766559089,0.0,643,1
15,0.4139706219807757,0.575558870773086,PBC,0.5,POLFED,4.4910577737976975,0.0,643,1
15,0.4947647463769309,0.3735735597826982,PBC,0.5,POLFED,4.494632591239905,0.0,643,1
16,0.001,0.7853981633974483,PBC,0.0,POLFED,0.006149827048205385,0.025281409659461816,750,19
16,0.09882659565425636,0.7853981633974483,PBC,0.0,POLFED,0.8072410122600737,0.18281168330717754,750,18
16,0.19665319130851272,0.7853981633974483,PBC,0.0,POLFED,4.269199343703399,0.06674741996670394,750,19
16,0.2944797869627691,0.7853981633974483,PBC,0.0,POLFED,4.896371668638079,0.008086506822480804,750,19
16,0.39230638261702544,0.7853981633974483,PBC,0.0,POLFED,4.948324509112315,0.004261383128339072,750,19
