N,J,Jz,boundary_conditions,magnetization,algorithm,eigvec_entanglement_mean,eigvec_entanglement_std,num_states_per_rd_instance,num_rd_instances
12,0.090794124,0.615955933,PBC,0.0,POLFED,0.582971493,0.072335718,92,4
12,0.333176498,0.494764746,PBC,0.0,POLFED,3.458974235,0.02203831,92,4
12,0.575558871,0.575558871,PBC,0.0,POLFED,3.567121876,0.003176868,92,4
12,0.171588249,0.494764746,PBC,0.0,POLFED,1.900050664,0.113743205,92,4
12,0.696750057,0.696750057,PBC,0.0,POLFED,3.409834935,0.060284358,92,4
12,0.696750057,0.131191187,PBC,0.0,POLFED,3.126806554,0.037254667,92,4
12,0.252382373,0.656352995,PBC,0.0,POLFED,3.154082463,0.037942907,92,4
12,0.777544182,0.292779435,PBC,0.0,POLFED,2.654105411,0.462368935,92,4
12,0.292779435,0.37357356,PBC,0.0,POLFED,3.138753945,0.097243385,92,4
12,0.01,0.050397062,PBC,0.0,POLFED,0.036943213,0.06060078,92,4
12,0.656352995,0.535161809,PBC,0.0,POLFED,3.511347799,0.028511619,92,4
12,0.292779435,0.050397062,PBC,0.0,POLFED,1.526894702,0.20699196,92,4
12,0.454367684,0.01,PBC,0.0,POLFED,2.040338894,0.199045642,92,4
12,0.615955933,0.333176498,PBC,0.0,POLFED,3.533384915,0.009680616,92,4
12,0.696750057,0.615955933,PBC,0.0,POLFED,3.455849304,0.042016049,92,4
12,0.413970622,0.656352995,PBC,0.0,POLFED,3.553287175,0.002521632,92,4
12,0.535161809,0.333176498,PBC,0.0,POLFED,3.552455868,0.005689444,92,4
12,0.494764746,0.252382373,PBC,0.0,POLFED,3.533010786,0.009151546,92,4
12,0.050397062,0.575558871,PBC,0.0,POLFED,0.138251802,0.051612499,92,4
12,0.413970622,0.050397062,PBC,0.0,POLFED,2.355709406,0.062526676,92,4
12,0.656352995,0.211985311,PBC,0.0,POLFED,3.425464888,0.034933964,92,4
12,0.090794124,0.131191187,PBC,0.0,POLFED,0.468134943,0.152370553,92,4
12,0.090794124,0.696750057,PBC,0.0,POLFED,0.475830802,0.107769288,92,4
12,0.413970622,0.01,PBC,0.0,POLFED,1.907759655,0.175146652,92,4
12,0.37357356,0.252382373,PBC,0.0,POLFED,3.360084323,0.029697819,92,4
12,0.050397062,0.656352995,PBC,0.0,POLFED,0.255617341,0.044070152,92,4
12,0.413970622,0.575558871,PBC,0.0,POLFED,3.549792898,0.004466603,92,4
12,0.535161809,0.535161809,PBC,0.0,POLFED,3.571937011,0.001864892,92,4
12,0.01,0.615955933,PBC,0.0,POLFED,0.016391004,0.017844672,92,4
12,0.615955933,0.535161809,PBC,0.0,POLFED,3.559932277,0.003170325,92,4
12,0.535161809,0.211985311,PBC,0.0,POLFED,3.498265088,0.013137068,92,4
12,0.777544182,0.494764746,PBC,0.0,POLFED,2.719139424,0.202218606,92,4
12,0.656352995,0.333176498,PBC,0.0,POLFED,3.505067631,0.032884407,92,4
12,0.333176498,0.292779435,PBC,0.0,POLFED,3.293289571,0.081991011,92,4
12,0.01,0.131191187,PBC,0.0,POLFED,0.043225752,0.036266934,92,4
12,0.01,0.696750057,PBC,0.0,POLFED,0.025967093,0.014297362,92,4
12,0.615955933,0.211985311,PBC,0.0,POLFED,3.501159593,0.015125327,92,4
12,0.171588249,0.292779435,PBC,0.0,POLFED,1.321666749,0.20454938,92,4
12,0.615955933,0.050397062,PBC,0.0,POLFED,2.8238314,0.075493999,92,4
12,0.73714712,0.01,PBC,0.0,POLFED,2.379060249,0.40359085,92,4
12,0.535161809,0.050397062,PBC,0.0,POLFED,2.789463512,0.030109201,92,4
12,0.292779435,0.171588249,PBC,0.0,POLFED,2.471804251,0.186854532,92,4
12,0.575558871,0.656352995,PBC,0.0,POLFED,3.564914689,0.011924231,92,4
12,0.252382373,0.575558871,PBC,0.0,POLFED,3.092171516,0.066480056,92,4
12,0.494764746,0.211985311,PBC,0.0,POLFED,3.513832764,0.008522098,92,4
12,0.656352995,0.252382373,PBC,0.0,POLFED,3.461010874,0.027007959,92,4
12,0.777544182,0.37357356,PBC,0.0,POLFED,2.710754441,0.205865557,92,4
12,0.292779435,0.292779435,PBC,0.0,POLFED,3.047646382,0.080871012,92,4
12,0.575558871,0.413970622,PBC,0.0,POLFED,3.565547264,0.004851108,92,4
12,0.252382373,0.454367684,PBC,0.0,POLFED,2.976776142,0.104421608,92,4
12,0.050397062,0.050397062,PBC,0.0,POLFED,0.078341321,0.026983061,92,4
12,0.333176498,0.171588249,PBC,0.0,POLFED,2.948449058,0.125363072,92,4
12,0.575558871,0.73714712,PBC,0.0,POLFED,3.572284991,0.004985291,92,4
12,0.575558871,0.090794124,PBC,0.0,POLFED,3.17313462,0.024833146,92,4
12,0.171588249,0.171588249,PBC,0.0,POLFED,1.096650768,0.484567735,92,4
12,0.575558871,0.777544182,PBC,0.0,POLFED,3.563594163,0.010163048,92,4
12,0.413970622,0.454367684,PBC,0.0,POLFED,3.532683569,0.007451742,92,4
12,0.050397062,0.777544182,PBC,0.0,POLFED,0.13556941,0.050531244,92,4
12,0.333176498,0.01,PBC,0.0,POLFED,1.467937987,0.196216746,92,4
12,0.01,0.01,PBC,0.0,POLFED,0.008847124,0.007386921,92,4
12,0.050397062,0.73714712,PBC,0.0,POLFED,0.233169521,0.154536045,92,4
12,0.050397062,0.090794124,PBC,0.0,POLFED,0.168270683,0.098506816,92,4
12,0.37357356,0.333176498,PBC,0.0,POLFED,3.447520405,0.021149399,92,4
12,0.494764746,0.535161809,PBC,0.0,POLFED,3.562248912,0.008812789,92,4
12,0.050397062,0.413970622,PBC,0.0,POLFED,0.241803976,0.098887553,92,4
12,0.615955933,0.252382373,PBC,0.0,POLFED,3.524439783,0.00957415,92,4
12,0.211985311,0.01,PBC,0.0,POLFED,0.897802537,0.46289336,92,4
12,0.73714712,0.615955933,PBC,0.0,POLFED,2.435240249,1.409534066,92,4
12,0.050397062,0.454367684,PBC,0.0,POLFED,0.216111408,0.075632835,92,4
12,0.413970622,0.777544182,PBC,0.0,POLFED,3.551030144,0.01171691,92,4
12,0.494764746,0.333176498,PBC,0.0,POLFED,3.546555241,0.009760216,92,4
12,0.535161809,0.252382373,PBC,0.0,POLFED,3.530122966,0.021622819,92,4
12,0.413970622,0.73714712,PBC,0.0,POLFED,3.537156631,0.027771716,92,4
12,0.413970622,0.090794124,PBC,0.0,POLFED,2.910496563,0.135851388,92,4
12,0.413970622,0.413970622,PBC,0.0,POLFED,3.533716473,0.002881733,92,4
12,0.37357356,0.535161809,PBC,0.0,POLFED,3.517506936,0.006768371,92,4
12,0.131191187,0.01,PBC,0.0,POLFED,0.420659848,0.247954615,92,4
12,0.131191187,0.131191187,PBC,0.0,POLFED,0.58073658,0.164404059,92,4
12,0.131191187,0.696750057,PBC,0.0,POLFED,1.273668231,0.251864719,92,4
12,0.454367684,0.615955933,PBC,0.0,POLFED,3.566670988,0.002560816,92,4
12,0.575558871,0.01,PBC,0.0,POLFED,2.393262491,0.041847107,92,4
12,0.211985311,0.131191187,PBC,0.0,POLFED,1.364480243,0.210231867,92,4
12,0.211985311,0.696750057,PBC,0.0,POLFED,2.738988049,0.159067355,92,4
12,0.252382373,0.413970622,PBC,0.0,POLFED,2.997507713,0.154666523,92,4
12,0.777544182,0.171588249,PBC,0.0,POLFED,2.731587544,0.270843186,92,4
12,0.131191187,0.615955933,PBC,0.0,POLFED,1.145366598,0.091709061,92,4
12,0.37357356,0.211985311,PBC,0.0,POLFED,3.274722895,0.041520747,92,4
12,0.454367684,0.696750057,PBC,0.0,POLFED,3.565414943,0.004592049,92,4
12,0.454367684,0.131191187,PBC,0.0,POLFED,3.252043139,0.052555956,92,4
12,0.211985311,0.615955933,PBC,0.0,POLFED,2.639444148,0.091216868,92,4
12,0.292779435,0.494764746,PBC,0.0,POLFED,3.316321129,0.026654815,92,4
12,0.73714712,0.696750057,PBC,0.0,POLFED,3.251926162,0.074895707,92,4
12,0.73714712,0.131191187,PBC,0.0,POLFED,2.901479194,0.148761375,92,4
12,0.252382373,0.777544182,PBC,0.0,POLFED,3.106165506,0.033402403,92,4
12,0.171588249,0.37357356,PBC,0.0,POLFED,1.561034452,0.196058722,92,4
12,0.252382373,0.090794124,PBC,0.0,POLFED,1.504700818,0.172725053,92,4
12,0.252382373,0.73714712,PBC,0.0,POLFED,3.136311382,0.039287713,92,4
12,0.333176498,0.37357356,PBC,0.0,POLFED,3.384897893,0.023961323,92,4
12,0.575558871,0.454367684,PBC,0.0,POLFED,3.564243041,0.004305795,92,4
12,0.333176498,0.535161809,PBC,0.0,POLFED,3.431611877,0.052190087,92,4
12,0.171588249,0.535161809,PBC,0.0,POLFED,1.703372005,0.074402402,92,4
12,0.696750057,0.73714712,PBC,0.0,POLFED,3.362805803,0.043385728,92,4
12,0.696750057,0.090794124,PBC,0.0,POLFED,2.895654404,0.159089267,92,4
12,0.73714712,0.656352995,PBC,0.0,POLFED,1.60098357,1.601355441,92,4
12,0.696750057,0.777544182,PBC,0.0,POLFED,3.373618634,0.089898825,92,4
12,0.777544182,0.333176498,PBC,0.0,POLFED,2.853125831,0.313980235,92,4
12,0.656352995,0.494764746,PBC,0.0,POLFED,3.530431401,0.022158953,92,4
12,0.01,0.454367684,PBC,0.0,POLFED,0.058361304,0.04337348,92,4
12,0.454367684,0.656352995,PBC,0.0,POLFED,3.547374562,0.016174767,92,4
12,0.696750057,0.413970622,PBC,0.0,POLFED,3.360106474,0.092674316,92,4
12,0.494764746,0.171588249,PBC,0.0,POLFED,3.442982274,0.020494469,92,4
12,0.131191187,0.656352995,PBC,0.0,POLFED,1.097635239,0.153035018,92,4
12,0.090794124,0.090794124,PBC,0.0,POLFED,0.350824963,0.199267402,92,4
12,0.090794124,0.73714712,PBC,0.0,POLFED,0.641812201,0.147504441,92,4
12,0.090794124,0.777544182,PBC,0.0,POLFED,0.496012658,0.104387524,92,4
12,0.37357356,0.37357356,PBC,0.0,POLFED,3.43746243,0.03246618,92,4
12,0.211985311,0.656352995,PBC,0.0,POLFED,2.74462517,0.064723143,92,4
12,0.333176498,0.211985311,PBC,0.0,POLFED,3.080240056,0.132214563,92,4
12,0.615955933,0.292779435,PBC,0.0,POLFED,3.522887429,0.020523971,92,4
12,0.171588249,0.211985311,PBC,0.0,POLFED,1.333866615,0.18743597,92,4
12,0.535161809,0.292779435,PBC,0.0,POLFED,3.551125461,0.005768571,92,4
12,0.090794124,0.413970622,PBC,0.0,POLFED,0.494947062,0.019018148,92,4
12,0.535161809,0.494764746,PBC,0.0,POLFED,3.566044577,0.006917148,92,4
12,0.131191187,0.575558871,PBC,0.0,POLFED,1.008087416,0.090785812,92,4
12,0.777544182,0.211985311,PBC,0.0,POLFED,2.725184572,0.278942012,92,4
12,0.37357356,0.171588249,PBC,0.0,POLFED,3.244407018,0.068857059,92,4
12,0.211985311,0.575558871,PBC,0.0,POLFED,2.637086328,0.091844054,92,4
12,0.615955933,0.494764746,PBC,0.0,POLFED,3.550839593,0.003854903,92,4
12,0.494764746,0.37357356,PBC,0.0,POLFED,3.564046698,0.000890787,92,4
12,0.090794124,0.454367684,PBC,0.0,POLFED,0.477399302,0.08882695,92,4
12,0.696750057,0.050397062,PBC,0.0,POLFED,2.748139115,0.074542262,92,4
12,0.73714712,0.575558871,PBC,0.0,POLFED,3.198496782,0.080797613,92,4
12,0.01,0.413970622,PBC,0.0,POLFED,0.012121828,0.013214748,92,4
12,0.535161809,0.01,PBC,0.0,POLFED,2.310273292,0.080904187,92,4
12,0.171588249,0.01,PBC,0.0,POLFED,0.419814059,0.0572797,92,4
12,0.696750057,0.454367684,PBC,0.0,POLFED,3.448230402,0.0449841,92,4
12,0.615955933,0.01,PBC,0.0,POLFED,2.46043902,0.035916604,92,4
12,0.777544182,0.535161809,PBC,0.0,POLFED,2.733392034,0.433897689,92,4
12,0.01,0.777544182,PBC,0.0,POLFED,0.00980998,0.006866788,92,4
12,0.656352995,0.292779435,PBC,0.0,POLFED,3.492125885,0.018710795,92,4
12,0.01,0.090794124,PBC,0.0,POLFED,0.01313241,0.010613346,92,4
12,0.01,0.73714712,PBC,0.0,POLFED,0.019590925,0.018590858,92,4
12,0.333176498,0.333176498,PBC,0.0,POLFED,3.350558437,0.032307331,92,4
12,0.171588249,0.333176498,PBC,0.0,POLFED,1.451857025,0.235404259,92,4
12,0.292779435,0.252382373,PBC,0.0,POLFED,2.8719476,0.140609624,92,4
12,0.454367684,0.575558871,PBC,0.0,POLFED,3.562257775,0.004478751,92,4
12,0.696750057,0.575558871,PBC,0.0,POLFED,3.436399621,0.020662884,92,4
12,0.575558871,0.696750057,PBC,0.0,POLFED,3.555718369,0.014781355,92,4
12,0.575558871,0.131191187,PBC,0.0,POLFED,3.381817102,0.029131007,92,4
12,0.656352995,0.171588249,PBC,0.0,POLFED,3.381557862,0.029577428,92,4
12,0.050397062,0.615955933,PBC,0.0,POLFED,0.181804277,0.047390917,92,4
12,0.73714712,0.454367684,PBC,0.0,POLFED,3.081586234,0.017580917,92,4
12,0.454367684,0.454367684,PBC,0.0,POLFED,3.543587803,0.017660524,92,4
12,0.292779435,0.333176498,PBC,0.0,POLFED,3.098216344,0.071303983,92,4
12,0.171588249,0.252382373,PBC,0.0,POLFED,1.02397007,0.125591884,92,4
12,0.333176498,0.252382373,PBC,0.0,POLFED,3.110466676,0.069112686,92,4
12,0.01,0.656352995,PBC,0.0,POLFED,0.064284916,0.066335514,92,4
12,0.211985311,0.050397062,PBC,0.0,POLFED,0.970838816,0.189006267,92,4
12,0.131191187,0.050397062,PBC,0.0,POLFED,0.542633371,0.368812456,92,4
12,0.494764746,0.494764746,PBC,0.0,POLFED,3.563505958,0.002871501,92,4
12,0.615955933,0.37357356,PBC,0.0,POLFED,3.547953207,0.005860951,92,4
12,0.090794124,0.575558871,PBC,0.0,POLFED,0.539836812,0.138957189,92,4
12,0.211985311,0.454367684,PBC,0.0,POLFED,2.411728538,0.063907293,92,4
12,0.535161809,0.37357356,PBC,0.0,POLFED,3.564218256,0.002294205,92,4
12,0.131191187,0.454367684,PBC,0.0,POLFED,0.900446422,0.093501481,92,4
12,0.575558871,0.615955933,PBC,0.0,POLFED,3.57079106,0.002083716,92,4
12,0.050397062,0.696750057,PBC,0.0,POLFED,0.177380542,0.019023519,92,4
12,0.050397062,0.131191187,PBC,0.0,POLFED,0.135649583,0.097556013,92,4
12,0.37357356,0.292779435,PBC,0.0,POLFED,3.411954653,0.019185331,92,4
12,0.211985311,0.777544182,PBC,0.0,POLFED,2.670211577,0.127182246,92,4
12,0.090794124,0.656352995,PBC,0.0,POLFED,0.478975967,0.066039889,92,4
12,0.535161809,0.171588249,PBC,0.0,POLFED,3.490275365,0.020027326,92,4
12,0.131191187,0.090794124,PBC,0.0,POLFED,0.319289508,0.160240044,92,4
12,0.131191187,0.73714712,PBC,0.0,POLFED,1.25076646,0.314736992,92,4
12,0.37357356,0.494764746,PBC,0.0,POLFED,3.504541229,0.012093363,92,4
12,0.131191187,0.777544182,PBC,0.0,POLFED,1.087774606,0.174978051,92,4
12,0.211985311,0.090794124,PBC,0.0,POLFED,1.176084247,0.107118187,92,4
12,0.211985311,0.73714712,PBC,0.0,POLFED,2.615345317,0.091746272,92,4
12,0.615955933,0.171588249,PBC,0.0,POLFED,3.43664532,0.034952145,92,4
12,0.292779435,0.211985311,PBC,0.0,POLFED,2.754379943,0.170108017,92,4
12,0.211985311,0.413970622,PBC,0.0,POLFED,2.31490748,0.177148665,92,4
12,0.494764746,0.292779435,PBC,0.0,POLFED,3.551004133,0.004853058,92,4
12,0.252382373,0.615955933,PBC,0.0,POLFED,3.120946757,0.103216541,92,4
12,0.413970622,0.696750057,PBC,0.0,POLFED,3.539117733,0.021593599,92,4
12,0.413970622,0.131191187,PBC,0.0,POLFED,3.138863641,0.160250009,92,4
12,0.131191187,0.413970622,PBC,0.0,POLFED,1.023615288,0.106531708,92,4
12,0.292779435,0.535161809,PBC,0.0,POLFED,3.274477745,0.03547274,92,4
12,0.454367684,0.413970622,PBC,0.0,POLFED,3.551704609,0.004713819,92,4
12,0.73714712,0.73714712,PBC,0.0,POLFED,3.212762638,0.118784169,92,4
12,0.73714712,0.090794124,PBC,0.0,POLFED,2.851453854,0.105486829,92,4
12,0.656352995,0.37357356,PBC,0.0,POLFED,3.492383552,0.00913895,92,4
12,0.696750057,0.656352995,PBC,0.0,POLFED,3.376664487,0.032876079,92,4
12,0.73714712,0.777544182,PBC,0.0,POLFED,3.142158238,0.134925634,92,4
12,0.777544182,0.252382373,PBC,0.0,POLFED,2.644177196,0.233673546,92,4
12,0.413970622,0.615955933,PBC,0.0,POLFED,3.551540018,0.005796164,92,4
12,0.252382373,0.131191187,PBC,0.0,POLFED,1.941835908,0.347557579,92,4
12,0.252382373,0.696750057,PBC,0.0,POLFED,3.052234487,0.105833999,92,4
12,0.454367684,0.777544182,PBC,0.0,POLFED,3.56148295,0.003828345,92,4
12,0.454367684,0.73714712,PBC,0.0,POLFED,3.563951367,0.007695508,92,4
12,0.454367684,0.090794124,PBC,0.0,POLFED,3.064710364,0.034222751,92,4
12,0.01,0.575558871,PBC,0.0,POLFED,0.037563028,0.055430095,92,4
12,0.73714712,0.413970622,PBC,0.0,POLFED,2.51014759,1.233882394,92,4
12,0.252382373,0.050397062,PBC,0.0,POLFED,1.088516785,0.148168051,92,4
12,0.73714712,0.494764746,PBC,0.0,POLFED,3.150090996,0.104497274,92,4
12,0.292779435,0.696750057,PBC,0.0,POLFED,3.368340239,0.036889842,92,4
12,0.292779435,0.131191187,PBC,0.0,POLFED,2.042893264,0.046650859,92,4
12,0.656352995,0.656352995,PBC,0.0,POLFED,3.503501255,0.021666299,92,4
12,0.696750057,0.37357356,PBC,0.0,POLFED,3.386230735,0.057953969,92,4
12,0.413970622,0.211985311,PBC,0.0,POLFED,3.381770919,0.048405309,92,4
12,0.252382373,0.535161809,PBC,0.0,POLFED,3.099341644,0.048663188,92,4
12,0.01,0.171588249,PBC,0.0,POLFED,0.011633039,0.010262566,92,4
12,0.575558871,0.333176498,PBC,0.0,POLFED,3.557420182,0.002973734,92,4
12,0.454367684,0.494764746,PBC,0.0,POLFED,3.554981819,0.006322965,92,4
12,0.454367684,0.050397062,PBC,0.0,POLFED,2.592039397,0.044410585,92,4
12,0.535161809,0.575558871,PBC,0.0,POLFED,3.57219788,0.000998047,92,4
12,0.131191187,0.494764746,PBC,0.0,POLFED,0.975289584,0.067096204,92,4
12,0.37357356,0.090794124,PBC,0.0,POLFED,2.775338384,0.186217155,92,4
12,0.050397062,0.333176498,PBC,0.0,POLFED,0.169337169,0.067424058,92,4
12,0.37357356,0.73714712,PBC,0.0,POLFED,3.505899562,0.023160912,92,4
12,0.090794124,0.37357356,PBC,0.0,POLFED,0.264557397,0.030522547,92,4
12,0.211985311,0.494764746,PBC,0.0,POLFED,2.557206676,0.093817481,92,4
12,0.615955933,0.575558871,PBC,0.0,POLFED,3.558769974,0.010829889,92,4
12,0.494764746,0.01,PBC,0.0,POLFED,2.138024555,0.079559789,92,4
12,0.494764746,0.454367684,PBC,0.0,POLFED,3.557991648,0.018357191,92,4
12,0.37357356,0.777544182,PBC,0.0,POLFED,3.528228837,0.01213364,92,4
12,0.292779435,0.615955933,PBC,0.0,POLFED,3.346211978,0.010680805,92,4
12,0.37357356,0.413970622,PBC,0.0,POLFED,3.476779209,0.01080714,92,4
12,0.252382373,0.211985311,PBC,0.0,POLFED,2.271679812,0.288322837,92,4
12,0.413970622,0.535161809,PBC,0.0,POLFED,3.542173676,0.008122993,92,4
12,0.777544182,0.050397062,PBC,0.0,POLFED,2.559687382,0.15784478,92,4
12,0.494764746,0.73714712,PBC,0.0,POLFED,3.568285294,0.005729991,92,4
12,0.494764746,0.090794124,PBC,0.0,POLFED,3.119294403,0.048247408,92,4
12,0.413970622,0.333176498,PBC,0.0,POLFED,3.5054058,0.01059952,92,4
12,0.535161809,0.656352995,PBC,0.0,POLFED,3.570340509,0.005495916,92,4
12,0.090794124,0.171588249,PBC,0.0,POLFED,0.295284965,0.176482504,92,4
12,0.37357356,0.454367684,PBC,0.0,POLFED,3.494037901,0.012903336,92,4
12,0.494764746,0.777544182,PBC,0.0,POLFED,3.569812789,0.009734755,92,4
12,0.615955933,0.656352995,PBC,0.0,POLFED,3.545742797,0.025663074,92,4
12,0.575558871,0.211985311,PBC,0.0,POLFED,3.515133169,0.007248775,92,4
12,0.211985311,0.292779435,PBC,0.0,POLFED,2.236922786,0.471311354,92,4
12,0.73714712,0.050397062,PBC,0.0,POLFED,1.312437642,1.313808402,92,4
12,0.131191187,0.292779435,PBC,0.0,POLFED,0.701623134,0.169012358,92,4
12,0.050397062,0.535161809,PBC,0.0,POLFED,0.187382547,0.037585413,92,4
12,0.494764746,0.413970622,PBC,0.0,POLFED,3.565027495,0.005981742,92,4
12,0.575558871,0.535161809,PBC,0.0,POLFED,3.555943868,0.009897643,92,4
12,0.454367684,0.292779435,PBC,0.0,POLFED,3.512728938,0.001773584,92,4
12,0.696750057,0.171588249,PBC,0.0,POLFED,3.189053817,0.065190037,92,4
12,0.050397062,0.211985311,PBC,0.0,POLFED,0.108027973,0.049574861,92,4
12,0.656352995,0.575558871,PBC,0.0,POLFED,3.517221574,0.0239082,92,4
12,0.01,0.37357356,PBC,0.0,POLFED,0.021590888,0.018338642,92,4
12,0.252382373,0.333176498,PBC,0.0,POLFED,2.795607631,0.089042768,92,4
12,0.73714712,0.292779435,PBC,0.0,POLFED,2.25080442,1.30581286,92,4
12,0.656352995,0.454367684,PBC,0.0,POLFED,3.529914955,0.011192898,92,4
12,0.73714712,0.171588249,PBC,0.0,POLFED,3.052865792,0.080464187,92,4
12,0.252382373,0.252382373,PBC,0.0,POLFED,2.460813328,0.151361295,92,4
12,0.777544182,0.131191187,PBC,0.0,POLFED,2.606919731,0.245211047,92,4
12,0.777544182,0.696750057,PBC,0.0,POLFED,3.094405347,0.203049733,92,4
12,0.454367684,0.171588249,PBC,0.0,POLFED,3.419546891,0.016646663,92,4
12,0.696750057,0.292779435,PBC,0.0,POLFED,3.33592615,0.070291977,92,4
12,0.090794124,0.050397062,PBC,0.0,POLFED,0.267831039,0.15544471,92,4
12,0.01,0.494764746,PBC,0.0,POLFED,0.037103278,0.050031153,92,4
12,0.615955933,0.777544182,PBC,0.0,POLFED,3.537576308,0.029016259,92,4
12,0.535161809,0.73714712,PBC,0.0,POLFED,3.571597667,0.002895851,92,4
12,0.535161809,0.090794124,PBC,0.0,POLFED,3.221292297,0.040875164,92,4
12,0.413970622,0.252382373,PBC,0.0,POLFED,3.459519323,0.005718657,92,4
12,0.131191187,0.171588249,PBC,0.0,POLFED,0.480722688,0.059440507,92,4
12,0.777544182,0.615955933,PBC,0.0,POLFED,2.951051767,0.51291742,92,4
12,0.37357356,0.575558871,PBC,0.0,POLFED,3.525864203,0.014581594,92,4
12,0.494764746,0.656352995,PBC,0.0,POLFED,3.571303382,0.002300977,92,4
12,0.535161809,0.777544182,PBC,0.0,POLFED,3.560023096,0.015462286,92,4
12,0.211985311,0.171588249,PBC,0.0,POLFED,1.279200295,0.244024838,92,4
12,0.615955933,0.73714712,PBC,0.0,POLFED,3.534497049,0.002957591,92,4
12,0.615955933,0.090794124,PBC,0.0,POLFED,3.16699425,0.040006864,92,4
12,0.615955933,0.413970622,PBC,0.0,POLFED,3.546775187,0.00978351,92,4
12,0.090794124,0.292779435,PBC,0.0,POLFED,0.556895463,0.185394081,92,4
12,0.535161809,0.413970622,PBC,0.0,POLFED,3.561944453,0.01151681,92,4
12,0.494764746,0.575558871,PBC,0.0,POLFED,3.568870391,0.004864742,92,4
12,0.37357356,0.656352995,PBC,0.0,POLFED,3.519430601,0.00840587,92,4
12,0.050397062,0.252382373,PBC,0.0,POLFED,0.122130605,0.047910986,92,4
12,0.211985311,0.37357356,PBC,0.0,POLFED,2.411777399,0.154732921,92,4
12,0.090794124,0.494764746,PBC,0.0,POLFED,0.515263166,0.122582482,92,4
12,0.615955933,0.454367684,PBC,0.0,POLFED,3.555538102,0.013894413,92,4
12,0.131191187,0.37357356,PBC,0.0,POLFED,0.855799599,0.140817753,92,4
12,0.535161809,0.454367684,PBC,0.0,POLFED,3.567224292,0.004935405,92,4
12,0.333176498,0.615955933,PBC,0.0,POLFED,3.452287938,0.023317063,92,4
12,0.171588249,0.615955933,PBC,0.0,POLFED,1.932184957,0.124013473,92,4
12,0.696750057,0.494764746,PBC,0.0,POLFED,3.4617075,0.015482032,92,4
12,0.01,0.292779435,PBC,0.0,POLFED,0.049964743,0.078844888,92,4
12,0.333176498,0.696750057,PBC,0.0,POLFED,3.470246435,0.007711727,92,4
12,0.333176498,0.131191187,PBC,0.0,POLFED,2.623110323,0.172216395,92,4
12,0.171588249,0.131191187,PBC,0.0,POLFED,1.184653262,0.414078502,92,4
12,0.171588249,0.696750057,PBC,0.0,POLFED,1.826531413,0.092083128,92,4
12,0.656352995,0.777544182,PBC,0.0,POLFED,3.409011067,0.068022979,92,4
12,0.656352995,0.090794124,PBC,0.0,POLFED,3.091126087,0.118639902,92,4
12,0.656352995,0.73714712,PBC,0.0,POLFED,3.468445665,0.033314572,92,4
12,0.73714712,0.37357356,PBC,0.0,POLFED,3.243626747,0.141327248,92,4
12,0.656352995,0.413970622,PBC,0.0,POLFED,3.528512124,0.00856495,92,4
12,0.454367684,0.37357356,PBC,0.0,POLFED,3.547565485,0.001448954,92,4
12,0.575558871,0.252382373,PBC,0.0,POLFED,3.524111661,0.025059803,92,4
12,0.171588249,0.050397062,PBC,0.0,POLFED,0.70194367,0.365100094,92,4
12,0.777544182,0.575558871,PBC,0.0,POLFED,3.134898378,0.132765556,92,4
12,0.131191187,0.211985311,PBC,0.0,POLFED,0.624332324,0.11698475,92,4
12,0.37357356,0.615955933,PBC,0.0,POLFED,3.510765351,0.021360616,92,4
12,0.575558871,0.292779435,PBC,0.0,POLFED,3.54469655,0.011727551,92,4
12,0.211985311,0.211985311,PBC,0.0,POLFED,1.656916821,0.10562057,92,4
12,0.292779435,0.413970622,PBC,0.0,POLFED,3.189034705,0.033342829,92,4
12,0.454367684,0.535161809,PBC,0.0,POLFED,3.554486151,0.003702098,92,4
12,0.73714712,0.535161809,PBC,0.0,POLFED,3.249964006,0.110413465,92,4
12,0.171588249,0.656352995,PBC,0.0,POLFED,1.915074607,0.162177933,92,4
12,0.292779435,0.73714712,PBC,0.0,POLFED,3.347240872,0.011243225,92,4
12,0.292779435,0.090794124,PBC,0.0,POLFED,1.89365734,0.325602311,92,4
12,0.01,0.252382373,PBC,0.0,POLFED,0.040726305,0.059341413,92,4
12,0.575558871,0.050397062,PBC,0.0,POLFED,2.850610287,0.034612292,92,4
12,0.333176498,0.656352995,PBC,0.0,POLFED,3.442144637,0.021684067,92,4
12,0.292779435,0.777544182,PBC,0.0,POLFED,3.361474103,0.038812964,92,4
12,0.333176498,0.050397062,PBC,0.0,POLFED,1.979430849,0.051722314,92,4
12,0.252382373,0.494764746,PBC,0.0,POLFED,3.032782153,0.078656469,92,4
12,0.73714712,0.211985311,PBC,0.0,POLFED,3.03371529,0.077824159,92,4
12,0.413970622,0.494764746,PBC,0.0,POLFED,3.530912043,0.021305689,92,4
12,0.37357356,0.131191187,PBC,0.0,POLFED,2.890309031,0.114864083,92,4
12,0.050397062,0.292779435,PBC,0.0,POLFED,0.224284218,0.132780258,92,4
12,0.37357356,0.696750057,PBC,0.0,POLFED,3.524803419,0.004219306,92,4
12,0.37357356,0.01,PBC,0.0,POLFED,1.869954776,0.131156296,92,4
12,0.131191187,0.535161809,PBC,0.0,POLFED,1.019231904,0.164296377,92,4
12,0.211985311,0.535161809,PBC,0.0,POLFED,2.575451508,0.087411558,92,4
12,0.454367684,0.211985311,PBC,0.0,POLFED,3.504049329,0.007563087,92,4
12,0.696750057,0.01,PBC,0.0,POLFED,2.481617336,0.082499066,92,4
12,0.211985311,0.333176498,PBC,0.0,POLFED,2.106468428,0.15258575,92,4
12,0.656352995,0.050397062,PBC,0.0,POLFED,2.790416971,0.056628156,92,4
12,0.090794124,0.252382373,PBC,0.0,POLFED,0.36882418,0.0837691,92,4
12,0.050397062,0.494764746,PBC,0.0,POLFED,0.215805785,0.043230478,92,4
12,0.131191187,0.333176498,PBC,0.0,POLFED,0.715923786,0.080288066,92,4
12,0.494764746,0.696750057,PBC,0.0,POLFED,3.570827159,0.003906498,92,4
12,0.494764746,0.131191187,PBC,0.0,POLFED,3.324032301,0.064779265,92,4
12,0.413970622,0.292779435,PBC,0.0,POLFED,3.480316376,0.049318624,92,4
12,0.494764746,0.615955933,PBC,0.0,POLFED,3.569385439,0.005069649,92,4
12,0.777544182,0.656352995,PBC,0.0,POLFED,2.886515973,0.255615745,92,4
12,0.252382373,0.292779435,PBC,0.0,POLFED,2.603439604,0.097231211,92,4
12,0.73714712,0.333176498,PBC,0.0,POLFED,3.155374762,0.074277528,92,4
12,0.696750057,0.252382373,PBC,0.0,POLFED,3.351978545,0.042961792,92,4
12,0.333176498,0.575558871,PBC,0.0,POLFED,3.457819445,0.024541139,92,4
12,0.494764746,0.050397062,PBC,0.0,POLFED,2.671026073,0.093918237,92,4
12,0.575558871,0.494764746,PBC,0.0,POLFED,3.568205532,0.002381542,92,4
12,0.171588249,0.575558871,PBC,0.0,POLFED,1.916548835,0.133181989,92,4
12,0.656352995,0.01,PBC,0.0,POLFED,2.418449899,0.076625821,92,4
12,0.050397062,0.01,PBC,0.0,POLFED,0.151266793,0.138895367,92,4
12,0.454367684,0.333176498,PBC,0.0,POLFED,3.53775474,0.007313319,92,4
12,0.292779435,0.454367684,PBC,0.0,POLFED,3.292718897,0.077610613,92,4
12,0.535161809,0.615955933,PBC,0.0,POLFED,3.568360978,0.007395769,92,4
12,0.777544182,0.090794124,PBC,0.0,POLFED,2.745474913,0.124364914,92,4
12,0.777544182,0.73714712,PBC,0.0,POLFED,2.898022564,0.26458001,92,4
12,0.696750057,0.333176498,PBC,0.0,POLFED,3.391268185,0.040233423,92,4
12,0.777544182,0.777544182,PBC,0.0,POLFED,2.933260082,0.325773324,92,4
12,0.73714712,0.252382373,PBC,0.0,POLFED,2.990294202,0.096420617,92,4
12,0.01,0.535161809,PBC,0.0,POLFED,0.041502302,0.047363495,92,4
12,0.615955933,0.615955933,PBC,0.0,POLFED,3.548611604,0.019558268,92,4
12,0.292779435,0.575558871,PBC,0.0,POLFED,3.293267459,0.06375472,92,4
12,0.454367684,0.252382373,PBC,0.0,POLFED,3.496365722,0.013646959,92,4
12,0.090794124,0.01,PBC,0.0,POLFED,0.361412407,0.079631862,92,4
12,0.252382373,0.171588249,PBC,0.0,POLFED,1.975264113,0.078306215,92,4
12,0.575558871,0.37357356,PBC,0.0,POLFED,3.557591597,0.006596305,92,4
12,0.171588249,0.454367684,PBC,0.0,POLFED,1.932490454,0.233528543,92,4
12,0.777544182,0.413970622,PBC,0.0,POLFED,2.86230952,0.228170349,92,4
12,0.333176498,0.454367684,PBC,0.0,POLFED,3.405997829,0.025806792,92,4
12,0.050397062,0.37357356,PBC,0.0,POLFED,0.209252995,0.077383902,92,4
12,0.211985311,0.252382373,PBC,0.0,POLFED,1.694505668,0.073941603,92,4
12,0.37357356,0.050397062,PBC,0.0,POLFED,2.174346516,0.105182878,92,4
12,0.131191187,0.252382373,PBC,0.0,POLFED,0.658956089,0.22574871,92,4
12,0.090794124,0.333176498,PBC,0.0,POLFED,0.673619134,0.13748932,92,4
12,0.413970622,0.171588249,PBC,0.0,POLFED,3.333065544,0.028305013,92,4
12,0.252382373,0.01,PBC,0.0,POLFED,0.733400642,0.048354935,92,4
12,0.777544182,0.01,PBC,0.0,POLFED,2.334478635,0.108489183,92,4
12,0.535161809,0.696750057,PBC,0.0,POLFED,3.569807802,0.002213333,92,4
12,0.535161809,0.131191187,PBC,0.0,POLFED,3.389270929,0.020907381,92,4
12,0.01,0.211985311,PBC,0.0,POLFED,0.003232283,0.002244128,92,4
12,0.615955933,0.696750057,PBC,0.0,POLFED,3.532720197,0.025573061,92,4
12,0.615955933,0.131191187,PBC,0.0,POLFED,3.321424542,0.027620845,92,4
12,0.696750057,0.211985311,PBC,0.0,POLFED,3.332591025,0.027561906,92,4
12,0.413970622,0.37357356,PBC,0.0,POLFED,3.51177804,0.028396377,92,4
12,0.656352995,0.615955933,PBC,0.0,POLFED,3.514054212,0.025279774,92,4
12,0.050397062,0.171588249,PBC,0.0,POLFED,0.274390971,0.074992285,92,4
12,0.090794124,0.535161809,PBC,0.0,POLFED,0.476146688,0.035307639,92,4
12,0.090794124,0.211985311,PBC,0.0,POLFED,0.312394921,0.042185202,92,4
12,0.292779435,0.01,PBC,0.0,POLFED,1.156330071,0.186566201,92,4
12,0.333176498,0.413970622,PBC,0.0,POLFED,3.390851709,0.028372672,92,4
12,0.777544182,0.454367684,PBC,0.0,POLFED,2.668224997,0.05779193,92,4
12,0.171588249,0.413970622,PBC,0.0,POLFED,1.692389147,0.095510609,92,4
12,0.696750057,0.535161809,PBC,0.0,POLFED,3.396882654,0.084030448,92,4
12,0.333176498,0.73714712,PBC,0.0,POLFED,3.457690022,0.037754453,92,4
12,0.333176498,0.090794124,PBC,0.0,POLFED,2.247148396,0.131897888,92,4
12,0.575558871,0.171588249,PBC,0.0,POLFED,3.484127944,0.011307494,92,4
12,0.01,0.333176498,PBC,0.0,POLFED,0.009463852,0.001301781,92,4
12,0.252382373,0.37357356,PBC,0.0,POLFED,2.809491319,0.160478937,92,4
12,0.292779435,0.656352995,PBC,0.0,POLFED,3.334826746,0.018288638,92,4
12,0.171588249,0.090794124,PBC,0.0,POLFED,0.940996087,0.342834426,92,4
12,0.171588249,0.73714712,PBC,0.0,POLFED,1.843560322,0.140719913,92,4
12,0.333176498,0.777544182,PBC,0.0,POLFED,3.483183862,0.018950878,92,4
12,0.656352995,0.131191187,PBC,0.0,POLFED,3.232938252,0.038204215,92,4
12,0.656352995,0.696750057,PBC,0.0,POLFED,3.527391277,0.026673097,92,4
12,0.171588249,0.777544182,PBC,0.0,POLFED,1.947404114,0.267338741,92,4
11,0.575558871,0.333176498,PBC,0.5,POLFED,3.092518804,0.0,46,1
11,0.050397062,0.171588249,PBC,0.5,POLFED,0.043690094,0.0,46,1
11,0.333176498,0.131191187,PBC,0.5,POLFED,2.322065105,0.0,46,1
11,0.535161809,0.050397062,PBC,0.5,POLFED,2.427335876,0.0,46,1
11,0.777544182,0.131191187,PBC,0.5,POLFED,1.742168511,0.0,46,1
11,0.413970622,0.615955933,PBC,0.5,POLFED,3.074267074,0.0,46,1
11,0.171588249,0.73714712,PBC,0.5,POLFED,1.565508685,0.0,46,1
11,0.211985311,0.37357356,PBC,0.5,POLFED,2.057918637,0.0,46,1
11,0.696750057,0.131191187,PBC,0.5,POLFED,2.663846735,0.0,46,1
11,0.37357356,0.73714712,PBC,0.5,POLFED,3.052907691,0.0,46,1
11,0.656352995,0.696750057,PBC,0.5,POLFED,2.999992139,0.0,46,1
11,0.696750057,0.615955933,PBC,0.5,POLFED,2.908316617,0.0,46,1
11,0.535161809,0.494764746,PBC,0.5,POLFED,3.10009859,0.0,46,1
11,0.211985311,0.413970622,PBC,0.5,POLFED,2.095278851,0.0,46,1
11,0.454367684,0.050397062,PBC,0.5,POLFED,2.218020095,0.0,46,1
11,0.413970622,0.131191187,PBC,0.5,POLFED,2.679553683,0.0,46,1
11,0.777544182,0.615955933,PBC,0.5,POLFED,2.378867442,0.0,46,1
11,0.494764746,0.454367684,PBC,0.5,POLFED,3.084498614,0.0,46,1
11,0.333176498,0.615955933,PBC,0.5,POLFED,2.977261992,0.0,46,1
11,0.090794124,0.696750057,PBC,0.5,POLFED,0.446548427,0.0,46,1
11,0.171588249,0.050397062,PBC,0.5,POLFED,0.69398988,0.0,46,1
11,0.252382373,0.01,PBC,0.5,POLFED,1.122946869,0.0,46,1
11,0.494764746,0.777544182,PBC,0.5,POLFED,3.107118172,0.0,46,1
11,0.494764746,0.292779435,PBC,0.5,POLFED,3.085230084,0.0,46,1
11,0.252382373,0.050397062,PBC,0.5,POLFED,1.516466343,0.0,46,1
11,0.696750057,0.333176498,PBC,0.5,POLFED,2.885395886,0.0,46,1
11,0.333176498,0.333176498,PBC,0.5,POLFED,2.82487903,0.0,46,1
11,0.050397062,0.73714712,PBC,0.5,POLFED,0.140709519,0.0,46,1
11,0.777544182,0.333176498,PBC,0.5,POLFED,2.309281758,0.0,46,1
11,0.292779435,0.252382373,PBC,0.5,POLFED,2.424362077,0.0,46,1
11,0.454367684,0.696750057,PBC,0.5,POLFED,3.099643872,0.0,46,1
11,0.171588249,0.171588249,PBC,0.5,POLFED,0.799093768,0.0,46,1
11,0.01,0.252382373,PBC,0.5,POLFED,0.002029928,0.0,46,1
11,0.131191187,0.413970622,PBC,0.5,POLFED,0.91722041,0.0,46,1
11,0.73714712,0.535161809,PBC,0.5,POLFED,2.684339545,0.0,46,1
11,0.37357356,0.171588249,PBC,0.5,POLFED,2.730852903,0.0,46,1
11,0.01,0.535161809,PBC,0.5,POLFED,0.02295082,0.0,46,1
11,0.252382373,0.37357356,PBC,0.5,POLFED,2.404549493,0.0,46,1
11,0.575558871,0.131191187,PBC,0.5,POLFED,2.821872918,0.0,46,1
11,0.615955933,0.494764746,PBC,0.5,POLFED,3.079058636,0.0,46,1
11,0.292779435,0.535161809,PBC,0.5,POLFED,2.736115221,0.0,46,1
11,0.73714712,0.252382373,PBC,0.5,POLFED,2.530162356,0.0,46,1
11,0.292779435,0.211985311,PBC,0.5,POLFED,1.958317222,0.0,46,1
11,0.131191187,0.37357356,PBC,0.5,POLFED,0.632984586,0.0,46,1
11,0.575558871,0.615955933,PBC,0.5,POLFED,3.107445688,0.0,46,1
11,0.01,0.211985311,PBC,0.5,POLFED,0.013372608,0.0,46,1
11,0.252382373,0.413970622,PBC,0.5,POLFED,2.31723702,0.0,46,1
11,0.73714712,0.211985311,PBC,0.5,POLFED,2.576997589,0.0,46,1
11,0.494764746,0.090794124,PBC,0.5,POLFED,2.650618512,0.0,46,1
11,0.413970622,0.333176498,PBC,0.5,POLFED,3.019251311,0.0,46,1
11,0.777544182,0.050397062,PBC,0.5,POLFED,2.058208536,0.0,46,1
11,0.292779435,0.050397062,PBC,0.5,POLFED,1.569143659,0.0,46,1
11,0.575558871,0.413970622,PBC,0.5,POLFED,3.08753334,0.0,46,1
11,0.454367684,0.211985311,PBC,0.5,POLFED,2.865443053,0.0,46,1
11,0.535161809,0.171588249,PBC,0.5,POLFED,2.997414441,0.0,46,1
11,0.252382373,0.615955933,PBC,0.5,POLFED,2.542860252,0.0,46,1
11,0.131191187,0.131191187,PBC,0.5,POLFED,0.672744865,0.0,46,1
11,0.454367684,0.252382373,PBC,0.5,POLFED,3.00865889,0.0,46,1
11,0.131191187,0.615955933,PBC,0.5,POLFED,1.01452156,0.0,46,1
11,0.252382373,0.131191187,PBC,0.5,POLFED,1.668540597,0.0,46,1
11,0.01,0.696750057,PBC,0.5,POLFED,0.06206223,0.0,46,1
11,0.575558871,0.37357356,PBC,0.5,POLFED,3.090032985,0.0,46,1
11,0.615955933,0.73714712,PBC,0.5,POLFED,3.105871981,0.0,46,1
11,0.292779435,0.696750057,PBC,0.5,POLFED,2.857699627,0.0,46,1
11,0.454367684,0.535161809,PBC,0.5,POLFED,3.097559075,0.0,46,1
11,0.73714712,0.696750057,PBC,0.5,POLFED,2.69385897,0.0,46,1
11,0.050397062,0.494764746,PBC,0.5,POLFED,0.162119558,0.0,46,1
11,0.211985311,0.333176498,PBC,0.5,POLFED,1.629997976,0.0,46,1
11,0.413970622,0.01,PBC,0.5,POLFED,1.471245918,0.0,46,1
11,0.494764746,0.656352995,PBC,0.5,POLFED,3.097290117,0.0,46,1
11,0.131191187,0.333176498,PBC,0.5,POLFED,0.881776992,0.0,46,1
11,0.413970622,0.37357356,PBC,0.5,POLFED,3.039984159,0.0,46,1
11,0.090794124,0.535161809,PBC,0.5,POLFED,0.52791502,0.0,46,1
11,0.696750057,0.413970622,PBC,0.5,POLFED,2.796138822,0.0,46,1
11,0.656352995,0.211985311,PBC,0.5,POLFED,2.994252618,0.0,46,1
11,0.333176498,0.413970622,PBC,0.5,POLFED,2.874175573,0.0,46,1
11,0.494764746,0.575558871,PBC,0.5,POLFED,3.107441776,0.0,46,1
11,0.211985311,0.615955933,PBC,0.5,POLFED,2.344879598,0.0,46,1
11,0.090794124,0.252382373,PBC,0.5,POLFED,0.373582609,0.0,46,1
11,0.535161809,0.73714712,PBC,0.5,POLFED,3.111611019,0.0,46,1
11,0.777544182,0.413970622,PBC,0.5,POLFED,2.231999287,0.0,46,1
11,0.171588249,0.494764746,PBC,0.5,POLFED,1.679334148,0.0,46,1
11,0.413970622,0.413970622,PBC,0.5,POLFED,3.038598538,0.0,46,1
11,0.211985311,0.131191187,PBC,0.5,POLFED,0.760154139,0.0,46,1
11,0.696750057,0.37357356,PBC,0.5,POLFED,2.914019628,0.0,46,1
11,0.37357356,0.494764746,PBC,0.5,POLFED,3.027201007,0.0,46,1
11,0.656352995,0.535161809,PBC,0.5,POLFED,3.074008382,0.0,46,1
11,0.090794124,0.211985311,PBC,0.5,POLFED,0.338748141,0.0,46,1
11,0.615955933,0.171588249,PBC,0.5,POLFED,2.976291481,0.0,46,1
11,0.333176498,0.37357356,PBC,0.5,POLFED,2.895397653,0.0,46,1
11,0.777544182,0.37357356,PBC,0.5,POLFED,2.175799744,0.0,46,1
11,0.656352995,0.252382373,PBC,0.5,POLFED,3.003310686,0.0,46,1
11,0.252382373,0.333176498,PBC,0.5,POLFED,2.295384497,0.0,46,1
11,0.090794124,0.131191187,PBC,0.5,POLFED,0.141774192,0.0,46,1
11,0.413970622,0.696750057,PBC,0.5,POLFED,3.082026895,0.0,46,1
11,0.494764746,0.171588249,PBC,0.5,POLFED,2.975087181,0.0,46,1
11,0.211985311,0.211985311,PBC,0.5,POLFED,1.083266559,0.0,46,1
11,0.656352995,0.615955933,PBC,0.5,POLFED,3.049610026,0.0,46,1
11,0.615955933,0.050397062,PBC,0.5,POLFED,2.525792242,0.0,46,1
11,0.454367684,0.333176498,PBC,0.5,POLFED,3.067268434,0.0,46,1
11,0.050397062,0.454367684,PBC,0.5,POLFED,0.133604416,0.0,46,1
11,0.292779435,0.01,PBC,0.5,POLFED,1.036023584,0.0,46,1
11,0.615955933,0.656352995,PBC,0.5,POLFED,3.087040484,0.0,46,1
11,0.656352995,0.131191187,PBC,0.5,POLFED,2.787352055,0.0,46,1
11,0.37357356,0.090794124,PBC,0.5,POLFED,2.166005241,0.0,46,1
11,0.696750057,0.696750057,PBC,0.5,POLFED,2.919836615,0.0,46,1
11,0.211985311,0.535161809,PBC,0.5,POLFED,2.294285128,0.0,46,1
11,0.171588249,0.090794124,PBC,0.5,POLFED,0.509223436,0.0,46,1
11,0.777544182,0.696750057,PBC,0.5,POLFED,2.211418753,0.0,46,1
11,0.050397062,0.292779435,PBC,0.5,POLFED,0.19001387,0.0,46,1
11,0.333176498,0.050397062,PBC,0.5,POLFED,1.480001644,0.0,46,1
11,0.333176498,0.696750057,PBC,0.5,POLFED,2.952232282,0.0,46,1
11,0.211985311,0.252382373,PBC,0.5,POLFED,1.487613164,0.0,46,1
11,0.090794124,0.615955933,PBC,0.5,POLFED,0.491266151,0.0,46,1
11,0.615955933,0.575558871,PBC,0.5,POLFED,3.104483099,0.0,46,1
11,0.050397062,0.777544182,PBC,0.5,POLFED,0.078450009,0.0,46,1
11,0.494764746,0.73714712,PBC,0.5,POLFED,3.114612702,0.0,46,1
11,0.535161809,0.575558871,PBC,0.5,POLFED,3.110188691,0.0,46,1
11,0.131191187,0.252382373,PBC,0.5,POLFED,0.59685923,0.0,46,1
11,0.454367684,0.615955933,PBC,0.5,POLFED,3.096577709,0.0,46,1
11,0.01,0.413970622,PBC,0.5,POLFED,0.003253503,0.0,46,1
11,0.211985311,0.01,PBC,0.5,POLFED,0.61885937,0.0,46,1
11,0.131191187,0.01,PBC,0.5,POLFED,0.784772657,0.0,46,1
11,0.292779435,0.413970622,PBC,0.5,POLFED,2.755101361,0.0,46,1
11,0.131191187,0.535161809,PBC,0.5,POLFED,1.080007732,0.0,46,1
11,0.252382373,0.211985311,PBC,0.5,POLFED,1.765504799,0.0,46,1
11,0.73714712,0.413970622,PBC,0.5,POLFED,2.635654995,0.0,46,1
11,0.090794124,0.333176498,PBC,0.5,POLFED,0.322856168,0.0,46,1
11,0.535161809,0.656352995,PBC,0.5,POLFED,3.102953156,0.0,46,1
11,0.050397062,0.090794124,PBC,0.5,POLFED,0.269290628,0.0,46,1
11,0.37357356,0.292779435,PBC,0.5,POLFED,2.936261954,0.0,46,1
11,0.656352995,0.333176498,PBC,0.5,POLFED,3.052299913,0.0,46,1
11,0.37357356,0.777544182,PBC,0.5,POLFED,3.078097939,0.0,46,1
11,0.171588249,0.777544182,PBC,0.5,POLFED,1.604629252,0.0,46,1
11,0.171588249,0.292779435,PBC,0.5,POLFED,1.030451511,0.0,46,1
11,0.37357356,0.454367684,PBC,0.5,POLFED,2.999375069,0.0,46,1
11,0.171588249,0.454367684,PBC,0.5,POLFED,1.621225416,0.0,46,1
11,0.292779435,0.37357356,PBC,0.5,POLFED,2.808715591,0.0,46,1
11,0.252382373,0.535161809,PBC,0.5,POLFED,2.538579819,0.0,46,1
11,0.131191187,0.211985311,PBC,0.5,POLFED,0.953643439,0.0,46,1
11,0.01,0.37357356,PBC,0.5,POLFED,0.008384187,0.0,46,1
11,0.575558871,0.696750057,PBC,0.5,POLFED,3.114366218,0.0,46,1
11,0.73714712,0.37357356,PBC,0.5,POLFED,2.759913634,0.0,46,1
11,0.454367684,0.131191187,PBC,0.5,POLFED,2.746891807,0.0,46,1
11,0.252382373,0.252382373,PBC,0.5,POLFED,2.189616421,0.0,46,1
11,0.37357356,0.575558871,PBC,0.5,POLFED,3.067224407,0.0,46,1
11,0.73714712,0.131191187,PBC,0.5,POLFED,2.352671486,0.0,46,1
11,0.454367684,0.37357356,PBC,0.5,POLFED,3.063191194,0.0,46,1
11,0.575558871,0.252382373,PBC,0.5,POLFED,3.036592147,0.0,46,1
11,0.171588249,0.575558871,PBC,0.5,POLFED,1.507363555,0.0,46,1
11,0.090794124,0.01,PBC,0.5,POLFED,0.161442068,0.0,46,1
11,0.615955933,0.090794124,PBC,0.5,POLFED,2.701445616,0.0,46,1
11,0.292779435,0.131191187,PBC,0.5,POLFED,1.795178544,0.0,46,1
11,0.575558871,0.535161809,PBC,0.5,POLFED,3.104366443,0.0,46,1
11,0.252382373,0.696750057,PBC,0.5,POLFED,2.676349611,0.0,46,1
11,0.01,0.131191187,PBC,0.5,POLFED,0.002103524,0.0,46,1
11,0.37357356,0.656352995,PBC,0.5,POLFED,3.059109329,0.0,46,1
11,0.171588249,0.656352995,PBC,0.5,POLFED,1.668707926,0.0,46,1
11,0.171588249,0.01,PBC,0.5,POLFED,0.574693252,0.0,46,1
11,0.494764746,0.050397062,PBC,0.5,POLFED,2.491217057,0.0,46,1
11,0.535161809,0.292779435,PBC,0.5,POLFED,3.089964492,0.0,46,1
11,0.535161809,0.777544182,PBC,0.5,POLFED,3.103275688,0.0,46,1
11,0.131191187,0.696750057,PBC,0.5,POLFED,1.078122518,0.0,46,1
11,0.01,0.615955933,PBC,0.5,POLFED,0.004719068,0.0,46,1
11,0.575558871,0.211985311,PBC,0.5,POLFED,3.007879635,0.0,46,1
11,0.535161809,0.454367684,PBC,0.5,POLFED,3.102143959,0.0,46,1
11,0.292779435,0.615955933,PBC,0.5,POLFED,2.831244005,0.0,46,1
11,0.454367684,0.413970622,PBC,0.5,POLFED,3.076505901,0.0,46,1
11,0.494764746,0.494764746,PBC,0.5,POLFED,3.095257406,0.0,46,1
11,0.73714712,0.615955933,PBC,0.5,POLFED,2.704149957,0.0,46,1
11,0.696750057,0.252382373,PBC,0.5,POLFED,2.824031713,0.0,46,1
11,0.413970622,0.211985311,PBC,0.5,POLFED,2.880427173,0.0,46,1
11,0.777544182,0.535161809,PBC,0.5,POLFED,1.633561414,0.0,46,1
11,0.333176498,0.535161809,PBC,0.5,POLFED,2.984956583,0.0,46,1
11,0.37357356,0.01,PBC,0.5,POLFED,1.319831613,0.0,46,1
11,0.777544182,0.252382373,PBC,0.5,POLFED,2.258797451,0.0,46,1
11,0.656352995,0.37357356,PBC,0.5,POLFED,3.048390894,0.0,46,1
11,0.090794124,0.413970622,PBC,0.5,POLFED,0.367428708,0.0,46,1
11,0.696750057,0.535161809,PBC,0.5,POLFED,3.013905304,0.0,46,1
11,0.211985311,0.696750057,PBC,0.5,POLFED,2.288768609,0.0,46,1
11,0.050397062,0.656352995,PBC,0.5,POLFED,0.155773655,0.0,46,1
11,0.615955933,0.454367684,PBC,0.5,POLFED,3.085165124,0.0,46,1
11,0.333176498,0.252382373,PBC,0.5,POLFED,2.639613486,0.0,46,1
11,0.292779435,0.333176498,PBC,0.5,POLFED,2.464393297,0.0,46,1
11,0.615955933,0.292779435,PBC,0.5,POLFED,3.008264234,0.0,46,1
11,0.01,0.333176498,PBC,0.5,POLFED,0.001978515,0.0,46,1
11,0.615955933,0.777544182,PBC,0.5,POLFED,3.079616159,0.0,46,1
11,0.050397062,0.575558871,PBC,0.5,POLFED,0.276557683,0.0,46,1
11,0.73714712,0.333176498,PBC,0.5,POLFED,2.608970326,0.0,46,1
11,0.333176498,0.01,PBC,0.5,POLFED,1.282527198,0.0,46,1
11,0.535161809,0.090794124,PBC,0.5,POLFED,2.621163724,0.0,46,1
11,0.696750057,0.211985311,PBC,0.5,POLFED,2.856167895,0.0,46,1
11,0.413970622,0.252382373,PBC,0.5,POLFED,2.964391117,0.0,46,1
11,0.090794124,0.37357356,PBC,0.5,POLFED,0.233721252,0.0,46,1
11,0.656352995,0.413970622,PBC,0.5,POLFED,2.986968164,0.0,46,1
11,0.333176498,0.211985311,PBC,0.5,POLFED,2.753543801,0.0,46,1
11,0.777544182,0.211985311,PBC,0.5,POLFED,2.247692522,0.0,46,1
11,0.413970622,0.535161809,PBC,0.5,POLFED,3.057894939,0.0,46,1
11,0.131191187,0.656352995,PBC,0.5,POLFED,0.938817966,0.0,46,1
11,0.494764746,0.333176498,PBC,0.5,POLFED,3.074922518,0.0,46,1
11,0.131191187,0.575558871,PBC,0.5,POLFED,0.732301993,0.0,46,1
11,0.535161809,0.252382373,PBC,0.5,POLFED,3.05404741,0.0,46,1
11,0.090794124,0.73714712,PBC,0.5,POLFED,0.303846775,0.0,46,1
11,0.413970622,0.090794124,PBC,0.5,POLFED,2.611234488,0.0,46,1
11,0.535161809,0.535161809,PBC,0.5,POLFED,3.106923945,0.0,46,1
11,0.01,0.01,PBC,0.5,POLFED,0.001921212,0.0,46,1
11,0.696750057,0.090794124,PBC,0.5,POLFED,2.489675873,0.0,46,1
11,0.37357356,0.696750057,PBC,0.5,POLFED,3.058576804,0.0,46,1
11,0.656352995,0.73714712,PBC,0.5,POLFED,2.86204449,0.0,46,1
11,0.535161809,0.211985311,PBC,0.5,POLFED,3.03043982,0.0,46,1
11,0.454367684,0.171588249,PBC,0.5,POLFED,2.913613227,0.0,46,1
11,0.171588249,0.696750057,PBC,0.5,POLFED,1.732163356,0.0,46,1
11,0.575558871,0.454367684,PBC,0.5,POLFED,3.092950224,0.0,46,1
11,0.777544182,0.090794124,PBC,0.5,POLFED,2.05589267,0.0,46,1
11,0.656352995,0.050397062,PBC,0.5,POLFED,2.365994075,0.0,46,1
11,0.333176498,0.090794124,PBC,0.5,POLFED,2.019802617,0.0,46,1
11,0.252382373,0.575558871,PBC,0.5,POLFED,2.605943927,0.0,46,1
11,0.252382373,0.656352995,PBC,0.5,POLFED,2.613157734,0.0,46,1
11,0.575558871,0.292779435,PBC,0.5,POLFED,3.085898999,0.0,46,1
11,0.575558871,0.777544182,PBC,0.5,POLFED,3.118305527,0.0,46,1
11,0.413970622,0.777544182,PBC,0.5,POLFED,3.06105555,0.0,46,1
11,0.413970622,0.292779435,PBC,0.5,POLFED,3.024919044,0.0,46,1
11,0.494764746,0.131191187,PBC,0.5,POLFED,2.898225087,0.0,46,1
11,0.413970622,0.454367684,PBC,0.5,POLFED,3.063377479,0.0,46,1
11,0.696750057,0.01,PBC,0.5,POLFED,2.052885113,0.0,46,1
11,0.090794124,0.171588249,PBC,0.5,POLFED,0.440854446,0.0,46,1
11,0.615955933,0.211985311,PBC,0.5,POLFED,3.02396936,0.0,46,1
11,0.050397062,0.01,PBC,0.5,POLFED,0.036041241,0.0,46,1
11,0.696750057,0.454367684,PBC,0.5,POLFED,2.951661552,0.0,46,1
11,0.01,0.494764746,PBC,0.5,POLFED,0.00390341,0.0,46,1
11,0.575558871,0.090794124,PBC,0.5,POLFED,2.717551548,0.0,46,1
11,0.292779435,0.494764746,PBC,0.5,POLFED,2.857150951,0.0,46,1
11,0.615955933,0.535161809,PBC,0.5,POLFED,3.097860646,0.0,46,1
11,0.73714712,0.494764746,PBC,0.5,POLFED,2.609298236,0.0,46,1
11,0.656352995,0.171588249,PBC,0.5,POLFED,2.820014382,0.0,46,1
11,0.777544182,0.454367684,PBC,0.5,POLFED,2.128756018,0.0,46,1
11,0.615955933,0.252382373,PBC,0.5,POLFED,2.979248125,0.0,46,1
11,0.494764746,0.615955933,PBC,0.5,POLFED,3.107744803,0.0,46,1
11,0.333176498,0.454367684,PBC,0.5,POLFED,2.959394731,0.0,46,1
11,0.211985311,0.575558871,PBC,0.5,POLFED,2.384005133,0.0,46,1
11,0.454367684,0.73714712,PBC,0.5,POLFED,3.100303525,0.0,46,1
11,0.777544182,0.292779435,PBC,0.5,POLFED,2.298120257,0.0,46,1
11,0.777544182,0.777544182,PBC,0.5,POLFED,1.900131052,0.0,46,1
11,0.211985311,0.656352995,PBC,0.5,POLFED,2.328870277,0.0,46,1
11,0.333176498,0.777544182,PBC,0.5,POLFED,2.997742267,0.0,46,1
11,0.333176498,0.292779435,PBC,0.5,POLFED,2.736063629,0.0,46,1
11,0.050397062,0.696750057,PBC,0.5,POLFED,0.402363729,0.0,46,1
11,0.696750057,0.292779435,PBC,0.5,POLFED,2.870043459,0.0,46,1
11,0.696750057,0.777544182,PBC,0.5,POLFED,2.871226178,0.0,46,1
11,0.777544182,0.656352995,PBC,0.5,POLFED,1.892590531,0.0,46,1
11,0.333176498,0.656352995,PBC,0.5,POLFED,3.05266328,0.0,46,1
11,0.211985311,0.777544182,PBC,0.5,POLFED,2.050996743,0.0,46,1
11,0.050397062,0.252382373,PBC,0.5,POLFED,0.090751131,0.0,46,1
11,0.454367684,0.01,PBC,0.5,POLFED,1.871912945,0.0,46,1
11,0.575558871,0.050397062,PBC,0.5,POLFED,2.431781476,0.0,46,1
11,0.211985311,0.292779435,PBC,0.5,POLFED,1.912256083,0.0,46,1
11,0.696750057,0.656352995,PBC,0.5,POLFED,2.894195392,0.0,46,1
11,0.37357356,0.050397062,PBC,0.5,POLFED,1.517572519,0.0,46,1
11,0.050397062,0.535161809,PBC,0.5,POLFED,0.097535362,0.0,46,1
11,0.73714712,0.73714712,PBC,0.5,POLFED,2.659032095,0.0,46,1
11,0.696750057,0.575558871,PBC,0.5,POLFED,2.906659905,0.0,46,1
11,0.777544182,0.01,PBC,0.5,POLFED,2.160241399,0.0,46,1
11,0.696750057,0.050397062,PBC,0.5,POLFED,2.377387373,0.0,46,1
11,0.454367684,0.494764746,PBC,0.5,POLFED,3.096225441,0.0,46,1
11,0.73714712,0.01,PBC,0.5,POLFED,2.216337848,0.0,46,1
11,0.494764746,0.413970622,PBC,0.5,POLFED,3.100929045,0.0,46,1
11,0.777544182,0.575558871,PBC,0.5,POLFED,2.497765882,0.0,46,1
11,0.211985311,0.454367684,PBC,0.5,POLFED,2.043920663,0.0,46,1
11,0.01,0.73714712,PBC,0.5,POLFED,0.055292269,0.0,46,1
11,0.333176498,0.575558871,PBC,0.5,POLFED,2.983831183,0.0,46,1
11,0.252382373,0.090794124,PBC,0.5,POLFED,1.018474182,0.0,46,1
11,0.292779435,0.73714712,PBC,0.5,POLFED,2.889533123,0.0,46,1
11,0.615955933,0.696750057,PBC,0.5,POLFED,3.091368236,0.0,46,1
11,0.131191187,0.090794124,PBC,0.5,POLFED,0.35524994,0.0,46,1
11,0.131191187,0.050397062,PBC,0.5,POLFED,0.301175166,0.0,46,1
11,0.413970622,0.575558871,PBC,0.5,POLFED,3.069768823,0.0,46,1
11,0.494764746,0.37357356,PBC,0.5,POLFED,3.090103002,0.0,46,1
11,0.050397062,0.211985311,PBC,0.5,POLFED,0.067066309,0.0,46,1
11,0.413970622,0.656352995,PBC,0.5,POLFED,3.071565343,0.0,46,1
11,0.252382373,0.292779435,PBC,0.5,POLFED,2.214992218,0.0,46,1
11,0.252382373,0.777544182,PBC,0.5,POLFED,2.600126964,0.0,46,1
11,0.575558871,0.656352995,PBC,0.5,POLFED,3.112278184,0.0,46,1
11,0.37357356,0.252382373,PBC,0.5,POLFED,2.82250979,0.0,46,1
11,0.292779435,0.171588249,PBC,0.5,POLFED,2.076258606,0.0,46,1
11,0.01,0.171588249,PBC,0.5,POLFED,0.010990667,0.0,46,1
11,0.171588249,0.252382373,PBC,0.5,POLFED,0.881574987,0.0,46,1
11,0.575558871,0.575558871,PBC,0.5,POLFED,3.10027531,0.0,46,1
11,0.37357356,0.535161809,PBC,0.5,POLFED,3.052151825,0.0,46,1
11,0.73714712,0.171588249,PBC,0.5,POLFED,2.494619389,0.0,46,1
11,0.656352995,0.494764746,PBC,0.5,POLFED,3.073450547,0.0,46,1
11,0.171588249,0.535161809,PBC,0.5,POLFED,1.715988417,0.0,46,1
11,0.211985311,0.090794124,PBC,0.5,POLFED,0.768378785,0.0,46,1
11,0.252382373,0.454367684,PBC,0.5,POLFED,2.375021586,0.0,46,1
11,0.131191187,0.454367684,PBC,0.5,POLFED,0.811658041,0.0,46,1
11,0.535161809,0.696750057,PBC,0.5,POLFED,3.106893606,0.0,46,1
11,0.171588249,0.211985311,PBC,0.5,POLFED,0.654154098,0.0,46,1
11,0.37357356,0.211985311,PBC,0.5,POLFED,2.861505663,0.0,46,1
11,0.090794124,0.494764746,PBC,0.5,POLFED,0.522899337,0.0,46,1
11,0.131191187,0.777544182,PBC,0.5,POLFED,0.986317047,0.0,46,1
11,0.131191187,0.292779435,PBC,0.5,POLFED,0.644894453,0.0,46,1
11,0.050397062,0.333176498,PBC,0.5,POLFED,0.09852889,0.0,46,1
11,0.575558871,0.171588249,PBC,0.5,POLFED,2.974152293,0.0,46,1
11,0.333176498,0.73714712,PBC,0.5,POLFED,2.985269529,0.0,46,1
11,0.01,0.575558871,PBC,0.5,POLFED,0.008134299,0.0,46,1
11,0.292779435,0.575558871,PBC,0.5,POLFED,2.82058791,0.0,46,1
11,0.454367684,0.454367684,PBC,0.5,POLFED,3.080138027,0.0,46,1
11,0.535161809,0.413970622,PBC,0.5,POLFED,3.095112809,0.0,46,1
11,0.777544182,0.73714712,PBC,0.5,POLFED,2.373221105,0.0,46,1
11,0.211985311,0.494764746,PBC,0.5,POLFED,2.277389963,0.0,46,1
11,0.171588249,0.131191187,PBC,0.5,POLFED,0.743275447,0.0,46,1
11,0.73714712,0.575558871,PBC,0.5,POLFED,2.618334731,0.0,46,1
11,0.656352995,0.090794124,PBC,0.5,POLFED,2.561807008,0.0,46,1
11,0.37357356,0.131191187,PBC,0.5,POLFED,2.189772574,0.0,46,1
11,0.696750057,0.73714712,PBC,0.5,POLFED,2.879728186,0.0,46,1
11,0.090794124,0.050397062,PBC,0.5,POLFED,0.197133628,0.0,46,1
11,0.73714712,0.656352995,PBC,0.5,POLFED,2.669216905,0.0,46,1
11,0.01,0.656352995,PBC,0.5,POLFED,0.002517831,0.0,46,1
11,0.454367684,0.292779435,PBC,0.5,POLFED,3.031374054,0.0,46,1
11,0.454367684,0.777544182,PBC,0.5,POLFED,3.092641724,0.0,46,1
11,0.292779435,0.656352995,PBC,0.5,POLFED,2.883534739,0.0,46,1
11,0.73714712,0.050397062,PBC,0.5,POLFED,1.967654609,0.0,46,1
11,0.413970622,0.050397062,PBC,0.5,POLFED,2.097112362,0.0,46,1
11,0.37357356,0.615955933,PBC,0.5,POLFED,3.056082309,0.0,46,1
11,0.535161809,0.37357356,PBC,0.5,POLFED,3.085333574,0.0,46,1
11,0.171588249,0.615955933,PBC,0.5,POLFED,1.676131194,0.0,46,1
11,0.413970622,0.73714712,PBC,0.5,POLFED,3.074716498,0.0,46,1
11,0.090794124,0.090794124,PBC,0.5,POLFED,0.222096304,0.0,46,1
11,0.454367684,0.090794124,PBC,0.5,POLFED,2.652513432,0.0,46,1
11,0.656352995,0.01,PBC,0.5,POLFED,2.238092014,0.0,46,1
11,0.696750057,0.171588249,PBC,0.5,POLFED,2.811318892,0.0,46,1
11,0.615955933,0.37357356,PBC,0.5,POLFED,3.092073499,0.0,46,1
11,0.333176498,0.171588249,PBC,0.5,POLFED,2.259037241,0.0,46,1
11,0.252382373,0.494764746,PBC,0.5,POLFED,2.575263479,0.0,46,1
11,0.575558871,0.73714712,PBC,0.5,POLFED,3.095730062,0.0,46,1
11,0.777544182,0.171588249,PBC,0.5,POLFED,2.123396897,0.0,46,1
11,0.656352995,0.454367684,PBC,0.5,POLFED,3.069467111,0.0,46,1
11,0.494764746,0.01,PBC,0.5,POLFED,2.242498195,0.0,46,1
11,0.171588249,0.333176498,PBC,0.5,POLFED,0.894778818,0.0,46,1
11,0.37357356,0.333176498,PBC,0.5,POLFED,2.923509839,0.0,46,1
11,0.656352995,0.292779435,PBC,0.5,POLFED,3.056685319,0.0,46,1
11,0.575558871,0.01,PBC,0.5,POLFED,2.217503389,0.0,46,1
11,0.656352995,0.777544182,PBC,0.5,POLFED,2.883277037,0.0,46,1
11,0.050397062,0.131191187,PBC,0.5,POLFED,0.199685177,0.0,46,1
11,0.090794124,0.292779435,PBC,0.5,POLFED,0.291002275,0.0,46,1
11,0.050397062,0.615955933,PBC,0.5,POLFED,0.194547046,0.0,46,1
11,0.090794124,0.777544182,PBC,0.5,POLFED,0.357689455,0.0,46,1
11,0.413970622,0.171588249,PBC,0.5,POLFED,2.91527435,0.0,46,1
11,0.131191187,0.494764746,PBC,0.5,POLFED,0.907332973,0.0,46,1
11,0.615955933,0.413970622,PBC,0.5,POLFED,3.070550457,0.0,46,1
11,0.494764746,0.696750057,PBC,0.5,POLFED,3.096985456,0.0,46,1
11,0.090794124,0.454367684,PBC,0.5,POLFED,0.245096137,0.0,46,1
11,0.494764746,0.535161809,PBC,0.5,POLFED,3.098745931,0.0,46,1
11,0.131191187,0.73714712,PBC,0.5,POLFED,0.935005599,0.0,46,1
11,0.615955933,0.01,PBC,0.5,POLFED,2.241918408,0.0,46,1
11,0.090794124,0.575558871,PBC,0.5,POLFED,0.385144859,0.0,46,1
11,0.615955933,0.615955933,PBC,0.5,POLFED,3.100129008,0.0,46,1
11,0.494764746,0.252382373,PBC,0.5,POLFED,3.068575822,0.0,46,1
11,0.535161809,0.01,PBC,0.5,POLFED,1.947553509,0.0,46,1
11,0.050397062,0.413970622,PBC,0.5,POLFED,0.151318945,0.0,46,1
11,0.535161809,0.333176498,PBC,0.5,POLFED,3.089972055,0.0,46,1
11,0.090794124,0.656352995,PBC,0.5,POLFED,0.713672266,0.0,46,1
11,0.050397062,0.37357356,PBC,0.5,POLFED,0.141567426,0.0,46,1
11,0.211985311,0.050397062,PBC,0.5,POLFED,1.634705418,0.0,46,1
11,0.656352995,0.656352995,PBC,0.5,POLFED,3.095607661,0.0,46,1
11,0.292779435,0.090794124,PBC,0.5,POLFED,1.518054107,0.0,46,1
11,0.615955933,0.131191187,PBC,0.5,POLFED,2.877913703,0.0,46,1
11,0.575558871,0.494764746,PBC,0.5,POLFED,3.104127159,0.0,46,1
11,0.01,0.090794124,PBC,0.5,POLFED,0.039958982,0.0,46,1
11,0.252382373,0.73714712,PBC,0.5,POLFED,2.717859046,0.0,46,1
11,0.494764746,0.211985311,PBC,0.5,POLFED,2.956333895,0.0,46,1
11,0.211985311,0.171588249,PBC,0.5,POLFED,1.9723371,0.0,46,1
11,0.73714712,0.090794124,PBC,0.5,POLFED,2.347342171,0.0,46,1
11,0.656352995,0.575558871,PBC,0.5,POLFED,3.089169165,0.0,46,1
11,0.413970622,0.494764746,PBC,0.5,POLFED,3.065027515,0.0,46,1
11,0.171588249,0.413970622,PBC,0.5,POLFED,1.300430071,0.0,46,1
11,0.131191187,0.171588249,PBC,0.5,POLFED,0.463006574,0.0,46,1
11,0.37357356,0.413970622,PBC,0.5,POLFED,2.979831349,0.0,46,1
11,0.535161809,0.131191187,PBC,0.5,POLFED,2.935074871,0.0,46,1
11,0.050397062,0.050397062,PBC,0.5,POLFED,0.03644854,0.0,46,1
11,0.73714712,0.777544182,PBC,0.5,POLFED,2.592887834,0.0,46,1
11,0.73714712,0.292779435,PBC,0.5,POLFED,2.548905185,0.0,46,1
11,0.615955933,0.333176498,PBC,0.5,POLFED,3.054991225,0.0,46,1
11,0.292779435,0.292779435,PBC,0.5,POLFED,2.379290738,0.0,46,1
11,0.01,0.777544182,PBC,0.5,POLFED,0.028358826,0.0,46,1
11,0.292779435,0.777544182,PBC,0.5,POLFED,2.875214337,0.0,46,1
11,0.01,0.292779435,PBC,0.5,POLFED,0.002750456,0.0,46,1
11,0.454367684,0.656352995,PBC,0.5,POLFED,3.079212578,0.0,46,1
11,0.01,0.454367684,PBC,0.5,POLFED,0.002577594,0.0,46,1
11,0.211985311,0.73714712,PBC,0.5,POLFED,2.176685052,0.0,46,1
11,0.454367684,0.575558871,PBC,0.5,POLFED,3.090942871,0.0,46,1
11,0.535161809,0.615955933,PBC,0.5,POLFED,3.097240388,0.0,46,1
11,0.292779435,0.454367684,PBC,0.5,POLFED,2.744088923,0.0,46,1
11,0.171588249,0.37357356,PBC,0.5,POLFED,1.592109771,0.0,46,1
11,0.37357356,0.37357356,PBC,0.5,POLFED,2.94179422,0.0,46,1
11,0.696750057,0.494764746,PBC,0.5,POLFED,2.920623689,0.0,46,1
11,0.333176498,0.494764746,PBC,0.5,POLFED,2.948048289,0.0,46,1
11,0.252382373,0.171588249,PBC,0.5,POLFED,1.76538907,0.0,46,1
11,0.73714712,0.454367684,PBC,0.5,POLFED,2.688805583,0.0,46,1
11,0.777544182,0.494764746,PBC,0.5,POLFED,2.31952932,0.0,46,1
11,0.01,0.050397062,PBC,0.5,POLFED,0.005815843,0.0,46,1
13,0.171588249,0.050397062,PBC,0.5,POLFED,0.57150412,0.0,171,1
13,0.73714712,0.413970622,PBC,0.5,POLFED,3.333900775,0.0,171,1
13,0.131191187,0.535161809,PBC,0.5,POLFED,1.18594884,0.0,171,1
13,0.252382373,0.211985311,PBC,0.5,POLFED,2.100088779,0.0,171,1
13,0.252382373,0.050397062,PBC,0.5,POLFED,1.138984542,0.0,171,1
13,0.292779435,0.413970622,PBC,0.5,POLFED,3.543685387,0.0,171,1
13,0.494764746,0.73714712,PBC,0.5,POLFED,3.798284197,0.0,171,1
13,0.131191187,0.252382373,PBC,0.5,POLFED,0.589263539,0.0,171,1
13,0.535161809,0.575558871,PBC,0.5,POLFED,3.798301933,0.0,171,1
13,0.454367684,0.615955933,PBC,0.5,POLFED,3.797739942,0.0,171,1
13,0.090794124,0.333176498,PBC,0.5,POLFED,0.635148721,0.0,171,1
13,0.535161809,0.656352995,PBC,0.5,POLFED,3.803217311,0.0,171,1
13,0.454367684,0.050397062,PBC,0.5,POLFED,2.939822423,0.0,171,1
13,0.171588249,0.777544182,PBC,0.5,POLFED,2.172299888,0.0,171,1
13,0.171588249,0.292779435,PBC,0.5,POLFED,1.412161451,0.0,171,1
13,0.656352995,0.333176498,PBC,0.5,POLFED,3.78151076,0.0,171,1
13,0.37357356,0.292779435,PBC,0.5,POLFED,3.703447163,0.0,171,1
13,0.535161809,0.050397062,PBC,0.5,POLFED,3.144270743,0.0,171,1
13,0.37357356,0.777544182,PBC,0.5,POLFED,3.77642833,0.0,171,1
13,0.454367684,0.131191187,PBC,0.5,POLFED,3.559564463,0.0,171,1
13,0.252382373,0.252382373,PBC,0.5,POLFED,2.839287403,0.0,171,1
13,0.050397062,0.171588249,PBC,0.5,POLFED,0.222900604,0.0,171,1
13,0.73714712,0.37357356,PBC,0.5,POLFED,3.438970835,0.0,171,1
13,0.292779435,0.37357356,PBC,0.5,POLFED,3.46950822,0.0,171,1
13,0.171588249,0.454367684,PBC,0.5,POLFED,1.81424409,0.0,171,1
13,0.252382373,0.535161809,PBC,0.5,POLFED,3.468876382,0.0,171,1
13,0.131191187,0.211985311,PBC,0.5,POLFED,0.605605775,0.0,171,1
13,0.575558871,0.696750057,PBC,0.5,POLFED,3.799984795,0.0,171,1
13,0.252382373,0.01,PBC,0.5,POLFED,1.042712845,0.0,171,1
13,0.37357356,0.454367684,PBC,0.5,POLFED,3.735897797,0.0,171,1
13,0.656352995,0.615955933,PBC,0.5,POLFED,3.78080887,0.0,171,1
13,0.211985311,0.211985311,PBC,0.5,POLFED,1.951051799,0.0,171,1
13,0.494764746,0.171588249,PBC,0.5,POLFED,3.73219144,0.0,171,1
13,0.413970622,0.696750057,PBC,0.5,POLFED,3.791857148,0.0,171,1
13,0.090794124,0.131191187,PBC,0.5,POLFED,0.292573022,0.0,171,1
13,0.01,0.535161809,PBC,0.5,POLFED,0.071589241,0.0,171,1
13,0.01,0.252382373,PBC,0.5,POLFED,0.003195671,0.0,171,1
13,0.01,0.01,PBC,0.5,POLFED,0.010838092,0.004866203,171,2
13,0.454367684,0.333176498,PBC,0.5,POLFED,3.78339612,0.0,171,1
13,0.615955933,0.656352995,PBC,0.5,POLFED,3.796868306,0.0,171,1
13,0.01,0.211985311,PBC,0.5,POLFED,0.071874193,0.0,171,1
13,0.333176498,0.696750057,PBC,0.5,POLFED,3.73506267,0.0,171,1
13,0.615955933,0.575558871,PBC,0.5,POLFED,3.800805435,0.0,171,1
13,0.090794124,0.615955933,PBC,0.5,POLFED,0.367065093,0.0,171,1
13,0.211985311,0.252382373,PBC,0.5,POLFED,1.775329075,0.0,171,1
13,0.777544182,0.696750057,PBC,0.5,POLFED,2.906468267,0.0,171,1
13,0.211985311,0.535161809,PBC,0.5,POLFED,3.103232223,0.0,171,1
13,0.050397062,0.73714712,PBC,0.5,POLFED,0.25741457,0.0,171,1
13,0.171588249,0.090794124,PBC,0.5,POLFED,0.978466713,0.0,171,1
13,0.37357356,0.090794124,PBC,0.5,POLFED,3.041751713,0.0,171,1
13,0.656352995,0.131191187,PBC,0.5,POLFED,3.62657154,0.0,171,1
13,0.696750057,0.696750057,PBC,0.5,POLFED,3.574672777,0.0,171,1
13,0.211985311,0.696750057,PBC,0.5,POLFED,3.125081537,0.0,171,1
13,0.050397062,0.494764746,PBC,0.5,POLFED,0.237617841,0.0,171,1
13,0.333176498,0.252382373,PBC,0.5,POLFED,3.443298631,0.0,171,1
13,0.615955933,0.454367684,PBC,0.5,POLFED,3.794025219,0.0,171,1
13,0.777544182,0.252382373,PBC,0.5,POLFED,2.673021619,0.0,171,1
13,0.656352995,0.37357356,PBC,0.5,POLFED,3.782989889,0.0,171,1
13,0.696750057,0.535161809,PBC,0.5,POLFED,3.744705304,0.0,171,1
13,0.090794124,0.413970622,PBC,0.5,POLFED,0.46178653,0.0,171,1
13,0.333176498,0.535161809,PBC,0.5,POLFED,3.718412449,0.0,171,1
13,0.696750057,0.252382373,PBC,0.5,POLFED,3.688924704,0.0,171,1
13,0.413970622,0.211985311,PBC,0.5,POLFED,3.682513708,0.0,171,1
13,0.777544182,0.535161809,PBC,0.5,POLFED,2.919639302,0.0,171,1
13,0.73714712,0.333176498,PBC,0.5,POLFED,3.38504906,0.0,171,1
13,0.615955933,0.292779435,PBC,0.5,POLFED,3.788261017,0.0,171,1
13,0.292779435,0.333176498,PBC,0.5,POLFED,3.438006939,0.0,171,1
13,0.615955933,0.777544182,PBC,0.5,POLFED,3.793055159,0.0,171,1
13,0.01,0.696750057,PBC,0.5,POLFED,0.029219842,0.0,171,1
13,0.777544182,0.211985311,PBC,0.5,POLFED,2.745614432,0.0,171,1
13,0.413970622,0.01,PBC,0.5,POLFED,1.822064192,0.0,171,1
13,0.413970622,0.535161809,PBC,0.5,POLFED,3.781928539,0.0,171,1
13,0.777544182,0.050397062,PBC,0.5,POLFED,2.61024719,0.0,171,1
13,0.090794124,0.37357356,PBC,0.5,POLFED,0.33090693,0.0,171,1
13,0.333176498,0.211985311,PBC,0.5,POLFED,3.528388252,0.0,171,1
13,0.656352995,0.413970622,PBC,0.5,POLFED,3.778682241,0.0,171,1
13,0.696750057,0.211985311,PBC,0.5,POLFED,3.640365849,0.0,171,1
13,0.292779435,0.050397062,PBC,0.5,POLFED,1.587360564,0.0,171,1
13,0.413970622,0.252382373,PBC,0.5,POLFED,3.715334951,0.0,171,1
13,0.535161809,0.090794124,PBC,0.5,POLFED,3.544491592,0.0,171,1
13,0.292779435,0.131191187,PBC,0.5,POLFED,2.541745365,0.0,171,1
13,0.615955933,0.090794124,PBC,0.5,POLFED,3.521323146,0.0,171,1
13,0.575558871,0.535161809,PBC,0.5,POLFED,3.802983339,0.0,171,1
13,0.252382373,0.696750057,PBC,0.5,POLFED,3.426754814,0.0,171,1
13,0.454367684,0.37357356,PBC,0.5,POLFED,3.779481145,0.0,171,1
13,0.171588249,0.575558871,PBC,0.5,POLFED,2.099494773,0.0,171,1
13,0.575558871,0.252382373,PBC,0.5,POLFED,3.787949709,0.0,171,1
13,0.73714712,0.131191187,PBC,0.5,POLFED,2.998039029,0.0,171,1
13,0.37357356,0.575558871,PBC,0.5,POLFED,3.768821058,0.0,171,1
13,0.171588249,0.656352995,PBC,0.5,POLFED,2.351838593,0.0,171,1
13,0.37357356,0.656352995,PBC,0.5,POLFED,3.763076217,0.0,171,1
13,0.535161809,0.292779435,PBC,0.5,POLFED,3.790197321,0.0,171,1
13,0.535161809,0.777544182,PBC,0.5,POLFED,3.804055529,0.0,171,1
13,0.73714712,0.615955933,PBC,0.5,POLFED,3.456674904,0.0,171,1
13,0.494764746,0.494764746,PBC,0.5,POLFED,3.797529029,0.0,171,1
13,0.454367684,0.413970622,PBC,0.5,POLFED,3.788263429,0.0,171,1
13,0.01,0.050397062,PBC,0.5,POLFED,0.001701432,0.0,171,1
13,0.131191187,0.696750057,PBC,0.5,POLFED,1.133939171,0.0,171,1
13,0.575558871,0.211985311,PBC,0.5,POLFED,3.782108038,0.0,171,1
13,0.292779435,0.615955933,PBC,0.5,POLFED,3.620817598,0.0,171,1
13,0.535161809,0.454367684,PBC,0.5,POLFED,3.802758527,0.0,171,1
13,0.777544182,0.333176498,PBC,0.5,POLFED,2.762930754,0.0,171,1
13,0.333176498,0.333176498,PBC,0.5,POLFED,3.577187442,0.0,171,1
13,0.696750057,0.333176498,PBC,0.5,POLFED,3.74185852,0.0,171,1
13,0.050397062,0.777544182,PBC,0.5,POLFED,0.136662634,0.0,171,1
13,0.050397062,0.292779435,PBC,0.5,POLFED,0.222600712,0.0,171,1
13,0.333176498,0.050397062,PBC,0.5,POLFED,2.459036213,0.0,171,1
13,0.73714712,0.252382373,PBC,0.5,POLFED,3.368419009,0.0,171,1
13,0.050397062,0.454367684,PBC,0.5,POLFED,0.194831723,0.0,171,1
13,0.575558871,0.131191187,PBC,0.5,POLFED,3.684897301,0.0,171,1
13,0.252382373,0.37357356,PBC,0.5,POLFED,3.210544445,0.0,171,1
13,0.292779435,0.535161809,PBC,0.5,POLFED,3.624700581,0.0,171,1
13,0.615955933,0.494764746,PBC,0.5,POLFED,3.796570722,0.0,171,1
13,0.37357356,0.171588249,PBC,0.5,POLFED,3.481888641,0.0,171,1
13,0.73714712,0.535161809,PBC,0.5,POLFED,3.533063274,0.0,171,1
13,0.131191187,0.413970622,PBC,0.5,POLFED,0.980523904,0.0,171,1
13,0.292779435,0.252382373,PBC,0.5,POLFED,3.348386994,0.0,171,1
13,0.171588249,0.171588249,PBC,0.5,POLFED,1.723712338,0.0,171,1
13,0.454367684,0.696750057,PBC,0.5,POLFED,3.796619821,0.0,171,1
13,0.615955933,0.050397062,PBC,0.5,POLFED,3.1129245,0.0,171,1
13,0.494764746,0.090794124,PBC,0.5,POLFED,3.483671761,0.0,171,1
13,0.73714712,0.211985311,PBC,0.5,POLFED,3.29160069,0.0,171,1
13,0.252382373,0.413970622,PBC,0.5,POLFED,3.147702034,0.0,171,1
13,0.292779435,0.211985311,PBC,0.5,POLFED,3.008600119,0.0,171,1
13,0.575558871,0.615955933,PBC,0.5,POLFED,3.799872896,0.0,171,1
13,0.131191187,0.37357356,PBC,0.5,POLFED,0.873187126,0.0,171,1
13,0.292779435,0.01,PBC,0.5,POLFED,0.954357141,0.0,171,1
13,0.413970622,0.333176498,PBC,0.5,POLFED,3.767272502,0.0,171,1
13,0.575558871,0.333176498,PBC,0.5,POLFED,3.794322017,0.0,171,1
13,0.211985311,0.01,PBC,0.5,POLFED,0.401866347,0.0,171,1
13,0.131191187,0.01,PBC,0.5,POLFED,0.492658337,0.0,171,1
13,0.01,0.413970622,PBC,0.5,POLFED,0.014364802,0.0,171,1
13,0.696750057,0.131191187,PBC,0.5,POLFED,3.450940075,0.0,171,1
13,0.656352995,0.696750057,PBC,0.5,POLFED,3.786840835,0.0,171,1
13,0.37357356,0.73714712,PBC,0.5,POLFED,3.776641895,0.0,171,1
13,0.171588249,0.73714712,PBC,0.5,POLFED,2.540656532,0.0,171,1
13,0.211985311,0.37357356,PBC,0.5,POLFED,2.444803061,0.0,171,1
13,0.050397062,0.090794124,PBC,0.5,POLFED,0.069920112,0.0,171,1
13,0.777544182,0.131191187,PBC,0.5,POLFED,2.680228395,0.0,171,1
13,0.050397062,0.01,PBC,0.5,POLFED,0.158680424,0.0,171,1
13,0.413970622,0.615955933,PBC,0.5,POLFED,3.789304317,0.0,171,1
13,0.333176498,0.131191187,PBC,0.5,POLFED,3.372894034,0.0,171,1
13,0.333176498,0.615955933,PBC,0.5,POLFED,3.728914614,0.0,171,1
13,0.494764746,0.454367684,PBC,0.5,POLFED,3.796627821,0.0,171,1
13,0.090794124,0.696750057,PBC,0.5,POLFED,0.755703375,0.0,171,1
13,0.211985311,0.413970622,PBC,0.5,POLFED,2.567850831,0.0,171,1
13,0.413970622,0.131191187,PBC,0.5,POLFED,3.452919594,0.0,171,1
13,0.777544182,0.615955933,PBC,0.5,POLFED,2.627896151,0.0,171,1
13,0.535161809,0.494764746,PBC,0.5,POLFED,3.799279267,0.0,171,1
13,0.696750057,0.615955933,PBC,0.5,POLFED,3.767336138,0.0,171,1
13,0.494764746,0.777544182,PBC,0.5,POLFED,3.800985721,0.0,171,1
13,0.494764746,0.292779435,PBC,0.5,POLFED,3.790336121,0.0,171,1
13,0.01,0.37357356,PBC,0.5,POLFED,0.005392174,0.0,171,1
13,0.01,0.131191187,PBC,0.5,POLFED,0.001742927,0.0,171,1
13,0.494764746,0.656352995,PBC,0.5,POLFED,3.799099489,0.0,171,1
13,0.131191187,0.333176498,PBC,0.5,POLFED,0.908103655,0.0,171,1
13,0.090794124,0.01,PBC,0.5,POLFED,0.2366508,0.0,171,1
13,0.090794124,0.252382373,PBC,0.5,POLFED,0.402710321,0.0,171,1
13,0.211985311,0.615955933,PBC,0.5,POLFED,3.095658338,0.0,171,1
13,0.494764746,0.575558871,PBC,0.5,POLFED,3.802362271,0.0,171,1
13,0.494764746,0.050397062,PBC,0.5,POLFED,2.977571912,0.0,171,1
13,0.777544182,0.413970622,PBC,0.5,POLFED,2.70584892,0.0,171,1
13,0.535161809,0.73714712,PBC,0.5,POLFED,3.802445449,0.0,171,1
13,0.171588249,0.01,PBC,0.5,POLFED,0.415395745,0.0,171,1
13,0.333176498,0.413970622,PBC,0.5,POLFED,3.663519607,0.0,171,1
13,0.656352995,0.211985311,PBC,0.5,POLFED,3.709661118,0.0,171,1
13,0.696750057,0.413970622,PBC,0.5,POLFED,3.654806958,0.0,171,1
13,0.090794124,0.535161809,PBC,0.5,POLFED,0.644289302,0.0,171,1
13,0.413970622,0.37357356,PBC,0.5,POLFED,3.771394421,0.0,171,1
13,0.777544182,0.37357356,PBC,0.5,POLFED,2.795453584,0.0,171,1
13,0.656352995,0.252382373,PBC,0.5,POLFED,3.743358758,0.0,171,1
13,0.615955933,0.171588249,PBC,0.5,POLFED,3.752405866,0.0,171,1
13,0.090794124,0.211985311,PBC,0.5,POLFED,0.487263333,0.0,171,1
13,0.333176498,0.37357356,PBC,0.5,POLFED,3.6481084,0.0,171,1
13,0.696750057,0.37357356,PBC,0.5,POLFED,3.718354336,0.0,171,1
13,0.656352995,0.535161809,PBC,0.5,POLFED,3.788220372,0.0,171,1
13,0.37357356,0.494764746,PBC,0.5,POLFED,3.76840292,0.0,171,1
13,0.171588249,0.494764746,PBC,0.5,POLFED,2.178688136,0.0,171,1
13,0.413970622,0.413970622,PBC,0.5,POLFED,3.779404514,0.0,171,1
13,0.211985311,0.131191187,PBC,0.5,POLFED,1.445843369,0.0,171,1
13,0.252382373,0.333176498,PBC,0.5,POLFED,2.86699425,0.0,171,1
13,0.01,0.615955933,PBC,0.5,POLFED,0.075907042,0.0,171,1
13,0.37357356,0.01,PBC,0.5,POLFED,1.730997766,0.0,171,1
13,0.252382373,0.615955933,PBC,0.5,POLFED,3.412432474,0.0,171,1
13,0.131191187,0.131191187,PBC,0.5,POLFED,0.412955963,0.0,171,1
13,0.454367684,0.211985311,PBC,0.5,POLFED,3.746857593,0.0,171,1
13,0.535161809,0.171588249,PBC,0.5,POLFED,3.713212331,0.0,171,1
13,0.01,0.333176498,PBC,0.5,POLFED,0.001721811,0.0,171,1
13,0.575558871,0.413970622,PBC,0.5,POLFED,3.789935446,0.0,171,1
13,0.73714712,0.696750057,PBC,0.5,POLFED,3.544115962,0.0,171,1
13,0.050397062,0.575558871,PBC,0.5,POLFED,0.195272354,0.0,171,1
13,0.454367684,0.535161809,PBC,0.5,POLFED,3.798384464,0.0,171,1
13,0.454367684,0.252382373,PBC,0.5,POLFED,3.77500447,0.0,171,1
13,0.575558871,0.37357356,PBC,0.5,POLFED,3.794599115,0.0,171,1
13,0.333176498,0.01,PBC,0.5,POLFED,1.17525707,0.0,171,1
13,0.131191187,0.615955933,PBC,0.5,POLFED,1.278696679,0.0,171,1
13,0.252382373,0.131191187,PBC,0.5,POLFED,1.668959933,0.0,171,1
13,0.292779435,0.696750057,PBC,0.5,POLFED,3.666773236,0.0,171,1
13,0.615955933,0.73714712,PBC,0.5,POLFED,3.802476947,0.0,171,1
13,0.211985311,0.333176498,PBC,0.5,POLFED,2.729848273,0.0,171,1
13,0.050397062,0.656352995,PBC,0.5,POLFED,0.089361101,0.0,171,1
13,0.777544182,0.171588249,PBC,0.5,POLFED,2.694020442,0.0,171,1
13,0.656352995,0.454367684,PBC,0.5,POLFED,3.793037962,0.0,171,1
13,0.615955933,0.37357356,PBC,0.5,POLFED,3.787911476,0.0,171,1
13,0.252382373,0.494764746,PBC,0.5,POLFED,3.398582762,0.0,171,1
13,0.333176498,0.171588249,PBC,0.5,POLFED,3.086264453,0.0,171,1
13,0.575558871,0.73714712,PBC,0.5,POLFED,3.801367961,0.0,171,1
13,0.696750057,0.171588249,PBC,0.5,POLFED,3.565146142,0.0,171,1
13,0.454367684,0.090794124,PBC,0.5,POLFED,3.468012108,0.0,171,1
13,0.656352995,0.292779435,PBC,0.5,POLFED,3.762047478,0.0,171,1
13,0.37357356,0.333176498,PBC,0.5,POLFED,3.707699936,0.0,171,1
13,0.656352995,0.050397062,PBC,0.5,POLFED,2.974356885,0.0,171,1
13,0.656352995,0.777544182,PBC,0.5,POLFED,3.781204381,0.0,171,1
13,0.171588249,0.333176498,PBC,0.5,POLFED,1.699466537,0.0,171,1
13,0.090794124,0.292779435,PBC,0.5,POLFED,0.378679894,0.0,171,1
13,0.090794124,0.777544182,PBC,0.5,POLFED,0.620965287,0.0,171,1
13,0.494764746,0.696750057,PBC,0.5,POLFED,3.799369668,0.0,171,1
13,0.090794124,0.454367684,PBC,0.5,POLFED,0.543743622,0.0,171,1
13,0.615955933,0.413970622,PBC,0.5,POLFED,3.793631735,0.0,171,1
13,0.131191187,0.494764746,PBC,0.5,POLFED,1.020646227,0.0,171,1
13,0.413970622,0.171588249,PBC,0.5,POLFED,3.624419796,0.0,171,1
13,0.37357356,0.131191187,PBC,0.5,POLFED,3.484466488,0.0,171,1
13,0.656352995,0.090794124,PBC,0.5,POLFED,3.391880052,0.0,171,1
13,0.73714712,0.575558871,PBC,0.5,POLFED,3.508964968,0.0,171,1
13,0.696750057,0.73714712,PBC,0.5,POLFED,3.717742042,0.0,171,1
13,0.050397062,0.696750057,PBC,0.5,POLFED,0.12257114,0.0,171,1
13,0.211985311,0.494764746,PBC,0.5,POLFED,2.699112032,0.0,171,1
13,0.171588249,0.131191187,PBC,0.5,POLFED,0.726527343,0.0,171,1
13,0.777544182,0.73714712,PBC,0.5,POLFED,2.869764629,0.0,171,1
13,0.535161809,0.413970622,PBC,0.5,POLFED,3.797866541,0.0,171,1
13,0.575558871,0.171588249,PBC,0.5,POLFED,3.750788934,0.0,171,1
13,0.333176498,0.73714712,PBC,0.5,POLFED,3.736993902,0.0,171,1
13,0.292779435,0.575558871,PBC,0.5,POLFED,3.642876952,0.0,171,1
13,0.454367684,0.454367684,PBC,0.5,POLFED,3.793875914,0.0,171,1
13,0.454367684,0.292779435,PBC,0.5,POLFED,3.769978034,0.0,171,1
13,0.454367684,0.777544182,PBC,0.5,POLFED,3.792627282,0.0,171,1
13,0.292779435,0.656352995,PBC,0.5,POLFED,3.648790051,0.0,171,1
13,0.73714712,0.656352995,PBC,0.5,POLFED,3.556315808,0.0,171,1
13,0.696750057,0.01,PBC,0.5,POLFED,2.690387778,0.0,171,1
13,0.01,0.494764746,PBC,0.5,POLFED,0.007947725,0.0,171,1
13,0.090794124,0.090794124,PBC,0.5,POLFED,0.585134431,0.0,171,1
13,0.413970622,0.73714712,PBC,0.5,POLFED,3.790569387,0.0,171,1
13,0.171588249,0.615955933,PBC,0.5,POLFED,2.084684373,0.0,171,1
13,0.535161809,0.37357356,PBC,0.5,POLFED,3.798529294,0.0,171,1
13,0.37357356,0.615955933,PBC,0.5,POLFED,3.77143439,0.0,171,1
13,0.535161809,0.131191187,PBC,0.5,POLFED,3.682602709,0.0,171,1
13,0.050397062,0.211985311,PBC,0.5,POLFED,0.230167472,0.0,171,1
13,0.37357356,0.413970622,PBC,0.5,POLFED,3.753327147,0.0,171,1
13,0.131191187,0.171588249,PBC,0.5,POLFED,0.932120733,0.0,171,1
13,0.413970622,0.494764746,PBC,0.5,POLFED,3.792612876,0.0,171,1
13,0.171588249,0.413970622,PBC,0.5,POLFED,1.674289823,0.0,171,1
13,0.454367684,0.01,PBC,0.5,POLFED,2.473566338,0.0,171,1
13,0.131191187,0.050397062,PBC,0.5,POLFED,0.242837527,0.0,171,1
13,0.01,0.73714712,PBC,0.5,POLFED,0.011057772,0.0,171,1
13,0.777544182,0.01,PBC,0.5,POLFED,2.234726678,0.0,171,1
13,0.73714712,0.01,PBC,0.5,POLFED,2.28825849,0.0,171,1
13,0.292779435,0.292779435,PBC,0.5,POLFED,3.239659968,0.0,171,1
13,0.615955933,0.333176498,PBC,0.5,POLFED,3.778843764,0.0,171,1
13,0.696750057,0.050397062,PBC,0.5,POLFED,2.829229428,0.0,171,1
13,0.292779435,0.777544182,PBC,0.5,POLFED,3.660147761,0.0,171,1
13,0.454367684,0.656352995,PBC,0.5,POLFED,3.797338076,0.0,171,1
13,0.73714712,0.777544182,PBC,0.5,POLFED,3.058869898,0.0,171,1
13,0.73714712,0.292779435,PBC,0.5,POLFED,3.416693091,0.0,171,1
13,0.73714712,0.454367684,PBC,0.5,POLFED,3.455187092,0.0,171,1
13,0.777544182,0.494764746,PBC,0.5,POLFED,2.741886191,0.0,171,1
13,0.252382373,0.171588249,PBC,0.5,POLFED,2.237033153,0.0,171,1
13,0.333176498,0.494764746,PBC,0.5,POLFED,3.70041225,0.0,171,1
13,0.575558871,0.050397062,PBC,0.5,POLFED,3.216900015,0.0,171,1
13,0.050397062,0.252382373,PBC,0.5,POLFED,0.180184426,0.0,171,1
13,0.37357356,0.37357356,PBC,0.5,POLFED,3.742726871,0.0,171,1
13,0.696750057,0.494764746,PBC,0.5,POLFED,3.720206628,0.0,171,1
13,0.050397062,0.535161809,PBC,0.5,POLFED,0.144920571,0.0,171,1
13,0.211985311,0.73714712,PBC,0.5,POLFED,3.074885168,0.0,171,1
13,0.37357356,0.050397062,PBC,0.5,POLFED,2.361998661,0.0,171,1
13,0.454367684,0.575558871,PBC,0.5,POLFED,3.798459758,0.0,171,1
13,0.171588249,0.37357356,PBC,0.5,POLFED,1.515755054,0.0,171,1
13,0.292779435,0.454367684,PBC,0.5,POLFED,3.53203335,0.0,171,1
13,0.535161809,0.615955933,PBC,0.5,POLFED,3.803417351,0.0,171,1
13,0.131191187,0.73714712,PBC,0.5,POLFED,1.02028733,0.0,171,1
13,0.050397062,0.050397062,PBC,0.5,POLFED,0.074708884,0.0,171,1
13,0.494764746,0.252382373,PBC,0.5,POLFED,3.775052587,0.0,171,1
13,0.615955933,0.615955933,PBC,0.5,POLFED,3.79729781,0.0,171,1
13,0.090794124,0.575558871,PBC,0.5,POLFED,0.495900371,0.0,171,1
13,0.494764746,0.535161809,PBC,0.5,POLFED,3.799778845,0.0,171,1
13,0.535161809,0.333176498,PBC,0.5,POLFED,3.79716088,0.0,171,1
13,0.090794124,0.656352995,PBC,0.5,POLFED,0.510330574,0.0,171,1
13,0.01,0.171588249,PBC,0.5,POLFED,0.058343624,0.0,171,1
13,0.656352995,0.656352995,PBC,0.5,POLFED,3.783121615,0.0,171,1
13,0.656352995,0.575558871,PBC,0.5,POLFED,3.782196327,0.0,171,1
13,0.73714712,0.090794124,PBC,0.5,POLFED,3.016576428,0.0,171,1
13,0.211985311,0.171588249,PBC,0.5,POLFED,1.222028055,0.0,171,1
13,0.494764746,0.211985311,PBC,0.5,POLFED,3.757880159,0.0,171,1
13,0.615955933,0.131191187,PBC,0.5,POLFED,3.613135613,0.0,171,1
13,0.292779435,0.090794124,PBC,0.5,POLFED,1.804583732,0.0,171,1
13,0.575558871,0.494764746,PBC,0.5,POLFED,3.801278795,0.0,171,1
13,0.252382373,0.73714712,PBC,0.5,POLFED,3.528798462,0.0,171,1
13,0.413970622,0.777544182,PBC,0.5,POLFED,3.794705607,0.0,171,1
13,0.413970622,0.292779435,PBC,0.5,POLFED,3.749645265,0.0,171,1
13,0.01,0.575558871,PBC,0.5,POLFED,0.003312004,0.0,171,1
13,0.73714712,0.050397062,PBC,0.5,POLFED,2.709333346,0.0,171,1
13,0.01,0.656352995,PBC,0.5,POLFED,0.005562056,0.0,171,1
13,0.615955933,0.211985311,PBC,0.5,POLFED,3.771831788,0.0,171,1
13,0.413970622,0.050397062,PBC,0.5,POLFED,2.892010937,0.0,171,1
13,0.090794124,0.171588249,PBC,0.5,POLFED,0.337466594,0.0,171,1
13,0.413970622,0.454367684,PBC,0.5,POLFED,3.780920055,0.0,171,1
13,0.494764746,0.131191187,PBC,0.5,POLFED,3.657456838,0.0,171,1
13,0.211985311,0.575558871,PBC,0.5,POLFED,3.095771783,0.0,171,1
13,0.333176498,0.454367684,PBC,0.5,POLFED,3.68773953,0.0,171,1
13,0.494764746,0.615955933,PBC,0.5,POLFED,3.799052884,0.0,171,1
13,0.615955933,0.252382373,PBC,0.5,POLFED,3.780713893,0.0,171,1
13,0.454367684,0.73714712,PBC,0.5,POLFED,3.798674797,0.0,171,1
13,0.656352995,0.171588249,PBC,0.5,POLFED,3.678638248,0.0,171,1
13,0.73714712,0.494764746,PBC,0.5,POLFED,3.484371301,0.0,171,1
13,0.090794124,0.050397062,PBC,0.5,POLFED,0.320687068,0.0,171,1
13,0.777544182,0.454367684,PBC,0.5,POLFED,2.930087737,0.0,171,1
13,0.575558871,0.090794124,PBC,0.5,POLFED,3.521055928,0.0,171,1
13,0.615955933,0.535161809,PBC,0.5,POLFED,3.798393663,0.0,171,1
13,0.292779435,0.494764746,PBC,0.5,POLFED,3.62094987,0.0,171,1
13,0.696750057,0.454367684,PBC,0.5,POLFED,3.741868331,0.0,171,1
13,0.050397062,0.333176498,PBC,0.5,POLFED,0.074410865,0.0,171,1
13,0.696750057,0.292779435,PBC,0.5,POLFED,3.711563686,0.0,171,1
13,0.696750057,0.777544182,PBC,0.5,POLFED,3.614332027,0.0,171,1
13,0.333176498,0.777544182,PBC,0.5,POLFED,3.729062354,0.0,171,1
13,0.211985311,0.656352995,PBC,0.5,POLFED,3.142730126,0.0,171,1
13,0.333176498,0.292779435,PBC,0.5,POLFED,3.60092858,0.0,171,1
13,0.777544182,0.292779435,PBC,0.5,POLFED,2.720284178,0.0,171,1
13,0.777544182,0.777544182,PBC,0.5,POLFED,2.893820408,0.0,171,1
13,0.494764746,0.01,PBC,0.5,POLFED,2.373855692,0.0,171,1
13,0.131191187,0.656352995,PBC,0.5,POLFED,1.534736049,0.0,171,1
13,0.494764746,0.333176498,PBC,0.5,POLFED,3.789264802,0.0,171,1
13,0.656352995,0.01,PBC,0.5,POLFED,2.601555285,0.0,171,1
13,0.050397062,0.615955933,PBC,0.5,POLFED,0.063382617,0.0,171,1
13,0.535161809,0.535161809,PBC,0.5,POLFED,3.801291398,0.0,171,1
13,0.413970622,0.090794124,PBC,0.5,POLFED,3.220534072,0.0,171,1
13,0.535161809,0.252382373,PBC,0.5,POLFED,3.788254504,0.0,171,1
13,0.131191187,0.575558871,PBC,0.5,POLFED,0.983439203,0.0,171,1
13,0.575558871,0.01,PBC,0.5,POLFED,2.58710165,0.0,171,1
13,0.090794124,0.73714712,PBC,0.5,POLFED,0.660081735,0.0,171,1
13,0.252382373,0.575558871,PBC,0.5,POLFED,3.353276425,0.0,171,1
13,0.333176498,0.090794124,PBC,0.5,POLFED,2.280181162,0.0,171,1
13,0.777544182,0.090794124,PBC,0.5,POLFED,2.65099116,0.0,171,1
13,0.535161809,0.211985311,PBC,0.5,POLFED,3.765484377,0.0,171,1
13,0.171588249,0.696750057,PBC,0.5,POLFED,2.084819137,0.0,171,1
13,0.454367684,0.171588249,PBC,0.5,POLFED,3.718493329,0.0,171,1
13,0.575558871,0.454367684,PBC,0.5,POLFED,3.799084887,0.0,171,1
13,0.050397062,0.131191187,PBC,0.5,POLFED,0.07368387,0.0,171,1
13,0.696750057,0.090794124,PBC,0.5,POLFED,3.243966278,0.0,171,1
13,0.656352995,0.73714712,PBC,0.5,POLFED,3.794180778,0.0,171,1
13,0.37357356,0.696750057,PBC,0.5,POLFED,3.772295969,0.0,171,1
13,0.575558871,0.292779435,PBC,0.5,POLFED,3.791930719,0.0,171,1
13,0.575558871,0.777544182,PBC,0.5,POLFED,3.801077421,0.0,171,1
13,0.252382373,0.656352995,PBC,0.5,POLFED,3.48686096,0.0,171,1
13,0.575558871,0.656352995,PBC,0.5,POLFED,3.802240725,0.0,171,1
13,0.615955933,0.01,PBC,0.5,POLFED,2.643061136,0.0,171,1
13,0.535161809,0.01,PBC,0.5,POLFED,2.35480524,0.0,171,1
13,0.252382373,0.292779435,PBC,0.5,POLFED,2.987641549,0.0,171,1
13,0.252382373,0.777544182,PBC,0.5,POLFED,3.421640332,0.0,171,1
13,0.171588249,0.535161809,PBC,0.5,POLFED,2.173500243,0.0,171,1
13,0.252382373,0.454367684,PBC,0.5,POLFED,3.362060967,0.0,171,1
13,0.211985311,0.090794124,PBC,0.5,POLFED,1.163193665,0.0,171,1
13,0.050397062,0.37357356,PBC,0.5,POLFED,0.117271233,0.0,171,1
13,0.656352995,0.494764746,PBC,0.5,POLFED,3.788743102,0.0,171,1
13,0.73714712,0.171588249,PBC,0.5,POLFED,3.117824318,0.0,171,1
13,0.37357356,0.535161809,PBC,0.5,POLFED,3.768771126,0.0,171,1
13,0.211985311,0.050397062,PBC,0.5,POLFED,0.944183096,0.0,171,1
13,0.292779435,0.171588249,PBC,0.5,POLFED,2.46764204,0.0,171,1
13,0.575558871,0.575558871,PBC,0.5,POLFED,3.79811512,0.0,171,1
13,0.171588249,0.252382373,PBC,0.5,POLFED,1.350427376,0.0,171,1
13,0.37357356,0.252382373,PBC,0.5,POLFED,3.65342577,0.0,171,1
13,0.050397062,0.413970622,PBC,0.5,POLFED,0.326473977,0.0,171,1
13,0.090794124,0.494764746,PBC,0.5,POLFED,0.522278717,0.0,171,1
13,0.37357356,0.211985311,PBC,0.5,POLFED,3.514738643,0.0,171,1
13,0.131191187,0.454367684,PBC,0.5,POLFED,0.982163946,0.0,171,1
13,0.535161809,0.696750057,PBC,0.5,POLFED,3.801184917,0.0,171,1
13,0.171588249,0.211985311,PBC,0.5,POLFED,1.269369839,0.0,171,1
13,0.131191187,0.777544182,PBC,0.5,POLFED,1.295693763,0.0,171,1
13,0.131191187,0.292779435,PBC,0.5,POLFED,0.931376782,0.0,171,1
13,0.01,0.090794124,PBC,0.5,POLFED,0.01432978,0.0,171,1
13,0.696750057,0.656352995,PBC,0.5,POLFED,3.757288527,0.0,171,1
13,0.211985311,0.777544182,PBC,0.5,POLFED,3.043956762,0.0,171,1
13,0.333176498,0.656352995,PBC,0.5,POLFED,3.749203515,0.0,171,1
13,0.211985311,0.292779435,PBC,0.5,POLFED,2.14543888,0.0,171,1
13,0.777544182,0.656352995,PBC,0.5,POLFED,2.938264305,0.0,171,1
13,0.252382373,0.090794124,PBC,0.5,POLFED,1.59473585,0.0,171,1
13,0.333176498,0.575558871,PBC,0.5,POLFED,3.710309892,0.0,171,1
13,0.211985311,0.454367684,PBC,0.5,POLFED,2.651466378,0.0,171,1
13,0.615955933,0.696750057,PBC,0.5,POLFED,3.801293167,0.0,171,1
13,0.292779435,0.73714712,PBC,0.5,POLFED,3.661171463,0.0,171,1
13,0.494764746,0.413970622,PBC,0.5,POLFED,3.79638955,0.0,171,1
13,0.777544182,0.575558871,PBC,0.5,POLFED,2.93629419,0.0,171,1
13,0.454367684,0.494764746,PBC,0.5,POLFED,3.800953408,0.0,171,1
13,0.73714712,0.73714712,PBC,0.5,POLFED,3.109440578,0.0,171,1
13,0.696750057,0.575558871,PBC,0.5,POLFED,3.753365995,0.0,171,1
13,0.01,0.292779435,PBC,0.5,POLFED,0.020154939,0.0,171,1
13,0.01,0.777544182,PBC,0.5,POLFED,0.00918988,0.0,171,1
13,0.494764746,0.37357356,PBC,0.5,POLFED,3.800854491,0.0,171,1
13,0.413970622,0.575558871,PBC,0.5,POLFED,3.783080537,0.0,171,1
13,0.131191187,0.090794124,PBC,0.5,POLFED,0.478838392,0.0,171,1
13,0.413970622,0.656352995,PBC,0.5,POLFED,3.786340356,0.0,171,1
13,0.01,0.454367684,PBC,0.5,POLFED,0.041702265,0.0,171,1
14,0.050397062,0.494764746,PBC,0.0,POLFED,0.211920964,0.0,343,1
14,0.37357356,0.656352995,PBC,0.0,POLFED,4.236690795,0.0,343,1
14,0.171588249,0.656352995,PBC,0.0,POLFED,2.644425997,0.0,343,1
14,0.37357356,0.575558871,PBC,0.0,POLFED,4.234650915,0.0,343,1
14,0.73714712,0.131191187,PBC,0.0,POLFED,1.80656064,1.80656064,343,2
14,0.454367684,0.37357356,PBC,0.0,POLFED,4.250313963,0.0,343,1
14,0.171588249,0.575558871,PBC,0.0,POLFED,2.427245588,0.0,343,1
14,0.777544182,0.131191187,PBC,0.0,POLFED,1.497758474,1.497758473,343,2
14,0.575558871,0.252382373,PBC,0.0,POLFED,4.254148961,0.0,343,1
14,0.050397062,0.050397062,PBC,0.0,POLFED,0.109025562,0.0,343,1
14,0.292779435,0.131191187,PBC,0.0,POLFED,3.001032031,0.0,343,1
14,0.615955933,0.090794124,PBC,0.0,POLFED,3.983869639,0.0,343,1
14,0.575558871,0.535161809,PBC,0.0,POLFED,4.264134959,0.0,343,1
14,0.252382373,0.696750057,PBC,0.0,POLFED,4.013173731,0.0,343,1
14,0.131191187,0.696750057,PBC,0.0,POLFED,1.366626694,0.0,343,1
14,0.575558871,0.211985311,PBC,0.0,POLFED,4.242764393,0.0,343,1
14,0.535161809,0.454367684,PBC,0.0,POLFED,4.264355722,0.0,343,1
14,0.292779435,0.615955933,PBC,0.0,POLFED,4.131745791,0.0,343,1
14,0.454367684,0.413970622,PBC,0.0,POLFED,4.258503633,0.0,343,1
14,0.494764746,0.494764746,PBC,0.0,POLFED,4.263452714,0.0,343,1
14,0.252382373,0.01,PBC,0.0,POLFED,0.798957173,0.0,343,1
14,0.777544182,0.615955933,PBC,0.0,POLFED,1.832895039,1.832895039,343,2
14,0.73714712,0.615955933,PBC,0.0,POLFED,3.969843036,0.064035605,343,2
14,0.777544182,0.050397062,PBC,0.0,POLFED,3.35499644,0.172997776,343,2
14,0.535161809,0.292779435,PBC,0.0,POLFED,4.258536962,0.0,343,1
14,0.292779435,0.050397062,PBC,0.0,POLFED,1.586898718,0.0,343,1
14,0.535161809,0.777544182,PBC,0.0,POLFED,4.264738712,0.0,343,1
14,0.01,0.535161809,PBC,0.0,POLFED,0.003578899,0.0,343,1
14,0.615955933,0.292779435,PBC,0.0,POLFED,4.257557068,0.0,343,1
14,0.292779435,0.333176498,PBC,0.0,POLFED,3.827135399,0.0,343,1
14,0.615955933,0.777544182,PBC,0.0,POLFED,4.247800709,0.0,343,1
14,0.73714712,0.333176498,PBC,0.0,POLFED,3.974213222,0.084661594,343,2
14,0.01,0.252382373,PBC,0.0,POLFED,0.021092119,0.0,343,1
14,0.777544182,0.333176498,PBC,0.0,POLFED,1.565541844,1.565541844,343,2
14,0.696750057,0.252382373,PBC,0.0,POLFED,4.181853079,0.0,343,1
14,0.413970622,0.211985311,PBC,0.0,POLFED,4.176928248,0.0,343,1
14,0.777544182,0.535161809,PBC,0.0,POLFED,1.608048207,1.608048207,343,2
14,0.333176498,0.535161809,PBC,0.0,POLFED,4.197873386,0.0,343,1
14,0.73714712,0.535161809,PBC,0.0,POLFED,3.905459683,0.14821692,343,2
14,0.777544182,0.252382373,PBC,0.0,POLFED,2.717904479,0.209786269,343,2
14,0.656352995,0.37357356,PBC,0.0,POLFED,4.204411796,0.0,343,1
14,0.696750057,0.535161809,PBC,0.0,POLFED,4.229529506,0.0,343,1
14,0.090794124,0.413970622,PBC,0.0,POLFED,0.547634569,0.0,343,1
14,0.211985311,0.696750057,PBC,0.0,POLFED,3.557589828,0.0,343,1
14,0.73714712,0.252382373,PBC,0.0,POLFED,3.912665653,0.123240632,343,2
14,0.615955933,0.454367684,PBC,0.0,POLFED,4.256973754,0.0,343,1
14,0.333176498,0.252382373,PBC,0.0,POLFED,3.978693543,0.0,343,1
14,0.535161809,0.090794124,PBC,0.0,POLFED,4.126194029,0.0,343,1
14,0.696750057,0.211985311,PBC,0.0,POLFED,4.101390973,0.0,343,1
14,0.413970622,0.252382373,PBC,0.0,POLFED,4.18382191,0.0,343,1
14,0.090794124,0.37357356,PBC,0.0,POLFED,0.267773467,0.0,343,1
14,0.73714712,0.211985311,PBC,0.0,POLFED,3.907430346,0.078490704,343,2
14,0.333176498,0.211985311,PBC,0.0,POLFED,3.940414863,0.0,343,1
14,0.656352995,0.413970622,PBC,0.0,POLFED,4.250699491,0.0,343,1
14,0.777544182,0.211985311,PBC,0.0,POLFED,1.5e-05,1.5e-05,343,2
14,0.413970622,0.535161809,PBC,0.0,POLFED,4.255136448,0.0,343,1
14,0.01,0.211985311,PBC,0.0,POLFED,0.003514548,0.0,343,1
14,0.171588249,0.050397062,PBC,0.0,POLFED,0.50351774,0.0,343,1
14,0.252382373,0.050397062,PBC,0.0,POLFED,1.097493243,0.0,343,1
14,0.090794124,0.131191187,PBC,0.0,POLFED,0.234231116,0.0,343,1
14,0.413970622,0.696750057,PBC,0.0,POLFED,4.252656196,0.0,343,1
14,0.454367684,0.050397062,PBC,0.0,POLFED,3.442559952,0.0,343,1
14,0.211985311,0.211985311,PBC,0.0,POLFED,2.451695334,0.0,343,1
14,0.494764746,0.171588249,PBC,0.0,POLFED,4.227768043,0.0,343,1
14,0.656352995,0.615955933,PBC,0.0,POLFED,4.213178966,0.0,343,1
14,0.656352995,0.131191187,PBC,0.0,POLFED,4.073929863,0.0,343,1
14,0.37357356,0.090794124,PBC,0.0,POLFED,3.692824109,0.0,343,1
14,0.696750057,0.696750057,PBC,0.0,POLFED,4.077070509,0.0,343,1
14,0.413970622,0.01,PBC,0.0,POLFED,1.95894293,0.0,343,1
14,0.535161809,0.050397062,PBC,0.0,POLFED,3.714916914,0.0,343,1
14,0.211985311,0.535161809,PBC,0.0,POLFED,3.417581255,0.0,343,1
14,0.171588249,0.090794124,PBC,0.0,POLFED,0.645286344,0.0,343,1
14,0.777544182,0.696750057,PBC,0.0,POLFED,1.73e-05,1.73e-05,343,2
14,0.73714712,0.696750057,PBC,0.0,POLFED,2.010635995,2.010635995,343,2
14,0.333176498,0.696750057,PBC,0.0,POLFED,4.204158569,0.0,343,1
14,0.615955933,0.575558871,PBC,0.0,POLFED,4.260833877,0.0,343,1
14,0.090794124,0.615955933,PBC,0.0,POLFED,0.385601824,0.0,343,1
14,0.211985311,0.252382373,PBC,0.0,POLFED,3.137731785,0.0,343,1
14,0.050397062,0.171588249,PBC,0.0,POLFED,0.140954225,0.0,343,1
14,0.454367684,0.333176498,PBC,0.0,POLFED,4.250384703,0.0,343,1
14,0.615955933,0.656352995,PBC,0.0,POLFED,4.253098624,0.0,343,1
14,0.01,0.696750057,PBC,0.0,POLFED,0.026160535,0.0,343,1
14,0.090794124,0.333176498,PBC,0.0,POLFED,0.228166905,0.0,343,1
14,0.535161809,0.656352995,PBC,0.0,POLFED,4.264342897,0.0,343,1
14,0.494764746,0.73714712,PBC,0.0,POLFED,4.262880444,0.0,343,1
14,0.131191187,0.252382373,PBC,0.0,POLFED,0.817354947,0.0,343,1
14,0.535161809,0.575558871,PBC,0.0,POLFED,4.264849337,0.0,343,1
14,0.454367684,0.615955933,PBC,0.0,POLFED,4.258203971,0.0,343,1
14,0.292779435,0.413970622,PBC,0.0,POLFED,4.04110649,0.0,343,1
14,0.73714712,0.413970622,PBC,0.0,POLFED,8.39e-27,3.67e-27,343,2
14,0.252382373,0.211985311,PBC,0.0,POLFED,3.285753557,0.0,343,1
14,0.131191187,0.535161809,PBC,0.0,POLFED,1.38687978,0.0,343,1
14,0.777544182,0.413970622,PBC,0.0,POLFED,4.71e-12,4.71e-12,343,2
14,0.37357356,0.454367684,PBC,0.0,POLFED,4.224109187,0.0,343,1
14,0.292779435,0.37357356,PBC,0.0,POLFED,4.021949294,0.0,343,1
14,0.171588249,0.454367684,PBC,0.0,POLFED,2.410286908,0.0,343,1
14,0.131191187,0.211985311,PBC,0.0,POLFED,0.906170323,0.0,343,1
14,0.252382373,0.535161809,PBC,0.0,POLFED,3.879835146,0.0,343,1
14,0.575558871,0.696750057,PBC,0.0,POLFED,4.263881098,0.0,343,1
14,0.73714712,0.37357356,PBC,0.0,POLFED,1.956791828,1.956791828,343,2
14,0.454367684,0.131191187,PBC,0.0,POLFED,4.133022285,0.0,343,1
14,0.252382373,0.252382373,PBC,0.0,POLFED,3.37773137,0.0,343,1
14,0.777544182,0.37357356,PBC,0.0,POLFED,2.73e-10,2.73e-10,343,2
14,0.37357356,0.292779435,PBC,0.0,POLFED,4.155730327,0.0,343,1
14,0.656352995,0.333176498,PBC,0.0,POLFED,4.215496249,0.0,343,1
14,0.37357356,0.777544182,PBC,0.0,POLFED,4.241237365,0.0,343,1
14,0.050397062,0.73714712,PBC,0.0,POLFED,0.262629835,0.0,343,1
14,0.171588249,0.777544182,PBC,0.0,POLFED,2.678955505,0.0,343,1
14,0.171588249,0.292779435,PBC,0.0,POLFED,1.407651813,0.0,343,1
14,0.575558871,0.413970622,PBC,0.0,POLFED,4.264263289,0.0,343,1
14,0.454367684,0.211985311,PBC,0.0,POLFED,4.223558987,0.0,343,1
14,0.535161809,0.171588249,PBC,0.0,POLFED,4.238751072,0.0,343,1
14,0.131191187,0.131191187,PBC,0.0,POLFED,0.87053348,0.0,343,1
14,0.252382373,0.615955933,PBC,0.0,POLFED,3.977071169,0.0,343,1
14,0.494764746,0.050397062,PBC,0.0,POLFED,3.741036026,0.0,343,1
14,0.211985311,0.333176498,PBC,0.0,POLFED,2.554709697,0.0,343,1
14,0.454367684,0.252382373,PBC,0.0,POLFED,4.232772608,0.0,343,1
14,0.575558871,0.37357356,PBC,0.0,POLFED,4.252403776,0.0,343,1
14,0.252382373,0.131191187,PBC,0.0,POLFED,2.538352646,0.0,343,1
14,0.131191187,0.615955933,PBC,0.0,POLFED,1.358343295,0.0,343,1
14,0.292779435,0.696750057,PBC,0.0,POLFED,4.126925404,0.0,343,1
14,0.615955933,0.73714712,PBC,0.0,POLFED,4.24588313,0.0,343,1
14,0.454367684,0.535161809,PBC,0.0,POLFED,4.253671942,0.0,343,1
14,0.292779435,0.01,PBC,0.0,POLFED,1.568761005,0.0,343,1
14,0.413970622,0.37357356,PBC,0.0,POLFED,4.237261413,0.0,343,1
14,0.696750057,0.413970622,PBC,0.0,POLFED,4.210224968,0.0,343,1
14,0.090794124,0.535161809,PBC,0.0,POLFED,0.587366148,0.0,343,1
14,0.333176498,0.413970622,PBC,0.0,POLFED,4.169688261,0.0,343,1
14,0.656352995,0.211985311,PBC,0.0,POLFED,4.225627899,0.0,343,1
14,0.090794124,0.252382373,PBC,0.0,POLFED,0.801230072,0.0,343,1
14,0.211985311,0.615955933,PBC,0.0,POLFED,3.559261587,0.0,343,1
14,0.494764746,0.575558871,PBC,0.0,POLFED,4.262188001,0.0,343,1
14,0.535161809,0.73714712,PBC,0.0,POLFED,4.264376302,0.0,343,1
14,0.494764746,0.656352995,PBC,0.0,POLFED,4.262121705,0.0,343,1
14,0.01,0.01,PBC,0.0,POLFED,0.001894758,0.000145389,343,2
14,0.131191187,0.333176498,PBC,0.0,POLFED,1.331294131,0.0,343,1
14,0.01,0.413970622,PBC,0.0,POLFED,0.032520378,0.0,343,1
14,0.211985311,0.01,PBC,0.0,POLFED,0.613001479,0.0,343,1
14,0.131191187,0.01,PBC,0.0,POLFED,0.646358513,0.0,343,1
14,0.050397062,0.575558871,PBC,0.0,POLFED,0.109338348,0.0,343,1
14,0.252382373,0.333176498,PBC,0.0,POLFED,3.646741566,0.0,343,1
14,0.01,0.37357356,PBC,0.0,POLFED,0.051552483,0.0,343,1
14,0.413970622,0.413970622,PBC,0.0,POLFED,4.240030612,0.0,343,1
14,0.171588249,0.494764746,PBC,0.0,POLFED,2.522163378,0.0,343,1
14,0.211985311,0.131191187,PBC,0.0,POLFED,1.652627631,0.0,343,1
14,0.696750057,0.37357356,PBC,0.0,POLFED,4.181398241,0.0,343,1
14,0.37357356,0.494764746,PBC,0.0,POLFED,4.228484567,0.0,343,1
14,0.656352995,0.535161809,PBC,0.0,POLFED,4.223343799,0.0,343,1
14,0.615955933,0.171588249,PBC,0.0,POLFED,4.235516897,0.0,343,1
14,0.090794124,0.211985311,PBC,0.0,POLFED,0.519159936,0.0,343,1
14,0.333176498,0.37357356,PBC,0.0,POLFED,4.176352773,0.0,343,1
14,0.656352995,0.252382373,PBC,0.0,POLFED,4.242676894,0.0,343,1
14,0.050397062,0.656352995,PBC,0.0,POLFED,0.122761667,0.0,343,1
14,0.333176498,0.131191187,PBC,0.0,POLFED,3.525136481,0.0,343,1
14,0.413970622,0.615955933,PBC,0.0,POLFED,4.250737423,0.0,343,1
14,0.171588249,0.01,PBC,0.0,POLFED,1.029043216,0.0,343,1
14,0.171588249,0.73714712,PBC,0.0,POLFED,2.70109807,0.0,343,1
14,0.211985311,0.37357356,PBC,0.0,POLFED,3.101885962,0.0,343,1
14,0.696750057,0.131191187,PBC,0.0,POLFED,3.874943818,0.0,343,1
14,0.050397062,0.292779435,PBC,0.0,POLFED,0.12729321,0.0,343,1
14,0.333176498,0.050397062,PBC,0.0,POLFED,2.028637389,0.0,343,1
14,0.050397062,0.777544182,PBC,0.0,POLFED,0.118213059,0.0,343,1
14,0.37357356,0.73714712,PBC,0.0,POLFED,4.234133388,0.0,343,1
14,0.656352995,0.696750057,PBC,0.0,POLFED,4.257945016,0.0,343,1
14,0.575558871,0.333176498,PBC,0.0,POLFED,4.261408743,0.0,343,1
14,0.050397062,0.454367684,PBC,0.0,POLFED,0.109041345,0.0,343,1
14,0.01,0.131191187,PBC,0.0,POLFED,0.007950472,0.0,343,1
14,0.090794124,0.01,PBC,0.0,POLFED,0.594658933,0.0,343,1
14,0.615955933,0.050397062,PBC,0.0,POLFED,3.5871378,0.0,343,1
14,0.494764746,0.777544182,PBC,0.0,POLFED,4.263963892,0.0,343,1
14,0.494764746,0.292779435,PBC,0.0,POLFED,4.253401414,0.0,343,1
14,0.01,0.615955933,PBC,0.0,POLFED,0.006539142,0.0,343,1
14,0.696750057,0.615955933,PBC,0.0,POLFED,4.233888285,0.0,343,1
14,0.535161809,0.494764746,PBC,0.0,POLFED,4.263745868,0.0,343,1
14,0.211985311,0.413970622,PBC,0.0,POLFED,3.173760564,0.0,343,1
14,0.413970622,0.131191187,PBC,0.0,POLFED,3.907438704,0.0,343,1
14,0.494764746,0.454367684,PBC,0.0,POLFED,4.260041012,0.0,343,1
14,0.333176498,0.615955933,PBC,0.0,POLFED,4.205042386,0.0,343,1
14,0.090794124,0.696750057,PBC,0.0,POLFED,0.684758872,0.0,343,1
14,0.292779435,0.252382373,PBC,0.0,POLFED,3.90166612,0.0,343,1
14,0.171588249,0.171588249,PBC,0.0,POLFED,1.468203434,0.0,343,1
14,0.454367684,0.696750057,PBC,0.0,POLFED,4.257886175,0.0,343,1
14,0.37357356,0.171588249,PBC,0.0,POLFED,3.987096278,0.0,343,1
14,0.131191187,0.413970622,PBC,0.0,POLFED,1.109393792,0.0,343,1
14,0.575558871,0.131191187,PBC,0.0,POLFED,4.199171666,0.0,343,1
14,0.252382373,0.37357356,PBC,0.0,POLFED,3.624573508,0.0,343,1
14,0.292779435,0.535161809,PBC,0.0,POLFED,4.079155449,0.0,343,1
14,0.615955933,0.494764746,PBC,0.0,POLFED,4.255142055,0.0,343,1
14,0.01,0.333176498,PBC,0.0,POLFED,0.006867637,0.0,343,1
14,0.37357356,0.01,PBC,0.0,POLFED,2.175240221,0.0,343,1
14,0.050397062,0.090794124,PBC,0.0,POLFED,0.054380847,0.0,343,1
14,0.696750057,0.333176498,PBC,0.0,POLFED,4.220680031,0.0,343,1
14,0.333176498,0.333176498,PBC,0.0,POLFED,4.106932425,0.0,343,1
14,0.413970622,0.333176498,PBC,0.0,POLFED,4.236641566,0.0,343,1
14,0.292779435,0.211985311,PBC,0.0,POLFED,3.592458962,0.0,343,1
14,0.575558871,0.615955933,PBC,0.0,POLFED,4.262777807,0.0,343,1
14,0.131191187,0.37357356,PBC,0.0,POLFED,1.124368,0.0,343,1
14,0.252382373,0.413970622,PBC,0.0,POLFED,3.687299462,0.0,343,1
14,0.333176498,0.01,PBC,0.0,POLFED,1.226525248,0.0,343,1
14,0.494764746,0.090794124,PBC,0.0,POLFED,4.032091755,0.0,343,1
14,0.050397062,0.211985311,PBC,0.0,POLFED,0.147334119,0.0,343,1
14,0.73714712,0.050397062,PBC,0.0,POLFED,3.049352803,0.020655423,343,2
14,0.535161809,0.333176498,PBC,0.0,POLFED,4.259761866,0.0,343,1
14,0.090794124,0.656352995,PBC,0.0,POLFED,0.621815357,0.0,343,1
14,0.131191187,0.050397062,PBC,0.0,POLFED,0.291910656,0.0,343,1
14,0.494764746,0.535161809,PBC,0.0,POLFED,4.266013863,0.0,343,1
14,0.131191187,0.73714712,PBC,0.0,POLFED,1.305585343,0.0,343,1
14,0.494764746,0.252382373,PBC,0.0,POLFED,4.248709902,0.0,343,1
14,0.615955933,0.615955933,PBC,0.0,POLFED,4.255289296,0.0,343,1
14,0.090794124,0.575558871,PBC,0.0,POLFED,0.731631602,0.0,343,1
14,0.615955933,0.131191187,PBC,0.0,POLFED,4.172714637,0.0,343,1
14,0.292779435,0.090794124,PBC,0.0,POLFED,2.137630682,0.0,343,1
14,0.575558871,0.494764746,PBC,0.0,POLFED,4.264106074,0.0,343,1
14,0.252382373,0.73714712,PBC,0.0,POLFED,3.988542147,0.0,343,1
14,0.696750057,0.050397062,PBC,0.0,POLFED,3.197924513,0.0,343,1
14,0.777544182,0.090794124,PBC,0.0,POLFED,3.271280038,0.13520233,343,2
14,0.211985311,0.171588249,PBC,0.0,POLFED,1.526655983,0.0,343,1
14,0.494764746,0.211985311,PBC,0.0,POLFED,4.236141281,0.0,343,1
14,0.656352995,0.575558871,PBC,0.0,POLFED,4.253763748,0.0,343,1
14,0.73714712,0.090794124,PBC,0.0,POLFED,1.96e-05,1.96e-05,343,2
14,0.050397062,0.252382373,PBC,0.0,POLFED,0.050139375,0.0,343,1
14,0.656352995,0.656352995,PBC,0.0,POLFED,4.207554508,0.0,343,1
14,0.575558871,0.050397062,PBC,0.0,POLFED,3.500297973,0.0,343,1
14,0.37357356,0.050397062,PBC,0.0,POLFED,2.284677703,0.0,343,1
14,0.050397062,0.535161809,PBC,0.0,POLFED,0.139378243,0.0,343,1
14,0.696750057,0.01,PBC,0.0,POLFED,2.896567655,0.0,343,1
14,0.171588249,0.413970622,PBC,0.0,POLFED,1.981066671,0.0,343,1
14,0.413970622,0.494764746,PBC,0.0,POLFED,4.249347204,0.0,343,1
14,0.37357356,0.413970622,PBC,0.0,POLFED,4.223733101,0.0,343,1
14,0.131191187,0.171588249,PBC,0.0,POLFED,0.796726771,0.0,343,1
14,0.535161809,0.131191187,PBC,0.0,POLFED,4.196167384,0.0,343,1
14,0.211985311,0.73714712,PBC,0.0,POLFED,3.574205469,0.0,343,1
14,0.454367684,0.575558871,PBC,0.0,POLFED,4.25950461,0.0,343,1
14,0.171588249,0.37357356,PBC,0.0,POLFED,1.944320127,0.0,343,1
14,0.535161809,0.615955933,PBC,0.0,POLFED,4.265319074,0.0,343,1
14,0.292779435,0.454367684,PBC,0.0,POLFED,4.099328741,0.0,343,1
14,0.37357356,0.37357356,PBC,0.0,POLFED,4.210241552,0.0,343,1
14,0.696750057,0.494764746,PBC,0.0,POLFED,4.209517072,0.0,343,1
14,0.252382373,0.171588249,PBC,0.0,POLFED,2.465382007,0.0,343,1
14,0.333176498,0.494764746,PBC,0.0,POLFED,4.165112558,0.0,343,1
14,0.73714712,0.494764746,PBC,0.0,POLFED,2.014424948,2.014424948,343,2
14,0.777544182,0.454367684,PBC,0.0,POLFED,1.977433817,1.709999119,343,2
14,0.73714712,0.454367684,PBC,0.0,POLFED,4.033754071,0.022990172,343,2
14,0.777544182,0.494764746,PBC,0.0,POLFED,1.796466434,1.796466434,343,2
14,0.777544182,0.292779435,PBC,0.0,POLFED,3.296035449,0.116911264,343,2
14,0.777544182,0.777544182,PBC,0.0,POLFED,3.705024468,0.106164435,343,2
14,0.73714712,0.777544182,PBC,0.0,POLFED,6.79e-15,6.79e-15,343,2
14,0.73714712,0.292779435,PBC,0.0,POLFED,3.819378696,0.06025256,343,2
14,0.292779435,0.292779435,PBC,0.0,POLFED,3.842759611,0.0,343,1
14,0.615955933,0.333176498,PBC,0.0,POLFED,4.245993085,0.0,343,1
14,0.292779435,0.777544182,PBC,0.0,POLFED,4.132000119,0.0,343,1
14,0.454367684,0.656352995,PBC,0.0,POLFED,4.262857888,0.0,343,1
14,0.01,0.494764746,PBC,0.0,POLFED,0.003896152,0.0,343,1
14,0.777544182,0.656352995,PBC,0.0,POLFED,1.894403286,1.894403286,343,2
14,0.73714712,0.656352995,PBC,0.0,POLFED,1.98655796,1.98655796,343,2
14,0.01,0.73714712,PBC,0.0,POLFED,0.007591767,0.0,343,1
14,0.454367684,0.292779435,PBC,0.0,POLFED,4.240954812,0.0,343,1
14,0.454367684,0.777544182,PBC,0.0,POLFED,4.26245238,0.0,343,1
14,0.777544182,0.01,PBC,0.0,POLFED,1.84e-08,1.84e-08,343,2
14,0.292779435,0.656352995,PBC,0.0,POLFED,4.134025523,0.0,343,1
14,0.73714712,0.01,PBC,0.0,POLFED,2.851981969,0.043000659,343,2
14,0.575558871,0.171588249,PBC,0.0,POLFED,4.230176508,0.0,343,1
14,0.73714712,0.73714712,PBC,0.0,POLFED,2.013940235,2.013940152,343,2
14,0.333176498,0.73714712,PBC,0.0,POLFED,4.218384903,0.0,343,1
14,0.292779435,0.575558871,PBC,0.0,POLFED,4.123076294,0.0,343,1
14,0.454367684,0.454367684,PBC,0.0,POLFED,4.251000147,0.0,343,1
14,0.777544182,0.73714712,PBC,0.0,POLFED,4.42e-28,3.28e-29,343,2
14,0.535161809,0.413970622,PBC,0.0,POLFED,4.261832997,0.0,343,1
14,0.656352995,0.050397062,PBC,0.0,POLFED,3.49841081,0.0,343,1
14,0.211985311,0.494764746,PBC,0.0,POLFED,3.346566173,0.0,343,1
14,0.171588249,0.131191187,PBC,0.0,POLFED,1.134136299,0.0,343,1
14,0.777544182,0.575558871,PBC,0.0,POLFED,1.1300000000000001e-26,8.200000000000001e-27,343,2
14,0.656352995,0.090794124,PBC,0.0,POLFED,3.844233413,0.0,343,1
14,0.73714712,0.575558871,PBC,0.0,POLFED,2.005598565,2.005598565,343,2
14,0.454367684,0.01,PBC,0.0,POLFED,2.383795183,0.0,343,1
14,0.37357356,0.131191187,PBC,0.0,POLFED,3.839600676,0.0,343,1
14,0.696750057,0.73714712,PBC,0.0,POLFED,4.027870689,0.0,343,1
14,0.37357356,0.615955933,PBC,0.0,POLFED,4.237959479,0.0,343,1
14,0.171588249,0.615955933,PBC,0.0,POLFED,2.644880079,0.0,343,1
14,0.535161809,0.37357356,PBC,0.0,POLFED,4.260973883,0.0,343,1
14,0.413970622,0.73714712,PBC,0.0,POLFED,4.255615142,0.0,343,1
14,0.090794124,0.090794124,PBC,0.0,POLFED,0.260537916,0.0,343,1
14,0.050397062,0.01,PBC,0.0,POLFED,0.039567684,0.0,343,1
14,0.171588249,0.333176498,PBC,0.0,POLFED,1.927798177,0.0,343,1
14,0.37357356,0.333176498,PBC,0.0,POLFED,4.18890021,0.0,343,1
14,0.656352995,0.292779435,PBC,0.0,POLFED,4.247019398,0.0,343,1
14,0.050397062,0.696750057,PBC,0.0,POLFED,0.126328579,0.0,343,1
14,0.656352995,0.777544182,PBC,0.0,POLFED,4.256185457,0.0,343,1
14,0.01,0.171588249,PBC,0.0,POLFED,0.02761607,0.0,343,1
14,0.454367684,0.090794124,PBC,0.0,POLFED,3.900850385,0.0,343,1
14,0.696750057,0.171588249,PBC,0.0,POLFED,3.875159333,0.0,343,1
14,0.615955933,0.37357356,PBC,0.0,POLFED,4.242380051,0.0,343,1
14,0.252382373,0.494764746,PBC,0.0,POLFED,3.891539256,0.0,343,1
14,0.333176498,0.171588249,PBC,0.0,POLFED,3.93838865,0.0,343,1
14,0.73714712,0.171588249,PBC,0.0,POLFED,1.919087321,1.919087321,343,2
14,0.575558871,0.73714712,PBC,0.0,POLFED,4.264785165,0.0,343,1
14,0.777544182,0.171588249,PBC,0.0,POLFED,0.100816877,0.100816877,343,2
14,0.656352995,0.454367684,PBC,0.0,POLFED,4.250340048,0.0,343,1
14,0.413970622,0.171588249,PBC,0.0,POLFED,4.131993422,0.0,343,1
14,0.131191187,0.494764746,PBC,0.0,POLFED,1.496283913,0.0,343,1
14,0.615955933,0.413970622,PBC,0.0,POLFED,4.261232696,0.0,343,1
14,0.494764746,0.696750057,PBC,0.0,POLFED,4.262764296,0.0,343,1
14,0.090794124,0.454367684,PBC,0.0,POLFED,0.537977711,0.0,343,1
14,0.090794124,0.292779435,PBC,0.0,POLFED,0.357854122,0.0,343,1
14,0.090794124,0.777544182,PBC,0.0,POLFED,0.512465043,0.0,343,1
14,0.01,0.656352995,PBC,0.0,POLFED,0.004306536,0.0,343,1
14,0.696750057,0.575558871,PBC,0.0,POLFED,4.123215301,0.0,343,1
14,0.454367684,0.494764746,PBC,0.0,POLFED,4.259653758,0.0,343,1
14,0.494764746,0.413970622,PBC,0.0,POLFED,4.260574387,0.0,343,1
14,0.252382373,0.090794124,PBC,0.0,POLFED,1.616279142,0.0,343,1
14,0.333176498,0.575558871,PBC,0.0,POLFED,4.204562655,0.0,343,1
14,0.211985311,0.454367684,PBC,0.0,POLFED,3.11729059,0.0,343,1
14,0.615955933,0.696750057,PBC,0.0,POLFED,4.263545103,0.0,343,1
14,0.292779435,0.73714712,PBC,0.0,POLFED,4.152965528,0.0,343,1
14,0.050397062,0.37357356,PBC,0.0,POLFED,0.249329037,0.0,343,1
14,0.211985311,0.777544182,PBC,0.0,POLFED,3.722340379,0.0,343,1
14,0.333176498,0.656352995,PBC,0.0,POLFED,4.211081357,0.0,343,1
14,0.211985311,0.050397062,PBC,0.0,POLFED,0.915703228,0.0,343,1
14,0.211985311,0.292779435,PBC,0.0,POLFED,3.219138605,0.0,343,1
14,0.01,0.575558871,PBC,0.0,POLFED,0.009043075,0.0,343,1
14,0.696750057,0.656352995,PBC,0.0,POLFED,4.225764024,0.0,343,1
14,0.01,0.050397062,PBC,0.0,POLFED,0.006679206,0.0,343,1
14,0.050397062,0.413970622,PBC,0.0,POLFED,0.246557374,0.0,343,1
14,0.413970622,0.656352995,PBC,0.0,POLFED,4.257257147,0.0,343,1
14,0.131191187,0.090794124,PBC,0.0,POLFED,0.577058285,0.0,343,1
14,0.413970622,0.575558871,PBC,0.0,POLFED,4.255442389,0.0,343,1
14,0.494764746,0.37357356,PBC,0.0,POLFED,4.259671496,0.0,343,1
14,0.37357356,0.252382373,PBC,0.0,POLFED,4.139432159,0.0,343,1
14,0.292779435,0.171588249,PBC,0.0,POLFED,3.496619349,0.0,343,1
14,0.575558871,0.575558871,PBC,0.0,POLFED,4.265016359,0.0,343,1
14,0.171588249,0.252382373,PBC,0.0,POLFED,2.289398181,0.0,343,1
14,0.37357356,0.535161809,PBC,0.0,POLFED,4.236882099,0.0,343,1
14,0.656352995,0.494764746,PBC,0.0,POLFED,4.241686722,0.0,343,1
14,0.171588249,0.535161809,PBC,0.0,POLFED,2.5896308,0.0,343,1
14,0.252382373,0.454367684,PBC,0.0,POLFED,3.678888757,0.0,343,1
14,0.211985311,0.090794124,PBC,0.0,POLFED,2.04089017,0.0,343,1
14,0.575558871,0.01,PBC,0.0,POLFED,2.828937194,0.0,343,1
14,0.252382373,0.292779435,PBC,0.0,POLFED,3.105006112,0.0,343,1
14,0.494764746,0.01,PBC,0.0,POLFED,2.3085747,0.0,343,1
14,0.252382373,0.777544182,PBC,0.0,POLFED,4.017254981,0.0,343,1
14,0.656352995,0.01,PBC,0.0,POLFED,2.964669339,0.0,343,1
14,0.575558871,0.656352995,PBC,0.0,POLFED,4.263041878,0.0,343,1
14,0.131191187,0.777544182,PBC,0.0,POLFED,1.608971918,0.0,343,1
14,0.131191187,0.292779435,PBC,0.0,POLFED,0.854623088,0.0,343,1
14,0.131191187,0.454367684,PBC,0.0,POLFED,1.140368376,0.0,343,1
14,0.535161809,0.696750057,PBC,0.0,POLFED,4.263940832,0.0,343,1
14,0.171588249,0.211985311,PBC,0.0,POLFED,1.043629329,0.0,343,1
14,0.37357356,0.211985311,PBC,0.0,POLFED,4.157909244,0.0,343,1
14,0.090794124,0.494764746,PBC,0.0,POLFED,0.351491161,0.0,343,1
14,0.535161809,0.252382373,PBC,0.0,POLFED,4.247901574,0.0,343,1
14,0.131191187,0.575558871,PBC,0.0,POLFED,1.415650866,0.0,343,1
14,0.090794124,0.73714712,PBC,0.0,POLFED,0.586087807,0.0,343,1
14,0.413970622,0.090794124,PBC,0.0,POLFED,3.821070833,0.0,343,1
14,0.535161809,0.535161809,PBC,0.0,POLFED,4.26543916,0.0,343,1
14,0.413970622,0.050397062,PBC,0.0,POLFED,3.151305225,0.0,343,1
14,0.615955933,0.01,PBC,0.0,POLFED,2.860041455,0.0,343,1
14,0.535161809,0.01,PBC,0.0,POLFED,2.643962258,0.0,343,1
14,0.131191187,0.656352995,PBC,0.0,POLFED,1.216183899,0.0,343,1
14,0.494764746,0.333176498,PBC,0.0,POLFED,4.254766802,0.0,343,1
14,0.090794124,0.050397062,PBC,0.0,POLFED,0.233987739,0.0,343,1
14,0.252382373,0.656352995,PBC,0.0,POLFED,3.958270595,0.0,343,1
14,0.01,0.090794124,PBC,0.0,POLFED,0.002751517,0.0,343,1
14,0.575558871,0.292779435,PBC,0.0,POLFED,4.257396068,0.0,343,1
14,0.575558871,0.777544182,PBC,0.0,POLFED,4.264860452,0.0,343,1
14,0.050397062,0.333176498,PBC,0.0,POLFED,0.159438377,0.0,343,1
14,0.696750057,0.090794124,PBC,0.0,POLFED,3.501434634,0.0,343,1
14,0.37357356,0.696750057,PBC,0.0,POLFED,4.240396366,0.0,343,1
14,0.656352995,0.73714712,PBC,0.0,POLFED,4.063773426,0.0,343,1
14,0.535161809,0.211985311,PBC,0.0,POLFED,4.242854977,0.0,343,1
14,0.171588249,0.696750057,PBC,0.0,POLFED,2.431977925,0.0,343,1
14,0.454367684,0.171588249,PBC,0.0,POLFED,4.188541776,0.0,343,1
14,0.575558871,0.454367684,PBC,0.0,POLFED,4.264140801,0.0,343,1
14,0.252382373,0.575558871,PBC,0.0,POLFED,3.927394779,0.0,343,1
14,0.333176498,0.090794124,PBC,0.0,POLFED,2.694194994,0.0,343,1
14,0.494764746,0.131191187,PBC,0.0,POLFED,4.173329485,0.0,343,1
14,0.413970622,0.454367684,PBC,0.0,POLFED,4.24549984,0.0,343,1
14,0.615955933,0.211985311,PBC,0.0,POLFED,4.246318053,0.0,343,1
14,0.090794124,0.171588249,PBC,0.0,POLFED,0.291876244,0.0,343,1
14,0.050397062,0.615955933,PBC,0.0,POLFED,0.233326936,0.0,343,1
14,0.413970622,0.777544182,PBC,0.0,POLFED,4.255908179,0.0,343,1
14,0.413970622,0.292779435,PBC,0.0,POLFED,4.219926625,0.0,343,1
14,0.333176498,0.777544182,PBC,0.0,POLFED,4.223554221,0.0,343,1
14,0.211985311,0.656352995,PBC,0.0,POLFED,3.625107652,0.0,343,1
14,0.333176498,0.292779435,PBC,0.0,POLFED,4.064560552,0.0,343,1
14,0.01,0.454367684,PBC,0.0,POLFED,0.007637223,0.0,343,1
14,0.696750057,0.292779435,PBC,0.0,POLFED,4.156641488,0.0,343,1
14,0.050397062,0.131191187,PBC,0.0,POLFED,0.171126347,0.0,343,1
14,0.696750057,0.777544182,PBC,0.0,POLFED,4.038983173,0.0,343,1
14,0.01,0.777544182,PBC,0.0,POLFED,0.00370899,0.0,343,1
14,0.01,0.292779435,PBC,0.0,POLFED,0.007505148,0.0,343,1
14,0.696750057,0.454367684,PBC,0.0,POLFED,4.034379863,0.0,343,1
14,0.575558871,0.090794124,PBC,0.0,POLFED,4.086725945,0.0,343,1
14,0.615955933,0.535161809,PBC,0.0,POLFED,4.25673226,0.0,343,1
14,0.292779435,0.494764746,PBC,0.0,POLFED,4.098191904,0.0,343,1
14,0.656352995,0.171588249,PBC,0.0,POLFED,4.208465648,0.0,343,1
14,0.211985311,0.575558871,PBC,0.0,POLFED,3.493013924,0.0,343,1
14,0.494764746,0.615955933,PBC,0.0,POLFED,4.261207989,0.0,343,1
14,0.615955933,0.252382373,PBC,0.0,POLFED,4.254181266,0.0,343,1
14,0.333176498,0.454367684,PBC,0.0,POLFED,4.180582153,0.0,343,1
14,0.454367684,0.73714712,PBC,0.0,POLFED,4.261135372,0.0,343,1
15,0.413970622,0.615955933,PBC,0.5,POLFED,4.488722577,0.000624195,643,2
15,0.777544182,0.131191187,PBC,0.5,POLFED,1.564451902,1.564451902,643,2
15,0.171588249,0.575558871,PBC,0.5,POLFED,2.973919155,0.041673548,643,3
15,0.333176498,0.131191187,PBC,0.5,POLFED,3.156767743,1.127796541,643,3
15,0.37357356,0.575558871,PBC,0.5,POLFED,2.060292809,1.712235689,643,3
15,0.37357356,0.01,PBC,0.5,POLFED,1.644776376,0.149392871,643,3
15,0.090794124,0.333176498,PBC,0.5,POLFED,0.603457792,0.056073594,643,3
15,0.37357356,0.73714712,PBC,0.5,POLFED,3.739077876,1.053090278,643,3
15,0.656352995,0.696750057,PBC,0.5,POLFED,4.485289144,0.005068135,643,2
15,0.252382373,0.696750057,PBC,0.5,POLFED,4.27439473,0.036467117,643,2
15,0.211985311,0.050397062,PBC,0.5,POLFED,1.141591464,0.09945224,643,3
15,0.777544182,0.333176498,PBC,0.5,POLFED,1.115993617,1.323070299,643,4
15,0.292779435,0.131191187,PBC,0.5,POLFED,3.366237534,0.30171156,643,3
15,0.535161809,0.656352995,PBC,0.5,POLFED,4.496109613,0.000352471,643,2
15,0.696750057,0.131191187,PBC,0.5,POLFED,4.347812296,0.039197635,643,2
15,0.01,0.252382373,PBC,0.5,POLFED,0.027233886,0.025990997,643,3
15,0.050397062,0.37357356,PBC,0.5,POLFED,0.109123374,0.016976176,643,3
15,0.211985311,0.37357356,PBC,0.5,POLFED,2.161895629,1.533341327,643,3
15,0.171588249,0.73714712,PBC,0.5,POLFED,3.182960085,0.299577437,643,3
15,0.131191187,0.494764746,PBC,0.5,POLFED,1.208115059,0.209249349,643,2
15,0.494764746,0.73714712,PBC,0.5,POLFED,4.496029156,3.14e-05,643,2
15,0.131191187,0.252382373,PBC,0.5,POLFED,0.822839804,0.101430392,643,3
15,0.454367684,0.615955933,PBC,0.5,POLFED,4.493470176,0.001120612,643,2
15,0.454367684,0.696750057,PBC,0.5,POLFED,4.495203017,0.000719277,643,4
15,0.535161809,0.696750057,PBC,0.5,POLFED,4.497078222,0.000227925,643,3
15,0.413970622,0.171588249,PBC,0.5,POLFED,4.421697008,0.002152884,643,2
15,0.575558871,0.333176498,PBC,0.5,POLFED,4.494386362,0.000270028,643,2
15,0.01,0.333176498,PBC,0.5,POLFED,0.007302374,0.002077609,643,3
15,0.73714712,0.413970622,PBC,0.5,POLFED,2.163654737,2.163654737,643,2
15,0.494764746,0.696750057,PBC,0.5,POLFED,4.494826874,5.3e-05,643,2
15,0.252382373,0.211985311,PBC,0.5,POLFED,3.443513329,0.068361151,643,3
15,0.131191187,0.535161809,PBC,0.5,POLFED,1.279455023,0.378174399,643,3
15,0.171588249,0.656352995,PBC,0.5,POLFED,2.768515538,0.193864234,643,3
15,0.37357356,0.656352995,PBC,0.5,POLFED,4.480025767,0.000284229,643,3
15,0.050397062,0.615955933,PBC,0.5,POLFED,0.155436305,0.05186255,643,3
15,0.050397062,0.01,PBC,0.5,POLFED,0.178487985,0.130313649,643,3
15,0.535161809,0.050397062,PBC,0.5,POLFED,4.005597977,0.111494913,643,2
15,0.615955933,0.413970622,PBC,0.5,POLFED,4.494960023,0.000301041,643,2
15,0.01,0.01,PBC,0.5,POLFED,0.006037821228682432,0.002173616046849392,643,6
15,0.050397062,0.050397062,PBC,0.5,POLFED,0.166819614,0.107814842,643,3
15,0.454367684,0.050397062,PBC,0.5,POLFED,1.848320326,1.848320326,643,2
15,0.696750057,0.171588249,PBC,0.5,POLFED,4.397884387,0.014899637,643,2
15,0.494764746,0.292779435,PBC,0.5,POLFED,4.490187723,0.000262602,643,2
15,0.494764746,0.777544182,PBC,0.5,POLFED,4.495753147,0.000580119,643,2
15,0.575558871,0.575558871,PBC,0.5,POLFED,4.496709738,3.95e-05,643,2
15,0.37357356,0.454367684,PBC,0.5,POLFED,4.469159465,0.001646217,643,2
15,0.050397062,0.131191187,PBC,0.5,POLFED,0.123702855,0.092080318,643,3
15,0.292779435,0.37357356,PBC,0.5,POLFED,4.308603263,0.040612285,643,3
15,0.454367684,0.090794124,PBC,0.5,POLFED,4.31606921,0.009735644,643,2
15,0.171588249,0.454367684,PBC,0.5,POLFED,2.511928488,0.065753577,643,3
15,0.131191187,0.211985311,PBC,0.5,POLFED,0.918767974,0.361541074,643,3
15,0.252382373,0.535161809,PBC,0.5,POLFED,4.238534922,0.009183076,643,3
15,0.575558871,0.696750057,PBC,0.5,POLFED,4.496129533,0.000763625,643,2
15,0.333176498,0.01,PBC,0.5,POLFED,1.406954545,0.149651248,643,3
15,0.777544182,0.171588249,PBC,0.5,POLFED,2.35e-27,1.4400000000000001e-27,643,2
15,0.73714712,0.01,PBC,0.5,POLFED,2.950237928,0.143541505,643,2
15,0.73714712,0.37357356,PBC,0.5,POLFED,4.270760542,0.06908806,643,2
15,0.211985311,0.090794124,PBC,0.5,POLFED,0.533890385,0.533890385,643,2
15,0.615955933,0.37357356,PBC,0.5,POLFED,4.493330008,0.000358251,643,2
15,0.454367684,0.131191187,PBC,0.5,POLFED,4.42728312,0.013740275,643,2
15,0.252382373,0.252382373,PBC,0.5,POLFED,3.367769995,0.149629665,643,3
15,0.252382373,0.494764746,PBC,0.5,POLFED,4.220923431,0.016565568,643,2
15,0.777544182,0.01,PBC,0.5,POLFED,1.316672171,1.301221887,643,2
15,0.01,0.050397062,PBC,0.5,POLFED,0.018293487,0.017905403,643,3
15,0.575558871,0.73714712,PBC,0.5,POLFED,4.496687402,0.000139003,643,2
15,0.656352995,0.494764746,PBC,0.5,POLFED,4.490815878,0.000119098,643,2
15,0.73714712,0.171588249,PBC,0.5,POLFED,3.990987732,0.025072808,643,2
15,0.535161809,0.494764746,PBC,0.5,POLFED,4.496096015,9.54e-05,643,2
15,0.656352995,0.292779435,PBC,0.5,POLFED,4.485120288,0.000161389,643,2
15,0.656352995,0.777544182,PBC,0.5,POLFED,4.489916414,0.005083881,643,2
15,0.696750057,0.615955933,PBC,0.5,POLFED,4.476431019,0.005221708,643,2
15,0.292779435,0.615955933,PBC,0.5,POLFED,4.406998785,0.005274447,643,3
15,0.131191187,0.696750057,PBC,0.5,POLFED,0.956571462,0.525640972,643,3
15,0.37357356,0.292779435,PBC,0.5,POLFED,3.714504073,1.018008936,643,3
15,0.656352995,0.333176498,PBC,0.5,POLFED,4.482736358,0.003845172,643,2
15,0.01,0.211985311,PBC,0.5,POLFED,0.008925376,0.00558416,643,3
15,0.454367684,0.01,PBC,0.5,POLFED,2.660249414,0.07434882,643,2
15,0.575558871,0.656352995,PBC,0.5,POLFED,4.497092537,0.00018276,643,2
15,0.37357356,0.777544182,PBC,0.5,POLFED,4.481507578,0.001096184,643,3
15,0.494764746,0.454367684,PBC,0.5,POLFED,2.663260415,1.831533103,643,2
15,0.333176498,0.615955933,PBC,0.5,POLFED,4.458356858,0.000846191,643,3
15,0.494764746,0.050397062,PBC,0.5,POLFED,3.994631038,0.03426239,643,2
15,0.777544182,0.615955933,PBC,0.5,POLFED,1.671005577,1.671005577,643,2
15,0.171588249,0.777544182,PBC,0.5,POLFED,3.041376657,0.133045763,643,3
15,0.413970622,0.131191187,PBC,0.5,POLFED,4.363326925,0.021305049,643,2
15,0.171588249,0.292779435,PBC,0.5,POLFED,2.00936636,0.217557767,643,2
15,0.292779435,0.01,PBC,0.5,POLFED,1.214390562,0.358571077,643,3
15,0.211985311,0.413970622,PBC,0.5,POLFED,2.393949927,1.690491473,643,3
15,0.050397062,0.413970622,PBC,0.5,POLFED,0.177272883,0.02713605,643,3
15,0.01,0.131191187,PBC,0.5,POLFED,0.028360188,0.0314018,643,3
15,0.333176498,0.535161809,PBC,0.5,POLFED,4.451542221,0.003257526,643,3
15,0.73714712,0.535161809,PBC,0.5,POLFED,2.129098224,2.129098224,643,2
15,0.37357356,0.171588249,PBC,0.5,POLFED,4.318676594,0.026268178,643,3
15,0.131191187,0.413970622,PBC,0.5,POLFED,1.329229344,0.111387667,643,3
15,0.171588249,0.171588249,PBC,0.5,POLFED,1.101241733,0.061019339,643,3
15,0.292779435,0.252382373,PBC,0.5,POLFED,4.201458027,0.099915816,643,3
15,0.131191187,0.050397062,PBC,0.5,POLFED,0.593780714,0.065740836,643,3
15,0.090794124,0.01,PBC,0.5,POLFED,0.264177697,0.16693943,643,3
15,0.413970622,0.656352995,PBC,0.5,POLFED,4.488839722,0.000296671,643,2
15,0.73714712,0.252382373,PBC,0.5,POLFED,4.067025748,0.024307428,643,2
15,0.333176498,0.252382373,PBC,0.5,POLFED,4.312048041,0.01528528,643,3
15,0.211985311,0.696750057,PBC,0.5,POLFED,1.98892054,1.925005219,643,2
15,0.292779435,0.535161809,PBC,0.5,POLFED,2.929246515,2.07130708,643,3
15,0.615955933,0.494764746,PBC,0.5,POLFED,4.495553312,0.000704157,643,2
15,0.090794124,0.413970622,PBC,0.5,POLFED,0.398889187,0.087533441,643,3
15,0.575558871,0.131191187,PBC,0.5,POLFED,4.464652053,0.001886458,643,2
15,0.252382373,0.37357356,PBC,0.5,POLFED,4.134909623,0.105607663,643,3
15,0.535161809,0.37357356,PBC,0.5,POLFED,4.494840617,0.000146877,643,2
15,0.413970622,0.575558871,PBC,0.5,POLFED,4.488765284,0.001733196,643,2
15,0.171588249,0.01,PBC,0.5,POLFED,0.507878507,0.269519356,643,3
15,0.090794124,0.131191187,PBC,0.5,POLFED,0.326872645,0.180909246,643,3
15,0.696750057,0.333176498,PBC,0.5,POLFED,4.455475196,0.000741399,643,2
15,0.292779435,0.333176498,PBC,0.5,POLFED,3.566308077,0.984301485,643,3
15,0.413970622,0.696750057,PBC,0.5,POLFED,4.492010883,0.001193655,643,2
15,0.090794124,0.090794124,PBC,0.5,POLFED,0.155087306,0.155087306,643,2
15,0.050397062,0.211985311,PBC,0.5,POLFED,0.132135555,0.06438567,643,3
15,0.211985311,0.211985311,PBC,0.5,POLFED,2.256304838,1.448834037,643,3
15,0.494764746,0.171588249,PBC,0.5,POLFED,4.469023942,0.002767543,643,2
15,0.413970622,0.73714712,PBC,0.5,POLFED,4.489480401,0.000879979,643,2
15,0.01,0.413970622,PBC,0.5,POLFED,0.009200666,0.010153126,643,3
15,0.333176498,0.333176498,PBC,0.5,POLFED,4.411801886,0.005698094,643,3
15,0.494764746,0.37357356,PBC,0.5,POLFED,4.49330013,0.000135278,643,2
15,0.211985311,0.01,PBC,0.5,POLFED,0.553847356,0.063179185,643,3
15,0.131191187,0.01,PBC,0.5,POLFED,0.460944144,0.107202127,643,3
15,0.656352995,0.615955933,PBC,0.5,POLFED,4.489321323,0.003635109,643,2
15,0.656352995,0.131191187,PBC,0.5,POLFED,4.422169372,0.01804194,643,2
15,0.37357356,0.090794124,PBC,0.5,POLFED,3.973156928,0.042156978,643,3
15,0.696750057,0.696750057,PBC,0.5,POLFED,4.458631541,0.027904313,643,2
15,0.454367684,0.494764746,PBC,0.5,POLFED,4.492145016,0.000220803,643,2
15,0.777544182,0.73714712,PBC,0.5,POLFED,1.674764829,1.674764829,643,2
15,0.535161809,0.413970622,PBC,0.5,POLFED,4.49547942,0.000616777,643,4
15,0.494764746,0.01,PBC,0.5,POLFED,2.565626731,0.01347458,643,2
15,0.73714712,0.73714712,PBC,0.5,POLFED,2.23828491,1.799251819,643,2
15,0.413970622,0.333176498,PBC,0.5,POLFED,4.477678719,0.00031202,643,2
15,0.575558871,0.171588249,PBC,0.5,POLFED,4.479796605,0.001183716,643,2
15,0.050397062,0.535161809,PBC,0.5,POLFED,0.157700084,0.045280492,643,3
15,0.211985311,0.535161809,PBC,0.5,POLFED,3.833032682,0.044214233,643,3
15,0.37357356,0.050397062,PBC,0.5,POLFED,3.037623393,0.086008932,643,3
15,0.454367684,0.454367684,PBC,0.5,POLFED,4.48537151,0.007143225,643,2
15,0.696750057,0.575558871,PBC,0.5,POLFED,4.482805308,0.000390265,643,2
15,0.171588249,0.090794124,PBC,0.5,POLFED,0.746633028,0.333657572,643,3
15,0.656352995,0.090794124,PBC,0.5,POLFED,4.324091124,0.001654433,643,2
15,0.73714712,0.575558871,PBC,0.5,POLFED,4.182011356,0.02535842,643,2
15,0.777544182,0.696750057,PBC,0.5,POLFED,1.831412608,1.764929373,643,2
15,0.696750057,0.73714712,PBC,0.5,POLFED,2.220473168,2.220473168,643,2
15,0.615955933,0.696750057,PBC,0.5,POLFED,2.730360159,1.766033579,643,2
15,0.494764746,0.413970622,PBC,0.5,POLFED,4.494706324,0.001120579,643,4
15,0.575558871,0.050397062,PBC,0.5,POLFED,3.976790503,0.023863344,643,2
15,0.333176498,0.696750057,PBC,0.5,POLFED,4.462896252,0.000314743,643,2
15,0.656352995,0.01,PBC,0.5,POLFED,2.99530248,0.005515201,643,2
15,0.090794124,0.050397062,PBC,0.5,POLFED,0.226310427,0.053229536,643,3
15,0.615955933,0.575558871,PBC,0.5,POLFED,4.495761127,0.000175061,643,2
15,0.090794124,0.615955933,PBC,0.5,POLFED,0.525585646,0.082650093,643,3
15,0.211985311,0.252382373,PBC,0.5,POLFED,2.350228446,0.129675138,643,3
15,0.050397062,0.252382373,PBC,0.5,POLFED,0.122293258,0.088493059,643,3
15,0.777544182,0.575558871,PBC,0.5,POLFED,2.1900000000000003e-27,3.28e-28,643,2
15,0.252382373,0.01,PBC,0.5,POLFED,0.684395762,0.401850005,643,3
15,0.01,0.37357356,PBC,0.5,POLFED,0.014977032,0.007052375,643,3
15,0.73714712,0.656352995,PBC,0.5,POLFED,4.307925085,0.090494437,643,2
15,0.575558871,0.615955933,PBC,0.5,POLFED,4.496053432,0.000467257,643,2
15,0.131191187,0.37357356,PBC,0.5,POLFED,1.099195115,0.107936804,643,3
15,0.292779435,0.211985311,PBC,0.5,POLFED,2.619983891,1.851145388,643,3
15,0.454367684,0.333176498,PBC,0.5,POLFED,4.4865356,0.000220186,643,2
15,0.777544182,0.656352995,PBC,0.5,POLFED,1.780801904,1.780801904,643,2
15,0.615955933,0.656352995,PBC,0.5,POLFED,4.495878779,0.000284211,643,2
15,0.494764746,0.090794124,PBC,0.5,POLFED,4.33230339,0.011179578,643,2
15,0.050397062,0.333176498,PBC,0.5,POLFED,0.1223624,0.025631448,643,3
15,0.575558871,0.01,PBC,0.5,POLFED,2.911180291,0.065748281,643,2
15,0.73714712,0.211985311,PBC,0.5,POLFED,4.229692927,0.017205961,643,2
15,0.252382373,0.413970622,PBC,0.5,POLFED,4.200473466,0.054909196,643,2
15,0.535161809,0.777544182,PBC,0.5,POLFED,4.496427468,0.000810246,643,4
15,0.333176498,0.211985311,PBC,0.5,POLFED,4.284515352,0.01368201,643,3
15,0.454367684,0.292779435,PBC,0.5,POLFED,2.360521319,2.123278022,643,2
15,0.01,0.615955933,PBC,0.5,POLFED,0.02360917,0.011723126,643,3
15,0.696750057,0.656352995,PBC,0.5,POLFED,4.439119202,0.002825508,643,2
15,0.454367684,0.777544182,PBC,0.5,POLFED,4.493973976,7.01e-05,643,2
15,0.696750057,0.050397062,PBC,0.5,POLFED,3.678591,0.053981114,643,2
15,0.090794124,0.37357356,PBC,0.5,POLFED,0.534141163,0.377696905,643,3
15,0.211985311,0.656352995,PBC,0.5,POLFED,3.972548945,0.034770093,643,2
15,0.73714712,0.777544182,PBC,0.5,POLFED,4.091431561,0.069285207,643,2
15,0.73714712,0.292779435,PBC,0.5,POLFED,4.294115426,0.004230862,643,2
15,0.535161809,0.171588249,PBC,0.5,POLFED,4.476507879,0.002067228,643,2
15,0.454367684,0.211985311,PBC,0.5,POLFED,4.465221706,0.000377458,643,2
15,0.575558871,0.413970622,PBC,0.5,POLFED,4.495910041,0.000187529,643,2
15,0.615955933,0.292779435,PBC,0.5,POLFED,4.490595417,0.000950916,643,2
15,0.615955933,0.777544182,PBC,0.5,POLFED,4.494733385,0.000981487,643,2
15,0.777544182,0.777544182,PBC,0.5,POLFED,4.57e-13,0.0,643,1
15,0.131191187,0.131191187,PBC,0.5,POLFED,0.688667125,0.165126542,643,3
15,0.252382373,0.615955933,PBC,0.5,POLFED,4.256912349,0.020952158,643,3
15,0.615955933,0.050397062,PBC,0.5,POLFED,3.875065925,0.06050888,643,2
15,0.413970622,0.050397062,PBC,0.5,POLFED,3.640130425,0.043600612,643,2
15,0.73714712,0.333176498,PBC,0.5,POLFED,2.160713814,2.160713814,643,2
15,0.696750057,0.292779435,PBC,0.5,POLFED,4.458865592,0.006021973,643,3
15,0.292779435,0.292779435,PBC,0.5,POLFED,4.253039574,0.075360795,643,2
15,0.615955933,0.333176498,PBC,0.5,POLFED,4.492950518,0.000775713,643,2
15,0.292779435,0.777544182,PBC,0.5,POLFED,4.415721174,0.015609098,643,2
15,0.777544182,0.050397062,PBC,0.5,POLFED,6.690000000000001e-27,3.4900000000000006e-27,643,2
15,0.454367684,0.656352995,PBC,0.5,POLFED,4.493644873,0.000807401,643,2
15,0.73714712,0.050397062,PBC,0.5,POLFED,3.251101727,0.047249527,643,2
15,0.696750057,0.777544182,PBC,0.5,POLFED,4.429831796,0.015805381,643,2
15,0.575558871,0.090794124,PBC,0.5,POLFED,4.391209375,0.008954432,643,2
15,0.696750057,0.252382373,PBC,0.5,POLFED,4.403717134,0.019947971,643,2
15,0.413970622,0.211985311,PBC,0.5,POLFED,3.910229012,0.54965005,643,2
15,0.615955933,0.535161809,PBC,0.5,POLFED,4.49563455,0.000355819,643,2
15,0.777544182,0.535161809,PBC,0.5,POLFED,5.25e-07,5.25e-07,643,2
15,0.696750057,0.494764746,PBC,0.5,POLFED,4.47377685,0.009838459,643,3
15,0.535161809,0.575558871,PBC,0.5,POLFED,3.277259042,1.723689241,643,3
15,0.696750057,0.454367684,PBC,0.5,POLFED,2.290547327,2.179264455,643,2
15,0.454367684,0.575558871,PBC,0.5,POLFED,4.491971783,0.001804001,643,2
15,0.535161809,0.615955933,PBC,0.5,POLFED,4.497384363,0.000302731,643,2
15,0.73714712,0.454367684,PBC,0.5,POLFED,4.353360444,0.009786153,643,2
15,0.777544182,0.252382373,PBC,0.5,POLFED,0.41636237,0.41636237,643,2
15,0.494764746,0.615955933,PBC,0.5,POLFED,4.495471049,0.000321588,643,2
15,0.615955933,0.252382373,PBC,0.5,POLFED,4.487694383,0.001506514,643,2
15,0.656352995,0.37357356,PBC,0.5,POLFED,2.332527564,2.144146155,643,2
15,0.211985311,0.575558871,PBC,0.5,POLFED,3.901895993,0.012118145,643,2
15,0.696750057,0.535161809,PBC,0.5,POLFED,4.456488901,0.00514055,643,2
15,0.454367684,0.73714712,PBC,0.5,POLFED,4.494994046,0.000801378,643,3
15,0.777544182,0.494764746,PBC,0.5,POLFED,0.001110522,0.001110522,643,2
15,0.050397062,0.696750057,PBC,0.5,POLFED,0.195554823,0.078271569,643,3
15,0.656352995,0.171588249,PBC,0.5,POLFED,4.453838224,0.004361973,643,2
15,0.73714712,0.494764746,PBC,0.5,POLFED,4.344370233,0.036211406,643,2
15,0.777544182,0.454367684,PBC,0.5,POLFED,3.456613407,0.053019421,643,2
15,0.615955933,0.454367684,PBC,0.5,POLFED,4.495315192,0.000348953,643,2
15,0.535161809,0.090794124,PBC,0.5,POLFED,4.383134218,0.014641771,643,2
15,0.413970622,0.454367684,PBC,0.5,POLFED,4.486299788,0.000153798,643,2
15,0.615955933,0.01,PBC,0.5,POLFED,3.012912274,0.039483889,643,4
15,0.535161809,0.01,PBC,0.5,POLFED,2.86501804,0.152313555,643,2
15,0.696750057,0.211985311,PBC,0.5,POLFED,4.408042867,0.028641486,643,2
15,0.050397062,0.292779435,PBC,0.5,POLFED,0.182668368,0.027704385,643,2
15,0.413970622,0.494764746,PBC,0.5,POLFED,4.488050929,0.000831039,643,2
15,0.494764746,0.131191187,PBC,0.5,POLFED,4.442194577,0.007144819,643,2
15,0.413970622,0.252382373,PBC,0.5,POLFED,4.457718968,0.003496574,643,2
15,0.535161809,0.131191187,PBC,0.5,POLFED,4.449769313,0.001285319,643,2
15,0.656352995,0.413970622,PBC,0.5,POLFED,4.48486463,0.006816387,643,2
15,0.777544182,0.211985311,PBC,0.5,POLFED,4.25e-27,2.7200000000000004e-27,643,2
15,0.211985311,0.333176498,PBC,0.5,POLFED,2.271936326,1.115719517,643,3
15,0.413970622,0.535161809,PBC,0.5,POLFED,4.48724223,0.000144348,643,2
15,0.615955933,0.211985311,PBC,0.5,POLFED,4.484545693,0.000613104,643,2
15,0.292779435,0.696750057,PBC,0.5,POLFED,4.41803983,0.004310664,643,3
15,0.615955933,0.73714712,PBC,0.5,POLFED,4.496308834,0.000618719,643,2
15,0.575558871,0.37357356,PBC,0.5,POLFED,4.495470959,0.000480466,643,2
15,0.252382373,0.131191187,PBC,0.5,POLFED,1.736423664,0.376973525,643,3
15,0.131191187,0.615955933,PBC,0.5,POLFED,1.510827132,0.040255855,643,2
15,0.413970622,0.777544182,PBC,0.5,POLFED,4.491408467,0.001878233,643,2
15,0.413970622,0.292779435,PBC,0.5,POLFED,4.470142265,0.00681721,643,4
15,0.73714712,0.696750057,PBC,0.5,POLFED,2.190478701,2.190478701,643,2
15,0.454367684,0.535161809,PBC,0.5,POLFED,4.494466142,0.0,643,1
15,0.292779435,0.413970622,PBC,0.5,POLFED,4.313412885,0.016205307,643,2
15,0.696750057,0.413970622,PBC,0.5,POLFED,4.461450927,0.007081832,643,2
15,0.090794124,0.535161809,PBC,0.5,POLFED,0.504090937,0.065367078,643,3
15,0.656352995,0.050397062,PBC,0.5,POLFED,3.863592561,0.092047874,643,2
15,0.656352995,0.656352995,PBC,0.5,POLFED,2.823256055,1.670542449,643,2
15,0.413970622,0.37357356,PBC,0.5,POLFED,4.478503598,0.000532664,643,2
15,0.535161809,0.73714712,PBC,0.5,POLFED,3.40507551,1.091012397,643,2
15,0.777544182,0.413970622,PBC,0.5,POLFED,7.82e-27,6.2000000000000004e-27,643,2
15,0.211985311,0.615955933,PBC,0.5,POLFED,3.947726946,0.029651703,643,3
15,0.090794124,0.252382373,PBC,0.5,POLFED,0.507525451,0.009240926,643,3
15,0.575558871,0.777544182,PBC,0.5,POLFED,4.497630509,0.000165764,643,2
15,0.494764746,0.575558871,PBC,0.5,POLFED,4.495076361,0.000561752,643,2
15,0.333176498,0.413970622,PBC,0.5,POLFED,4.42926054,0.007476338,643,3
15,0.656352995,0.211985311,PBC,0.5,POLFED,2.997061871,1.47764864,643,2
15,0.131191187,0.333176498,PBC,0.5,POLFED,1.112045526,0.283003296,643,3
15,0.454367684,0.171588249,PBC,0.5,POLFED,4.4493966,0.013604738,643,2
15,0.535161809,0.211985311,PBC,0.5,POLFED,4.482876146,0.000475487,643,2
15,0.494764746,0.656352995,PBC,0.5,POLFED,4.496382357,0.00014563,643,2
15,0.575558871,0.454367684,PBC,0.5,POLFED,4.495550458,3.75e-05,643,2
15,0.73714712,0.131191187,PBC,0.5,POLFED,4.004494779,0.014169365,643,2
15,0.615955933,0.131191187,PBC,0.5,POLFED,2.589012515,1.869593769,643,2
15,0.454367684,0.37357356,PBC,0.5,POLFED,4.488144612,0.001703413,643,2
15,0.696750057,0.090794124,PBC,0.5,POLFED,4.023320034,0.003620101,643,2
15,0.575558871,0.252382373,PBC,0.5,POLFED,4.492215399,6.64e-05,643,2
15,0.575558871,0.494764746,PBC,0.5,POLFED,4.496041334,0.000182503,643,2
15,0.656352995,0.73714712,PBC,0.5,POLFED,4.487892304,0.000775716,643,2
15,0.333176498,0.090794124,PBC,0.5,POLFED,1.965569756,1.965569756,643,2
15,0.656352995,0.575558871,PBC,0.5,POLFED,4.493305706,0.000833848,643,2
15,0.73714712,0.090794124,PBC,0.5,POLFED,3.618222259,0.050903604,643,2
15,0.615955933,0.090794124,PBC,0.5,POLFED,4.349622131,0.028674499,643,2
15,0.777544182,0.090794124,PBC,0.5,POLFED,1.702406918,1.356494162,643,2
15,0.575558871,0.535161809,PBC,0.5,POLFED,3.674750174,0.82188958,643,2
15,0.494764746,0.211985311,PBC,0.5,POLFED,2.460479277,2.021120976,643,2
15,0.494764746,0.535161809,PBC,0.5,POLFED,4.495645432,0.000101452,643,2
15,0.575558871,0.211985311,PBC,0.5,POLFED,4.488090244,0.000157839,643,2
15,0.535161809,0.454367684,PBC,0.5,POLFED,4.494974047,0.000231982,643,2
15,0.413970622,0.090794124,PBC,0.5,POLFED,4.231226583,0.005368976,643,2
15,0.413970622,0.01,PBC,0.5,POLFED,2.219333739,0.308399838,643,2
15,0.535161809,0.252382373,PBC,0.5,POLFED,4.491625412,0.000783494,643,2
15,0.454367684,0.413970622,PBC,0.5,POLFED,4.491575988,0.00067725,643,2
15,0.454367684,0.252382373,PBC,0.5,POLFED,4.481202294,0.002670087,643,4
15,0.494764746,0.494764746,PBC,0.5,POLFED,2.285793546,2.20891708,643,2
15,0.696750057,0.01,PBC,0.5,POLFED,3.078394301,0.020485399,643,2
15,0.494764746,0.252382373,PBC,0.5,POLFED,4.485970929,0.000859872,643,2
15,0.090794124,0.575558871,PBC,0.5,POLFED,0.233782981,0.233782947,643,2
15,0.73714712,0.615955933,PBC,0.5,POLFED,4.255452552,0.037787713,643,2
15,0.535161809,0.535161809,PBC,0.5,POLFED,4.496709152,0.000482099,643,2
15,0.252382373,0.333176498,PBC,0.5,POLFED,3.892344,0.153342249,643,3
15,0.535161809,0.333176498,PBC,0.5,POLFED,4.493878343,0.000455005,643,2
15,0.656352995,0.535161809,PBC,0.5,POLFED,4.486398442,0.006643146,643,2
15,0.696750057,0.37357356,PBC,0.5,POLFED,4.462114077,0.012711033,643,2
15,0.211985311,0.131191187,PBC,0.5,POLFED,0.452004938,0.608275741,643,3
15,0.171588249,0.494764746,PBC,0.5,POLFED,2.609618005,0.167526481,643,3
15,0.413970622,0.413970622,PBC,0.5,POLFED,4.482885825,0.000908879,643,2
15,0.535161809,0.292779435,PBC,0.5,POLFED,4.493487167,0.000875866,643,2
15,0.656352995,0.252382373,PBC,0.5,POLFED,4.478964592,0.003643716,643,2
15,0.535161809,0.777544182,PBC,0.5,POLFED,4.495828282,0.0,643,1
15,0.777544182,0.37357356,PBC,0.5,POLFED,1.802240309,1.306264219,643,2
15,0.333176498,0.37357356,PBC,0.5,POLFED,4.418215243,0.008615419,643,3
15,0.615955933,0.171588249,PBC,0.5,POLFED,4.477559771,0.000492996,643,2
15,0.01,0.696750057,PBC,0.5,POLFED,0.048329829,0.043623458,643,3
15,0.090794124,0.211985311,PBC,0.5,POLFED,0.407525412,0.190855148,643,3
15,0.494764746,0.333176498,PBC,0.5,POLFED,4.491687381,0.000738224,643,2
15,0.454367684,0.696750057,PBC,0.5,POLFED,4.493482595,0.0,643,1
15,0.333176498,0.494764746,PBC,0.5,POLFED,4.439672872,0.0,643,1
15,0.777544182,0.292779435,PBC,0.5,POLFED,7.67e-10,0.0,643,1
15,0.777544182,0.333176498,PBC,0.5,POLFED,3.16e-24,0.0,643,1
15,0.01,0.535161809,PBC,0.5,POLFED,0.087964457,0.010554793,643,2
15,0.535161809,0.575558871,PBC,0.5,POLFED,4.495895787,0.0,643,1
15,0.575558871,0.292779435,PBC,0.5,POLFED,4.493425068,0.0,643,1
15,0.37357356,0.494764746,PBC,0.5,POLFED,4.474267058,5.91e-05,643,2
15,0.615955933,0.615955933,PBC,0.5,POLFED,4.409320949,0.121682806,643,3
15,0.454367684,0.535161809,PBC,0.5,POLFED,4.493562748,0.001574417,643,3
15,0.090794124,0.696750057,PBC,0.5,POLFED,0.510935661,0.130853693,643,2
15,0.656352995,0.454367684,PBC,0.5,POLFED,4.491056778,0.0,643,1
15,0.454367684,0.252382373,PBC,0.5,POLFED,0.801466086,0.0,643,1
15,0.01,0.656352995,PBC,0.5,POLFED,0.038956745,0.044572475,643,3
15,0.413970622,0.090794124,PBC,0.5,POLFED,4.051985333,0.013640112,643,2
15,0.171588249,0.333176498,PBC,0.5,POLFED,1.564476521,1.142341985,643,3
15,0.090794124,0.73714712,PBC,0.5,POLFED,0.390157634,0.282078138,643,3
15,0.37357356,0.333176498,PBC,0.5,POLFED,3.289449708,1.663995787,643,3
15,0.656352995,0.292779435,PBC,0.5,POLFED,4.486476056,0.000260112,643,2
15,0.413970622,0.01,PBC,0.5,POLFED,2.14805181,0.16120062,643,2
15,0.535161809,0.252382373,PBC,0.5,POLFED,4.49133527,0.000937062,643,2
15,0.131191187,0.575558871,PBC,0.5,POLFED,1.607283536,0.154939025,643,3
15,0.656352995,0.777544182,PBC,0.5,POLFED,4.459627148,0.034659824,643,2
15,0.696750057,0.01,PBC,0.5,POLFED,3.109830895,0.02360058,643,2
15,0.171588249,0.292779435,PBC,0.5,POLFED,1.782523439,0.274216217,643,2
15,0.131191187,0.73714712,PBC,0.5,POLFED,1.575117663,0.078312224,643,3
15,0.656352995,0.333176498,PBC,0.5,POLFED,4.486326051,0.000754985,643,2
15,0.535161809,0.535161809,PBC,0.5,POLFED,4.496351012,0.000274749,643,2
15,0.494764746,0.050397062,PBC,0.5,POLFED,4.037600133,0.007781074,643,2
15,0.454367684,0.090794124,PBC,0.5,POLFED,4.229283911,0.031034727,643,2
15,0.090794124,0.656352995,PBC,0.5,POLFED,0.476536995,0.069232505,643,3
15,0.696750057,0.37357356,PBC,0.5,POLFED,4.472736758,0.0,643,1
15,0.575558871,0.696750057,PBC,0.5,POLFED,4.496700663,0.000285394,643,2
15,0.37357356,0.494764746,PBC,0.5,POLFED,4.47226781,0.000375175,643,2
15,0.656352995,0.535161809,PBC,0.5,POLFED,4.492918859,0.000757083,643,2
15,0.696750057,0.171588249,PBC,0.5,POLFED,4.424581477,0.008204284,643,2
15,0.413970622,0.413970622,PBC,0.5,POLFED,4.486991935,0.0,643,1
15,0.37357356,0.454367684,PBC,0.5,POLFED,4.470969406,0.002061506,643,2
15,0.615955933,0.37357356,PBC,0.5,POLFED,4.494029643,0.001219673,643,2
15,0.454367684,0.131191187,PBC,0.5,POLFED,4.41037777,0.016779246,643,2
15,0.777544182,0.37357356,PBC,0.5,POLFED,1.698701767,1.698701767,643,2
15,0.01,0.575558871,PBC,0.5,POLFED,0.040144095,0.039423065,643,3
15,0.252382373,0.494764746,PBC,0.5,POLFED,4.229038777,0.029828754,643,2
15,0.333176498,0.171588249,PBC,0.5,POLFED,2.866637298,1.668563477,643,3
15,0.575558871,0.73714712,PBC,0.5,POLFED,4.496882208,0.000226655,643,2
15,0.615955933,0.171588249,PBC,0.5,POLFED,4.460900816,0.017888082,643,2
15,0.494764746,0.333176498,PBC,0.5,POLFED,4.4923888,0.001242703,643,2
15,0.777544182,0.171588249,PBC,0.5,POLFED,1.607345389,1.607345389,643,2
15,0.656352995,0.454367684,PBC,0.5,POLFED,4.491474863,0.000475973,643,2
15,0.131191187,0.656352995,PBC,0.5,POLFED,1.504715337,0.082419667,643,3
15,0.050397062,0.090794124,PBC,0.5,POLFED,0.052383444,0.023571791,643,3
15,0.73714712,0.37357356,PBC,0.5,POLFED,2.299006215,1.945888366,643,2
15,0.656352995,0.050397062,PBC,0.5,POLFED,2.083300248,1.985349853,643,2
15,0.252382373,0.656352995,PBC,0.5,POLFED,2.998194269,1.836973311,643,3
15,0.696750057,0.413970622,PBC,0.5,POLFED,4.46832029,0.009636547,643,2
15,0.413970622,0.171588249,PBC,0.5,POLFED,4.411625206,0.005403916,643,2
15,0.01,0.292779435,PBC,0.5,POLFED,0.026843622,0.016560975,643,3
15,0.494764746,0.73714712,PBC,0.5,POLFED,4.495522087,9.89e-05,643,2
15,0.131191187,0.494764746,PBC,0.5,POLFED,0.933169816,0.19324287,643,2
15,0.01,0.777544182,PBC,0.5,POLFED,0.00676227,0.006723577,643,3
15,0.413970622,0.37357356,PBC,0.5,POLFED,3.306069856,1.173458206,643,2
15,0.454367684,0.615955933,PBC,0.5,POLFED,4.493154278,8.48e-05,643,2
15,0.494764746,0.575558871,PBC,0.5,POLFED,4.495941336,0.0,643,1
15,0.575558871,0.777544182,PBC,0.5,POLFED,4.496130033,0.000439472,643,2
15,0.615955933,0.413970622,PBC,0.5,POLFED,4.494578489,0.000152969,643,2
15,0.575558871,0.292779435,PBC,0.5,POLFED,4.492917701,0.0,643,1
15,0.777544182,0.413970622,PBC,0.5,POLFED,1.72380524,1.723805233,643,2
15,0.535161809,0.73714712,PBC,0.5,POLFED,4.496829318,0.000491703,643,2
15,0.656352995,0.211985311,PBC,0.5,POLFED,4.473513025,0.006352087,643,2
15,0.73714712,0.413970622,PBC,0.5,POLFED,4.324412451,0.001088947,643,2
15,0.494764746,0.696750057,PBC,0.5,POLFED,4.495401494,6.27e-05,643,2
15,0.090794124,0.454367684,PBC,0.5,POLFED,0.467653672,0.036326886,643,3
15,0.575558871,0.454367684,PBC,0.5,POLFED,4.496250018,0.000924682,643,2
15,0.494764746,0.656352995,PBC,0.5,POLFED,4.49562449,0.000582283,643,2
15,0.171588249,0.696750057,PBC,0.5,POLFED,3.073971264,0.104148381,643,3
15,0.454367684,0.171588249,PBC,0.5,POLFED,4.45702644,0.001806371,643,2
15,0.535161809,0.211985311,PBC,0.5,POLFED,4.486266784,0.002399796,643,2
15,0.37357356,0.696750057,PBC,0.5,POLFED,3.429516008,1.486864232,643,3
15,0.656352995,0.73714712,PBC,0.5,POLFED,2.843611205,1.649127111,643,2
15,0.090794124,0.292779435,PBC,0.5,POLFED,0.510978474,0.197749298,643,3
15,0.252382373,0.73714712,PBC,0.5,POLFED,4.303312056,0.015891959,643,3
15,0.292779435,0.090794124,PBC,0.5,POLFED,1.680263764,1.190632241,643,3
15,0.696750057,0.090794124,PBC,0.5,POLFED,4.095490153,0.022510714,643,2
15,0.090794124,0.777544182,PBC,0.5,POLFED,0.432798467,0.068688306,643,3
15,0.252382373,0.575558871,PBC,0.5,POLFED,4.257962585,0.010456918,643,3
15,0.01,0.494764746,PBC,0.5,POLFED,0.016312985,0.014019022,643,3
15,0.211985311,0.171588249,PBC,0.5,POLFED,2.231309175,0.193275304,643,3
15,0.01,0.454367684,PBC,0.5,POLFED,0.082063684,0.058746148,643,3
15,0.535161809,0.656352995,PBC,0.5,POLFED,3.270178748,1.226352981,643,2
15,0.777544182,0.090794124,PBC,0.5,POLFED,1.558014376,1.558014376,643,2
15,0.131191187,0.171588249,PBC,0.5,POLFED,1.146520563,0.361642091,643,3
15,0.37357356,0.413970622,PBC,0.5,POLFED,4.4725015,0.003440194,643,3
15,0.413970622,0.454367684,PBC,0.5,POLFED,4.486723873,0.001876772,643,2
15,0.615955933,0.656352995,PBC,0.5,POLFED,4.495307057,0.000470495,643,2
15,0.494764746,0.131191187,PBC,0.5,POLFED,4.439756626,0.000511408,643,2
15,0.73714712,0.656352995,PBC,0.5,POLFED,4.395830485,0.03216617,643,2
15,0.050397062,0.777544182,PBC,0.5,POLFED,0.187548969,0.062152254,643,3
15,0.050397062,0.292779435,PBC,0.5,POLFED,0.211945587,0.023013733,643,2
15,0.333176498,0.050397062,PBC,0.5,POLFED,1.888299906,1.200970801,643,3
15,0.171588249,0.413970622,PBC,0.5,POLFED,1.963278567,0.772018388,643,3
15,0.454367684,0.292779435,PBC,0.5,POLFED,4.483441549,0.002860948,643,2
15,0.454367684,0.777544182,PBC,0.5,POLFED,4.495653361,0.000766728,643,2
15,0.292779435,0.656352995,PBC,0.5,POLFED,2.935559342,2.075754017,643,3
15,0.575558871,0.01,PBC,0.5,POLFED,2.973920892,0.102033105,643,2
15,0.615955933,0.211985311,PBC,0.5,POLFED,4.484179389,0.002015743,643,2
15,0.090794124,0.171588249,PBC,0.5,POLFED,0.595969833,0.15883891,643,3
15,0.575558871,0.171588249,PBC,0.5,POLFED,4.480586757,0.003195276,643,2
15,0.333176498,0.73714712,PBC,0.5,POLFED,3.278971566,1.680668591,643,3
15,0.292779435,0.575558871,PBC,0.5,POLFED,3.139298325,1.809241731,643,3
15,0.454367684,0.454367684,PBC,0.5,POLFED,4.492671706,0.0009117,643,2
15,0.131191187,0.615955933,PBC,0.5,POLFED,1.457677714,0.08784745,643,2
15,0.575558871,0.37357356,PBC,0.5,POLFED,4.494881437,0.000538278,643,2
15,0.656352995,0.131191187,PBC,0.5,POLFED,4.253550757,0.189408818,643,2
15,0.696750057,0.696750057,PBC,0.5,POLFED,4.42633227,0.035378319,643,2
15,0.777544182,0.73714712,PBC,0.5,POLFED,1.6600000000000002e-26,1.06e-26,643,2
15,0.535161809,0.413970622,PBC,0.5,POLFED,4.497072797,0.0,643,1
15,0.494764746,0.01,PBC,0.5,POLFED,1.321476347,1.321476187,643,2
15,0.615955933,0.73714712,PBC,0.5,POLFED,4.494061308,0.000813638,643,2
15,0.73714712,0.696750057,PBC,0.5,POLFED,4.282912087,0.040319914,643,2
15,0.333176498,0.696750057,PBC,0.5,POLFED,4.461167581,0.002866393,643,2
15,0.656352995,0.01,PBC,0.5,POLFED,3.028762783,0.02440905,643,2
15,0.050397062,0.494764746,PBC,0.5,POLFED,0.04509425,0.05626437,643,3
15,0.211985311,0.494764746,PBC,0.5,POLFED,3.729785147,0.038321034,643,3
15,0.615955933,0.575558871,PBC,0.5,POLFED,4.495791776,0.000599453,643,2
15,0.171588249,0.131191187,PBC,0.5,POLFED,0.830883384,0.10697859,643,3
15,0.413970622,0.777544182,PBC,0.5,POLFED,4.489472133,0.000499723,643,2
15,0.050397062,0.454367684,PBC,0.5,POLFED,0.202303282,0.069720003,643,3
15,0.656352995,0.090794124,PBC,0.5,POLFED,4.355004809,0.010610248,643,2
15,0.73714712,0.575558871,PBC,0.5,POLFED,2.156600575,2.156600575,643,2
15,0.37357356,0.131191187,PBC,0.5,POLFED,4.209148424,0.041236314,643,3
15,0.777544182,0.696750057,PBC,0.5,POLFED,3.7e-12,3.7e-12,643,2
15,0.696750057,0.73714712,PBC,0.5,POLFED,4.467980686,7.91e-05,643,2
15,0.535161809,0.171588249,PBC,0.5,POLFED,4.479546314,0.002997368,643,2
15,0.413970622,0.696750057,PBC,0.5,POLFED,4.490555894,0.001800891,643,2
15,0.333176498,0.292779435,PBC,0.5,POLFED,4.352852948,0.008679581,643,3
15,0.454367684,0.211985311,PBC,0.5,POLFED,4.465106366,0.002027146,643,2
15,0.292779435,0.050397062,PBC,0.5,POLFED,1.060181972,0.734241221,643,3
15,0.333176498,0.777544182,PBC,0.5,POLFED,4.462953042,0.004019003,643,3
15,0.37357356,0.615955933,PBC,0.5,POLFED,4.477652773,0.001625382,643,3
15,0.050397062,0.656352995,PBC,0.5,POLFED,0.190132485,0.039040139,643,3
15,0.171588249,0.615955933,PBC,0.5,POLFED,3.031941291,0.089874934,643,3
15,0.535161809,0.37357356,PBC,0.5,POLFED,4.494498866,0.000407415,643,2
15,0.777544182,0.777544182,PBC,0.5,POLFED,3.25e-10,3.25e-10,643,2
15,0.777544182,0.292779435,PBC,0.5,POLFED,0.028434442,0.028434442,643,2
15,0.575558871,0.413970622,PBC,0.5,POLFED,4.495856443,4.29e-05,643,2
15,0.413970622,0.73714712,PBC,0.5,POLFED,4.491889915,0.000722099,643,2
15,0.656352995,0.615955933,PBC,0.5,POLFED,4.492032127,0.001871657,643,2
15,0.777544182,0.050397062,PBC,0.5,POLFED,1.1300000000000001e-26,9.020000000000001e-27,643,2
15,0.696750057,0.777544182,PBC,0.5,POLFED,2.414917038,1.997930248,643,2
15,0.090794124,0.090794124,PBC,0.5,POLFED,0.462117082,0.043096557,643,2
15,0.696750057,0.292779435,PBC,0.5,POLFED,4.43446685,0.0,643,1
15,0.494764746,0.171588249,PBC,0.5,POLFED,4.473716177,0.005031988,643,2
15,0.292779435,0.292779435,PBC,0.5,POLFED,4.206618052,0.015662173,643,2
15,0.615955933,0.535161809,PBC,0.5,POLFED,4.49523205,0.000129724,643,2
15,0.292779435,0.494764746,PBC,0.5,POLFED,2.918876778,2.063975102,643,3
15,0.575558871,0.090794124,PBC,0.5,POLFED,4.381252013,0.027410273,643,2
15,0.37357356,0.37357356,PBC,0.5,POLFED,4.465195783,0.005600121,643,3
15,0.696750057,0.454367684,PBC,0.5,POLFED,4.469003692,0.014801339,643,2
15,0.292779435,0.454367684,PBC,0.5,POLFED,4.353764079,0.015590239,643,3
15,0.171588249,0.37357356,PBC,0.5,POLFED,2.051569819,0.1394241,643,3
15,0.211985311,0.73714712,PBC,0.5,POLFED,3.965372994,0.050572663,643,3
15,0.454367684,0.73714712,PBC,0.5,POLFED,4.493867302,0.0,643,1
15,0.050397062,0.575558871,PBC,0.5,POLFED,0.230705846,0.05778858,643,3
15,0.615955933,0.252382373,PBC,0.5,POLFED,4.489519824,0.000662312,643,2
15,0.494764746,0.615955933,PBC,0.5,POLFED,4.495689884,0.000199296,643,2
15,0.333176498,0.454367684,PBC,0.5,POLFED,4.437567891,0.005145433,643,3
15,0.777544182,0.454367684,PBC,0.5,POLFED,7.36e-25,7.2999999999999995e-25,643,2
15,0.01,0.090794124,PBC,0.5,POLFED,0.024446363,0.01643676,643,3
15,0.333176498,0.494764746,PBC,0.5,POLFED,4.446046183,0.008628571,643,2
15,0.252382373,0.171588249,PBC,0.5,POLFED,2.202876737,1.549362072,643,3
15,0.73714712,0.494764746,PBC,0.5,POLFED,3.834730658,0.541049975,643,2
15,0.656352995,0.171588249,PBC,0.5,POLFED,4.449049981,0.013358511,643,2
15,0.454367684,0.494764746,PBC,0.5,POLFED,4.493441497,0.001074421,643,2
15,0.696750057,0.575558871,PBC,0.5,POLFED,4.458908316,0.010267563,643,2
15,0.73714712,0.73714712,PBC,0.5,POLFED,0.079947482,0.079947482,643,2
15,0.615955933,0.696750057,PBC,0.5,POLFED,3.768735189,0.727710642,643,2
15,0.292779435,0.73714712,PBC,0.5,POLFED,4.42202002,0.005846677,643,3
15,0.01,0.171588249,PBC,0.5,POLFED,0.003599394,0.00124751,643,3
15,0.333176498,0.575558871,PBC,0.5,POLFED,4.454014397,0.003803338,643,3
15,0.252382373,0.090794124,PBC,0.5,POLFED,1.527851831,0.213342419,643,3
15,0.211985311,0.454367684,PBC,0.5,POLFED,3.752382965,0.072596032,643,3
15,0.777544182,0.575558871,PBC,0.5,POLFED,1.754541962,1.754541951,643,2
15,0.575558871,0.050397062,PBC,0.5,POLFED,4.075749561,0.01201644,643,2
15,0.696750057,0.211985311,PBC,0.5,POLFED,4.44904941,0.002349187,643,2
15,0.211985311,0.292779435,PBC,0.5,POLFED,2.910974961,0.36172322,643,3
15,0.413970622,0.494764746,PBC,0.5,POLFED,4.48828129,0.002900725,643,2
15,0.413970622,0.252382373,PBC,0.5,POLFED,4.46463711,0.001751353,643,2
15,0.211985311,0.777544182,PBC,0.5,POLFED,2.629956181,1.863212451,643,3
15,0.575558871,0.615955933,PBC,0.5,POLFED,4.496077871,0.000449473,643,2
15,0.333176498,0.656352995,PBC,0.5,POLFED,4.45830809,0.00054264,643,3
15,0.535161809,0.090794124,PBC,0.5,POLFED,4.395897915,0.006958342,643,2
15,0.777544182,0.656352995,PBC,0.5,POLFED,1.805017707,1.805017707,643,2
15,0.615955933,0.01,PBC,0.5,POLFED,3.043901772,0.0,643,1
15,0.535161809,0.01,PBC,0.5,POLFED,2.808420464,0.031130301,643,2
15,0.777544182,0.211985311,PBC,0.5,POLFED,3.2400000000000006e-27,4.11e-28,643,2
15,0.413970622,0.535161809,PBC,0.5,POLFED,4.486309544,0.000318537,643,2
15,0.494764746,0.090794124,PBC,0.5,POLFED,4.349967993,0.00594419,643,2
15,0.535161809,0.131191187,PBC,0.5,POLFED,4.445806693,0.001392155,643,2
15,0.696750057,0.656352995,PBC,0.5,POLFED,4.474227393,0.004545908,643,2
15,0.696750057,0.050397062,PBC,0.5,POLFED,3.641515937,0.033046105,643,2
15,0.252382373,0.413970622,PBC,0.5,POLFED,4.244635117,0.0,643,1
15,0.73714712,0.211985311,PBC,0.5,POLFED,4.13803011,0.015030021,643,2
15,0.656352995,0.413970622,PBC,0.5,POLFED,3.21910251,1.270685141,643,2
15,0.050397062,0.73714712,PBC,0.5,POLFED,0.133345593,0.033904367,643,3
15,0.73714712,0.535161809,PBC,0.5,POLFED,4.393933329,0.002600141,643,2
15,0.454367684,0.575558871,PBC,0.5,POLFED,4.492331688,0.001029791,643,2
15,0.535161809,0.615955933,PBC,0.5,POLFED,4.496414737,5.16e-05,643,2
15,0.696750057,0.252382373,PBC,0.5,POLFED,4.445449669,0.004048454,643,2
15,0.413970622,0.211985311,PBC,0.5,POLFED,4.436702887,0.004339458,643,2
15,0.777544182,0.535161809,PBC,0.5,POLFED,1.11e-26,1.0300000000000001e-26,643,2
15,0.211985311,0.696750057,PBC,0.5,POLFED,3.85696132,0.082914335,643,2
15,0.413970622,0.656352995,PBC,0.5,POLFED,4.490712667,0.002786487,643,2
15,0.73714712,0.252382373,PBC,0.5,POLFED,2.087534012,2.087534012,643,2
15,0.615955933,0.454367684,PBC,0.5,POLFED,4.49535932,0.000249321,643,2
15,0.575558871,0.131191187,PBC,0.5,POLFED,4.460202179,0.003524874,643,2
15,0.777544182,0.252382373,PBC,0.5,POLFED,1.667861158,1.667861158,643,2
15,0.73714712,0.454367684,PBC,0.5,POLFED,4.328294178,0.035169824,643,2
15,0.656352995,0.37357356,PBC,0.5,POLFED,4.490467399,0.000673327,643,2
15,0.615955933,0.494764746,PBC,0.5,POLFED,4.494903875,0.000444719,643,2
15,0.696750057,0.535161809,PBC,0.5,POLFED,4.480972989,0.000650918,643,2
15,0.777544182,0.494764746,PBC,0.5,POLFED,5.43e-07,5.43e-07,643,2
15,0.696750057,0.333176498,PBC,0.5,POLFED,4.470782804,0.00273158,643,2
15,0.615955933,0.292779435,PBC,0.5,POLFED,4.491478417,0.002174019,643,2
15,0.615955933,0.777544182,PBC,0.5,POLFED,4.492786816,0.002678491,643,2
15,0.413970622,0.575558871,PBC,0.5,POLFED,4.49011385,0.000943924,643,2
15,0.131191187,0.090794124,PBC,0.5,POLFED,0.578943649,0.165925909,643,3
15,0.73714712,0.777544182,PBC,0.5,POLFED,4.004885657,0.120539454,643,2
15,0.73714712,0.292779435,PBC,0.5,POLFED,0.260991007,0.260990997,643,2
15,0.615955933,0.333176498,PBC,0.5,POLFED,4.494407769,0.000482117,643,2
15,0.292779435,0.777544182,PBC,0.5,POLFED,4.29001969,0.125249072,643,2
15,0.454367684,0.656352995,PBC,0.5,POLFED,4.493657988,0.001500961,643,2
15,0.73714712,0.050397062,PBC,0.5,POLFED,1.699414215,1.572856051,643,2
15,0.494764746,0.37357356,PBC,0.5,POLFED,4.494186933,0.000445659,643,2
15,0.413970622,0.050397062,PBC,0.5,POLFED,3.252806665,0.308885352,643,2
15,0.615955933,0.050397062,PBC,0.5,POLFED,4.021137924,0.030230134,643,2
15,0.73714712,0.333176498,PBC,0.5,POLFED,2.126764559,2.126764559,643,2
15,0.575558871,0.575558871,PBC,0.5,POLFED,4.49604591,0.000128057,643,2
15,0.494764746,0.777544182,PBC,0.5,POLFED,4.495012432,0.000625998,643,2
15,0.171588249,0.252382373,PBC,0.5,POLFED,1.838388246,0.54928158,643,3
15,0.292779435,0.171588249,PBC,0.5,POLFED,1.600745597,1.409620022,643,3
15,0.01,0.73714712,PBC,0.5,POLFED,0.016859019,0.01157626,643,3
15,0.454367684,0.050397062,PBC,0.5,POLFED,3.784766139,0.13407725,643,2
15,0.494764746,0.292779435,PBC,0.5,POLFED,4.491261323,0.000876178,643,2
15,0.535161809,0.333176498,PBC,0.5,POLFED,4.49381814,0.001078558,643,2
15,0.37357356,0.252382373,PBC,0.5,POLFED,4.421300158,0.008762102,643,3
15,0.73714712,0.01,PBC,0.5,POLFED,2.976767569,0.007952593,643,2
15,0.252382373,0.454367684,PBC,0.5,POLFED,4.121020816,0.021656714,643,3
15,0.171588249,0.535161809,PBC,0.5,POLFED,2.795551489,0.088810353,643,3
15,0.37357356,0.535161809,PBC,0.5,POLFED,4.475630937,0.001488656,643,3
15,0.73714712,0.171588249,PBC,0.5,POLFED,4.078975031,0.027968787,643,2
15,0.656352995,0.494764746,PBC,0.5,POLFED,4.479661066,0.009179355,643,2
15,0.535161809,0.292779435,PBC,0.5,POLFED,2.393450229,2.100350807,643,2
15,0.777544182,0.01,PBC,0.5,POLFED,1.426867259,1.426867259,643,2
15,0.252382373,0.777544182,PBC,0.5,POLFED,4.314715997,0.009647639,643,3
15,0.454367684,0.413970622,PBC,0.5,POLFED,4.492735854,0.0,643,1
15,0.535161809,0.494764746,PBC,0.5,POLFED,4.222997596,0.271682732,643,2
15,0.252382373,0.292779435,PBC,0.5,POLFED,2.607982925,1.844418158,643,3
15,0.494764746,0.535161809,PBC,0.5,POLFED,4.495894816,2.84e-05,643,2
15,0.696750057,0.615955933,PBC,0.5,POLFED,4.472726784,0.006868243,643,2
15,0.535161809,0.454367684,PBC,0.5,POLFED,4.496337411,0.001349497,643,2
15,0.73714712,0.615955933,PBC,0.5,POLFED,4.316136222,0.089967369,643,2
15,0.494764746,0.454367684,PBC,0.5,POLFED,4.495189389,0.000229306,643,2
15,0.575558871,0.656352995,PBC,0.5,POLFED,4.497258272,0.000566287,643,2
15,0.454367684,0.01,PBC,0.5,POLFED,1.279758032,1.065030276,643,2
15,0.090794124,0.696750057,PBC,0.5,POLFED,0.692080358,0.034539788,643,2
15,0.171588249,0.050397062,PBC,0.5,POLFED,0.609656835,0.107738769,643,3
15,0.494764746,0.494764746,PBC,0.5,POLFED,4.49506399,0.000190065,643,2
15,0.252382373,0.050397062,PBC,0.5,POLFED,0.901116736,0.485883631,643,3
15,0.777544182,0.615955933,PBC,0.5,POLFED,1.872989186,1.604032113,643,2
15,0.494764746,0.252382373,PBC,0.5,POLFED,4.487540073,0.001857405,643,2
15,0.615955933,0.615955933,PBC,0.5,POLFED,4.495847698,0.0,643,1
15,0.413970622,0.131191187,PBC,0.5,POLFED,4.396964885,0.0,643,1
15,0.090794124,0.575558871,PBC,0.5,POLFED,0.240807828,0.240807828,643,2
15,0.615955933,0.131191187,PBC,0.5,POLFED,4.455975956,0.001213767,643,2
15,0.413970622,0.615955933,PBC,0.5,POLFED,4.489718107,0.000933343,643,2
15,0.454367684,0.37357356,PBC,0.5,POLFED,4.311495418,0.175092125,643,2
15,0.777544182,0.131191187,PBC,0.5,POLFED,0.115145566,0.115145566,643,2
15,0.575558871,0.494764746,PBC,0.5,POLFED,4.496492639,7.58e-05,643,2
15,0.01,0.535161809,PBC,0.5,POLFED,0.007836778,0.001008239,643,2
15,0.73714712,0.131191187,PBC,0.5,POLFED,3.873387032,0.113561936,643,2
15,0.615955933,0.090794124,PBC,0.5,POLFED,4.387929036,0.007661238,643,2
15,0.696750057,0.131191187,PBC,0.5,POLFED,4.286204815,0.02328557,643,2
15,0.575558871,0.535161809,PBC,0.5,POLFED,4.496632533,0.000437623,643,2
15,0.656352995,0.696750057,PBC,0.5,POLFED,4.489861987,0.001426756,643,2
15,0.050397062,0.171588249,PBC,0.5,POLFED,0.099409763,0.072581558,643,3
15,0.252382373,0.696750057,PBC,0.5,POLFED,4.283803066,0.009978458,643,2
15,0.494764746,0.211985311,PBC,0.5,POLFED,4.48254197,0.001673778,643,2
15,0.131191187,0.292779435,PBC,0.5,POLFED,0.838397436,0.084277067,643,3
15,0.656352995,0.575558871,PBC,0.5,POLFED,4.492041363,0.000126379,643,2
15,0.131191187,0.777544182,PBC,0.5,POLFED,1.435007329,0.100566927,643,3
15,0.73714712,0.090794124,PBC,0.5,POLFED,3.755206689,0.153851434,643,2
15,0.37357356,0.211985311,PBC,0.5,POLFED,4.407703459,0.017115573,643,3
15,0.171588249,0.211985311,PBC,0.5,POLFED,1.333604336,0.371519551,643,3
15,0.535161809,0.696750057,PBC,0.5,POLFED,4.496578358,0.0,643,1
15,0.131191187,0.454367684,PBC,0.5,POLFED,1.209339314,0.183001216,643,3
15,0.656352995,0.656352995,PBC,0.5,POLFED,4.486895455,0.004705488,643,2
15,0.090794124,0.494764746,PBC,0.5,POLFED,0.487661371,0.042585213,643,3
15,0.535161809,0.050397062,PBC,0.5,POLFED,4.01644753,0.030752008,643,2
15,0.413970622,0.333176498,PBC,0.5,POLFED,4.473231145,0.0,643,1
15,0.413970622,0.292779435,PBC,0.5,POLFED,4.471021162,0.0,643,1
15,0.211985311,0.656352995,PBC,0.5,POLFED,4.024058117,0.007537828,643,2
15,0.211985311,0.575558871,PBC,0.5,POLFED,3.937777546,0.050156294,643,2
15,0.575558871,0.211985311,PBC,0.5,POLFED,4.487206284,0.0,643,1
15,0.211985311,0.090794124,PBC,0.5,POLFED,1.428159406,0.003207394,643,2
15,0.575558871,0.333176498,PBC,0.5,POLFED,4.494400198,0.0,643,1
15,0.575558871,0.252382373,PBC,0.5,POLFED,4.491452238,0.0,643,1
15,0.333176498,0.090794124,PBC,0.5,POLFED,3.265754569,0.18722356,643,2
15,0.656352995,0.252382373,PBC,0.5,POLFED,4.480143479,0.0,643,1
15,0.292779435,0.413970622,PBC,0.5,POLFED,4.351250088,0.0,643,1
15,0.494764746,0.413970622,PBC,0.5,POLFED,4.493239354,0.0,643,1
15,0.454367684,0.333176498,PBC,0.5,POLFED,4.485007276,0.0,643,1
15,0.696750057,0.494764746,PBC,0.5,POLFED,4.479751429,0.0,643,1
15,0.41397,0.61596,PBC,0.5,POLFED,4.489220342134727,0.0009370931189727088,643,4
15,0.77754,0.13119,PBC,0.5,POLFED,0.839798734062196,1.324955222794268,643,4
15,0.17159,0.57556,PBC,0.5,POLFED,2.9739191554207167,0.04167354775561253,643,3
15,0.33318,0.13119,PBC,0.5,POLFED,3.1567677428018626,1.1277965409816861,643,3
15,0.37357,0.57556,PBC,0.5,POLFED,2.060292808974317,1.7122356889110562,643,3
15,0.37357,0.01,PBC,0.5,POLFED,1.644776376189269,0.1493928705786152,643,3
15,0.09079,0.33318,PBC,0.5,POLFED,0.6034577916388303,0.056073593656137725,643,3
15,0.37357,0.73715,PBC,0.5,POLFED,3.7390778757253162,1.0530902783122216,643,3
15,0.65635,0.69675,PBC,0.5,POLFED,4.487575565533798,0.004369042638687622,643,4
15,0.25238,0.69675,PBC,0.5,POLFED,4.279098897797221,0.027144784543088767,643,4
15,0.21199,0.0504,PBC,0.5,POLFED,1.1415914641241116,0.09945224011038122,643,3
15,0.77754,0.33318,PBC,0.5,POLFED,0.8927948937236223,1.2647856310685823,643,5
15,0.29278,0.13119,PBC,0.5,POLFED,3.3662375343523365,0.3017115601834975,643,3
15,0.53516,0.65635,PBC,0.5,POLFED,3.8831441804936886,1.0619310243448425,643,4
15,0.69675,0.13119,PBC,0.5,POLFED,4.3170085554547155,0.044589310115616246,643,4
15,0.01,0.25238,PBC,0.5,POLFED,0.027233886091488007,0.02599099660557615,643,3
15,0.0504,0.37357,PBC,0.5,POLFED,0.10912337384629889,0.01697617628996893,643,3
15,0.21199,0.37357,PBC,0.5,POLFED,2.1618956288670184,1.5333413266385492,643,3
15,0.17159,0.73715,PBC,0.5,POLFED,3.182960084712653,0.2995774368097504,643,3
15,0.13119,0.49476,PBC,0.5,POLFED,1.0706424377005175,0.24384989264798562,643,4
15,0.49476,0.73715,PBC,0.5,POLFED,4.495775621606309,0.0002639346176431865,643,4
15,0.13119,0.25238,PBC,0.5,POLFED,0.8228398038254366,0.10143039164790171,643,3
15,0.45437,0.61596,PBC,0.5,POLFED,4.493312226658206,0.0008102041098761686,643,4
15,0.45437,0.69675,PBC,0.5,POLFED,4.494858932648541,0.0009420529067597511,643,5
15,0.53516,0.69675,PBC,0.5,POLFED,4.4969532563773615,0.00029293636620339713,643,4
15,0.41397,0.17159,PBC,0.5,POLFED,4.4166611069814135,0.006502223794944362,643,4
15,0.57556,0.33318,PBC,0.5,POLFED,4.494390974440567,0.00022057346021153078,643,3
15,0.01,0.33318,PBC,0.5,POLFED,0.007302373622569612,0.0020776090763272408,643,3
15,0.73715,0.41397,PBC,0.5,POLFED,3.2440335938663853,1.872944200380239,643,4
15,0.49476,0.69675,PBC,0.5,POLFED,4.495114183900116,0.00029312002469118525,643,4
15,0.25238,0.21199,PBC,0.5,POLFED,3.4435133288101554,0.06836115146684556,643,3
15,0.13119,0.53516,PBC,0.5,POLFED,1.279455022548066,0.3781743992903162,643,3
15,0.17159,0.65635,PBC,0.5,POLFED,2.768515537644067,0.19386423422588542,643,3
15,0.37357,0.65635,PBC,0.5,POLFED,4.480025767173486,0.00028422893726622246,643,3
15,0.0504,0.61596,PBC,0.5,POLFED,0.15543630506338885,0.05186255038396974,643,3
15,0.0504,0.01,PBC,0.5,POLFED,0.17848798496255913,0.13031364858095218,643,3
15,0.53516,0.0504,PBC,0.5,POLFED,4.011022753563951,0.081962363407909,643,4
15,0.61596,0.41397,PBC,0.5,POLFED,4.494769256053107,0.0003056215188672867,643,4
15,0.0504,0.0504,PBC,0.5,POLFED,0.16681961376342666,0.10781484184797192,643,3
15,0.45437,0.0504,PBC,0.5,POLFED,2.8165432325880637,1.6292906324668943,643,4
15,0.69675,0.17159,PBC,0.5,POLFED,4.411232932206796,0.017967704170293045,643,4
15,0.49476,0.29278,PBC,0.5,POLFED,4.490724522774153,0.0008405226397999489,643,4
15,0.49476,0.77754,PBC,0.5,POLFED,4.495382789269643,0.0007080755228492673,643,4
15,0.57556,0.57556,PBC,0.5,POLFED,4.496377823708311,0.00034517875730985206,643,4
15,0.37357,0.45437,PBC,0.5,POLFED,4.470064435602585,0.002073376891096001,643,4
15,0.0504,0.13119,PBC,0.5,POLFED,0.1237028553032805,0.09208031819180255,643,3
15,0.29278,0.37357,PBC,0.5,POLFED,4.308603262768078,0.0406122850828536,643,3
15,0.45437,0.09079,PBC,0.5,POLFED,4.272676560602443,0.04911100218163876,643,4
15,0.17159,0.45437,PBC,0.5,POLFED,2.511928487831616,0.06575357715572203,643,3
15,0.13119,0.21199,PBC,0.5,POLFED,0.918767974374021,0.3615410744784724,643,3
15,0.25238,0.53516,PBC,0.5,POLFED,4.238534922457817,0.00918307595389386,643,3
15,0.57556,0.69675,PBC,0.5,POLFED,4.496415097898857,0.0006432991828342696,643,4
15,0.33318,0.01,PBC,0.5,POLFED,1.4069545452323735,0.14965124844359473,643,3
15,0.77754,0.17159,PBC,0.5,POLFED,0.8036726945000803,1.3920019395298524,643,4
15,0.73715,0.01,PBC,0.5,POLFED,2.9635027482933354,0.10251662888596236,643,4
15,0.73715,0.37357,PBC,0.5,POLFED,3.284883378247654,1.6933933764069464,643,4
15,0.21199,0.09079,PBC,0.5,POLFED,0.9810248951481262,0.5851955960170081,643,4
15,0.61596,0.37357,PBC,0.5,POLFED,4.493679825502655,0.0009645440416285146,643,4
15,0.45437,0.13119,PBC,0.5,POLFED,4.41883044462425,0.017510478155145528,643,4
15,0.25238,0.25238,PBC,0.5,POLFED,3.367769994735003,0.1496296646468094,643,3
15,0.25238,0.49476,PBC,0.5,POLFED,4.2249811037870435,0.024465302041609363,643,4
15,0.77754,0.01,PBC,0.5,POLFED,1.371769715053491,1.3666016338419258,643,4
15,0.01,0.0504,PBC,0.5,POLFED,0.018293486650997455,0.017905402577768213,643,3
15,0.57556,0.73715,PBC,0.5,POLFED,4.496784804785587,0.00021174184723372035,643,4
15,0.65635,0.49476,PBC,0.5,POLFED,4.485238472009129,0.008558319330711236,643,4
15,0.73715,0.17159,PBC,0.5,POLFED,4.03498138173032,0.05138959607262619,643,4
15,0.53516,0.49476,PBC,0.5,POLFED,4.359546805453081,0.23569354002343207,643,4
15,0.65635,0.29278,PBC,0.5,POLFED,4.485798172251341,0.0007116033652096748,643,4
15,0.65635,0.77754,PBC,0.5,POLFED,4.474771780993103,0.029033334548528397,643,4
15,0.69675,0.61596,PBC,0.5,POLFED,4.474578901597804,0.006375722675083267,643,4
15,0.29278,0.61596,PBC,0.5,POLFED,4.406998784741955,0.005274446589989874,643,3
15,0.13119,0.69675,PBC,0.5,POLFED,0.956571461703264,0.5256409715066764,643,3
15,0.37357,0.29278,PBC,0.5,POLFED,3.714504073445062,1.0180089356700306,643,3
15,0.65635,0.33318,PBC,0.5,POLFED,4.484531204481056,0.0033013859374870446,643,4
15,0.01,0.21199,PBC,0.5,POLFED,0.008925375759960599,0.005584159692659759,643,3
15,0.45437,0.01,PBC,0.5,POLFED,1.9700037230045118,1.0229113996034627,643,4
15,0.57556,0.65635,PBC,0.5,POLFED,4.497175404478521,0.000428844710350353,643,4
15,0.37357,0.77754,PBC,0.5,POLFED,4.481507577909194,0.0010961840871732925,643,3
15,0.49476,0.45437,PBC,0.5,POLFED,3.579224901938117,1.586268489727266,643,4
15,0.33318,0.61596,PBC,0.5,POLFED,4.458356857573179,0.0008461911222740568,643,3
15,0.49476,0.0504,PBC,0.5,POLFED,4.016115585681125,0.03284530462476734,643,4
15,0.77754,0.61596,PBC,0.5,POLFED,1.771997381306272,1.6409718683753418,643,4
15,0.17159,0.77754,PBC,0.5,POLFED,3.0413766569617375,0.1330457625435073,643,3
15,0.41397,0.13119,PBC,0.5,POLFED,4.374539578637953,0.02353827959762797,643,3
15,0.17159,0.29278,PBC,0.5,POLFED,1.895944899441052,0.2722634490960482,643,4
15,0.29278,0.01,PBC,0.5,POLFED,1.2143905621737978,0.35857107717706255,643,3
15,0.21199,0.41397,PBC,0.5,POLFED,2.39394992742737,1.6904914729099794,643,3
15,0.0504,0.41397,PBC,0.5,POLFED,0.17727288317133774,0.027136049633240362,643,3
15,0.01,0.13119,PBC,0.5,POLFED,0.028360187677754136,0.0314018000161829,643,3
15,0.33318,0.53516,PBC,0.5,POLFED,4.451542221345184,0.0032575264997599606,643,3
15,0.73715,0.53516,PBC,0.5,POLFED,3.2615157765209446,1.8838531039707551,643,4
15,0.37357,0.17159,PBC,0.5,POLFED,4.318676594084088,0.0262681775588815,643,3
15,0.13119,0.41397,PBC,0.5,POLFED,1.3292293441248928,0.11138766715455876,643,3
15,0.17159,0.17159,PBC,0.5,POLFED,1.1012417325030879,0.061019339031590424,643,3
15,0.29278,0.25238,PBC,0.5,POLFED,4.201458027267857,0.09991581641197297,643,3
15,0.13119,0.0504,PBC,0.5,POLFED,0.5937807139723931,0.0657408363242221,643,3
15,0.09079,0.01,PBC,0.5,POLFED,0.26417769694130616,0.16693943043720383,643,3
15,0.41397,0.65635,PBC,0.5,POLFED,4.489776194244105,0.0021916298132042054,643,4
15,0.73715,0.25238,PBC,0.5,POLFED,3.0772798797815994,1.7772989151912,643,4
15,0.33318,0.25238,PBC,0.5,POLFED,4.312048041300883,0.015285280437488863,643,3
15,0.21199,0.69675,PBC,0.5,POLFED,2.9229409303979295,1.6518638044236191,643,4
15,0.29278,0.53516,PBC,0.5,POLFED,2.929246514568439,2.0713070800902957,643,3
15,0.61596,0.49476,PBC,0.5,POLFED,4.495228593433914,0.0006724939143715413,643,4
15,0.09079,0.41397,PBC,0.5,POLFED,0.39888918733218476,0.08753344083935796,643,3
15,0.57556,0.13119,PBC,0.5,POLFED,4.462427116135117,0.003597509258109178,643,4
15,0.25238,0.37357,PBC,0.5,POLFED,4.134909623444127,0.1056076632667339,643,3
15,0.53516,0.37357,PBC,0.5,POLFED,4.494669741558545,0.000350682992411648,643,4
15,0.41397,0.57556,PBC,0.5,POLFED,4.489439566810619,0.001549883278437577,643,4
15,0.17159,0.01,PBC,0.5,POLFED,0.507878506536824,0.26951935623055423,643,3
15,0.09079,0.13119,PBC,0.5,POLFED,0.32687264480423495,0.18090924555888596,643,3
15,0.69675,0.33318,PBC,0.5,POLFED,4.463129000240253,0.00791115138983653,643,4
15,0.29278,0.33318,PBC,0.5,POLFED,3.566308076687529,0.9843014845647466,643,3
15,0.41397,0.69675,PBC,0.5,POLFED,4.4912833883896734,0.0016921165164803954,643,4
15,0.09079,0.09079,PBC,0.5,POLFED,0.3086021942252778,0.19110602754247658,643,4
15,0.0504,0.21199,PBC,0.5,POLFED,0.13213555472605643,0.06438567039323365,643,3
15,0.21199,0.21199,PBC,0.5,POLFED,2.2563048379381754,1.4488340370240265,643,3
15,0.49476,0.17159,PBC,0.5,POLFED,4.47137005944901,0.004689815175321684,643,4
15,0.41397,0.73715,PBC,0.5,POLFED,4.490685157937513,0.0014489081973565593,643,4
15,0.01,0.41397,PBC,0.5,POLFED,0.009200665795859328,0.010153125723499433,643,3
15,0.33318,0.33318,PBC,0.5,POLFED,4.411801885631313,0.005698094333066779,643,3
15,0.49476,0.37357,PBC,0.5,POLFED,4.493743531279053,0.0005523230175838564,643,4
15,0.21199,0.01,PBC,0.5,POLFED,0.553847356051708,0.06317918548297374,643,3
15,0.13119,0.01,PBC,0.5,POLFED,0.46094414441425985,0.10720212660130783,643,3
15,0.65635,0.61596,PBC,0.5,POLFED,4.490676725151163,0.003193066159036602,643,4
15,0.65635,0.13119,PBC,0.5,POLFED,4.337860064665557,0.15877236941846068,643,4
15,0.37357,0.09079,PBC,0.5,POLFED,3.973156927807859,0.04215697811342325,643,3
15,0.69675,0.69675,PBC,0.5,POLFED,4.442481905773812,0.035720425817409855,643,4
15,0.45437,0.49476,PBC,0.5,POLFED,4.492793256565519,0.0010108330166581365,643,4
15,0.77754,0.73715,PBC,0.5,POLFED,0.8373824145704255,1.4503888874006818,643,4
15,0.53516,0.41397,PBC,0.5,POLFED,4.495798095430873,0.0008429397231508665,643,5
15,0.49476,0.01,PBC,0.5,POLFED,1.9435515390417435,1.1225943090861437,643,4
15,0.73715,0.73715,PBC,0.5,POLFED,1.159116195925823,1.6692676437702385,643,4
15,0.41397,0.33318,PBC,0.5,POLFED,4.476196194313573,0.002112028231524826,643,3
15,0.57556,0.17159,PBC,0.5,POLFED,4.480191680916468,0.0024416327298584766,643,4
15,0.0504,0.53516,PBC,0.5,POLFED,0.1577000836181525,0.04528049203945729,643,3
15,0.21199,0.53516,PBC,0.5,POLFED,3.8330326816110376,0.044214232520102446,643,3
15,0.37357,0.0504,PBC,0.5,POLFED,3.037623392696711,0.08600893166107525,643,3
15,0.45437,0.45437,PBC,0.5,POLFED,4.489021607959865,0.0062651130009109355,643,4
15,0.69675,0.57556,PBC,0.5,POLFED,4.470856811948089,0.013984067226190881,643,4
15,0.17159,0.09079,PBC,0.5,POLFED,0.7466330282814656,0.3336575724896417,643,3
15,0.65635,0.09079,PBC,0.5,POLFED,4.339547966521485,0.017221243517946447,643,4
15,0.73715,0.57556,PBC,0.5,POLFED,3.169305965797943,1.8306711210351365,643,4
15,0.77754,0.69675,PBC,0.5,POLFED,0.9157063041601656,1.547903705275449,643,4
15,0.69675,0.73715,PBC,0.5,POLFED,3.344226927033258,1.9308218610156935,643,4
15,0.61596,0.69675,PBC,0.5,POLFED,3.2495476737399325,1.446988032134481,643,4
15,0.49476,0.41397,PBC,0.5,POLFED,4.494412929736578,0.0011614119754375274,643,5
15,0.57556,0.0504,PBC,0.5,POLFED,4.026270032054985,0.05296367449788505,643,4
15,0.33318,0.69675,PBC,0.5,POLFED,4.462031916494335,0.002214658263939994,643,4
15,0.65635,0.01,PBC,0.5,POLFED,3.012032631352966,0.024351746326050725,643,4
15,0.09079,0.0504,PBC,0.5,POLFED,0.22631042699567194,0.0532295360691207,643,3
15,0.61596,0.57556,PBC,0.5,POLFED,4.4957764514521426,0.0004418484597938869,643,4
15,0.09079,0.61596,PBC,0.5,POLFED,0.5255856456853844,0.08265009326867347,643,3
15,0.21199,0.25238,PBC,0.5,POLFED,2.3502284459609286,0.12967513798361643,643,3
15,0.0504,0.25238,PBC,0.5,POLFED,0.12229325795935926,0.08849305888757641,643,3
15,0.77754,0.57556,PBC,0.5,POLFED,0.8772709809501292,1.5194779045356,643,4
15,0.25238,0.01,PBC,0.5,POLFED,0.6843957617160757,0.40185000512120345,643,3
15,0.01,0.37357,PBC,0.5,POLFED,0.014977031511112434,0.007052374532021678,643,3
15,0.73715,0.65635,PBC,0.5,POLFED,4.351877784994001,0.0808937123354783,643,4
15,0.57556,0.61596,PBC,0.5,POLFED,4.496065651566607,0.00045861423236426307,643,4
15,0.13119,0.37357,PBC,0.5,POLFED,1.0991951154974657,0.10793680421874043,643,3
15,0.29278,0.21199,PBC,0.5,POLFED,2.619983891102298,1.8511453875068595,643,3
15,0.45437,0.33318,PBC,0.5,POLFED,4.486026158672504,0.000742551351365806,643,3
15,0.77754,0.65635,PBC,0.5,POLFED,1.7929098053632746,1.7929915707309108,643,4
15,0.61596,0.65635,PBC,0.5,POLFED,4.49559291816518,0.00048248074684977514,643,4
15,0.49476,0.09079,PBC,0.5,POLFED,4.341135691825375,0.012576475184729994,643,4
15,0.0504,0.33318,PBC,0.5,POLFED,0.12236239990884966,0.025631447632098125,643,3
15,0.57556,0.01,PBC,0.5,POLFED,2.942550591605458,0.09138321112069121,643,4
15,0.73715,0.21199,PBC,0.5,POLFED,4.183861518548445,0.048595177800846774,643,4
15,0.25238,0.41397,PBC,0.5,POLFED,4.215194016562884,0.04943078378273716,643,3
15,0.53516,0.77754,PBC,0.5,POLFED,4.496307630817884,0.000763310111049191,643,5
15,0.33318,0.21199,PBC,0.5,POLFED,4.284515352298612,0.013682009744050946,643,3
15,0.45437,0.29278,PBC,0.5,POLFED,3.4219814336368497,1.838710539028139,643,4
15,0.01,0.61596,PBC,0.5,POLFED,0.023609169519531237,0.011723126136949284,643,3
15,0.69675,0.65635,PBC,0.5,POLFED,4.456673297435412,0.017957467752333065,643,4
15,0.45437,0.77754,PBC,0.5,POLFED,4.494813668454772,0.0010007396558472425,643,4
15,0.69675,0.0504,PBC,0.5,POLFED,3.660053468333949,0.04844216097618483,643,4
15,0.09079,0.37357,PBC,0.5,POLFED,0.5341411631668387,0.3776969053870328,643,3
15,0.21199,0.65635,PBC,0.5,POLFED,3.9983035311112802,0.03600260830665784,643,4
15,0.73715,0.77754,PBC,0.5,POLFED,4.048158608597722,0.10741344535290227,643,4
15,0.73715,0.29278,PBC,0.5,POLFED,2.277553216373952,2.024991418900599,643,4
15,0.53516,0.17159,PBC,0.5,POLFED,4.478027096845902,0.0029894555748590855,643,4
15,0.45437,0.21199,PBC,0.5,POLFED,4.465164035731616,0.0014591861030894546,643,4
15,0.57556,0.41397,PBC,0.5,POLFED,4.495883242108939,0.00013864629675404657,643,4
15,0.61596,0.29278,PBC,0.5,POLFED,4.491036917003196,0.0017349991705840283,643,4
15,0.61596,0.77754,PBC,0.5,POLFED,4.493760100798659,0.002239664643937711,643,4
15,0.77754,0.77754,PBC,0.5,POLFED,2.1713801181733128e-10,3.067347632170038e-10,643,3
15,0.13119,0.13119,PBC,0.5,POLFED,0.6886671249872341,0.16512654244939873,643,3
15,0.25238,0.61596,PBC,0.5,POLFED,4.256912349039076,0.02095215792753824,643,3
15,0.61596,0.0504,PBC,0.5,POLFED,3.948101924203802,0.08730320738752705,643,4
15,0.41397,0.0504,PBC,0.5,POLFED,3.4464685451922414,0.2935311071134119,643,4
15,0.73715,0.33318,PBC,0.5,POLFED,2.1437391866451794,2.143873591500134,643,4
15,0.69675,0.29278,PBC,0.5,POLFED,4.4527659061611065,0.011782046035369682,643,4
15,0.29278,0.29278,PBC,0.5,POLFED,4.2298288129358905,0.059169383666721774,643,4
15,0.61596,0.33318,PBC,0.5,POLFED,4.49367914317652,0.0009736421325231689,643,4
15,0.29278,0.77754,PBC,0.5,POLFED,4.352870431981096,0.1091590710596294,643,4
15,0.77754,0.0504,PBC,0.5,POLFED,9.014333647815272e-27,7.22063363544798e-27,643,4
15,0.45437,0.65635,PBC,0.5,POLFED,4.493651430689509,0.0012051689462838728,643,4
15,0.73715,0.0504,PBC,0.5,POLFED,2.4752579709343085,1.3564615257785775,643,4
15,0.69675,0.77754,PBC,0.5,POLFED,3.4223744166748915,1.7352112012127376,643,4
15,0.57556,0.09079,PBC,0.5,POLFED,4.386230693932791,0.020989038127669668,643,4
15,0.69675,0.25238,PBC,0.5,POLFED,4.424583401228776,0.02534870579795732,643,4
15,0.41397,0.21199,PBC,0.5,POLFED,4.173465949699548,0.4694259145613969,643,4
15,0.61596,0.53516,PBC,0.5,POLFED,4.495433299927422,0.00033499156743322126,643,4
15,0.77754,0.53516,PBC,0.5,POLFED,2.6235877169858726e-07,4.544187223933167e-07,643,4
15,0.69675,0.49476,PBC,0.5,POLFED,4.475270494892573,0.0089044583785651,643,4
15,0.53516,0.57556,PBC,0.5,POLFED,3.581918228460271,1.5832814370362116,643,4
15,0.69675,0.45437,PBC,0.5,POLFED,3.379775509209229,1.8870941563657397,643,4
15,0.45437,0.57556,PBC,0.5,POLFED,4.492151735779808,0.0014798068617312033,643,4
15,0.53516,0.61596,PBC,0.5,POLFED,4.496899549700749,0.0005312214052940686,643,4
15,0.73715,0.45437,PBC,0.5,POLFED,4.340827310770437,0.028695332051557675,643,4
15,0.77754,0.25238,PBC,0.5,POLFED,1.0421117642236086,1.3671581973769296,643,4
15,0.49476,0.61596,PBC,0.5,POLFED,4.495580466470601,0.0002890346006858052,643,4
15,0.61596,0.25238,PBC,0.5,POLFED,4.488607103672026,0.0014789114056112337,643,4
15,0.65635,0.37357,PBC,0.5,POLFED,3.4114974815376073,1.8608755136929538,643,4
15,0.21199,0.57556,PBC,0.5,POLFED,3.9198367694230667,0.040658616542301323,643,4
15,0.69675,0.53516,PBC,0.5,POLFED,4.468730945262255,0.01277858043113037,643,4
15,0.45437,0.73715,PBC,0.5,POLFED,4.494712360181001,0.0008483494059545461,643,4
15,0.77754,0.49476,PBC,0.5,POLFED,0.0005555324984074743,0.000961583282295531,643,4
15,0.0504,0.69675,PBC,0.5,POLFED,0.19555482308387395,0.0782715686730094,643,3
15,0.65635,0.17159,PBC,0.5,POLFED,4.451444102425018,0.010221063135701801,643,4
15,0.73715,0.49476,PBC,0.5,POLFED,4.089550445589071,0.46038711442373886,643,4
15,0.77754,0.45437,PBC,0.5,POLFED,1.7283067034909392,1.7287132760627808,643,4
15,0.61596,0.45437,PBC,0.5,POLFED,4.495337256105669,0.0003040583920916083,643,4
15,0.53516,0.09079,PBC,0.5,POLFED,4.389516066513908,0.013119755602956763,643,4
15,0.41397,0.45437,PBC,0.5,POLFED,4.4865118303354485,0.0013483044766661135,643,4
15,0.61596,0.01,PBC,0.5,POLFED,3.0191101737038686,0.03742776805626504,643,5
15,0.53516,0.01,PBC,0.5,POLFED,2.8367192522415228,0.11351246104390397,643,4
15,0.69675,0.21199,PBC,0.5,POLFED,4.428546138522119,0.028867123723333117,643,4
15,0.0504,0.29278,PBC,0.5,POLFED,0.19730697728640653,0.029374671123965572,643,4
15,0.41397,0.49476,PBC,0.5,POLFED,4.488166109874947,0.002136745416464616,643,4
15,0.49476,0.13119,PBC,0.5,POLFED,4.440975601602709,0.005209692215154272,643,4
15,0.41397,0.25238,PBC,0.5,POLFED,4.4611780388595985,0.004428521780409112,643,4
15,0.53516,0.13119,PBC,0.5,POLFED,4.447788003247509,0.0023917898468237965,643,4
15,0.65635,0.41397,PBC,0.5,POLFED,3.8519835701011242,1.0990368650631115,643,4
15,0.77754,0.21199,PBC,0.5,POLFED,3.744212829205685e-27,2.0119823246673267e-27,643,4
15,0.21199,0.33318,PBC,0.5,POLFED,2.2719363261801333,1.1157195167773593,643,3
15,0.41397,0.53516,PBC,0.5,POLFED,4.486775887062004,0.0005278510718528615,643,4
15,0.61596,0.21199,PBC,0.5,POLFED,4.484362540832001,0.0015010338684545244,643,4
15,0.29278,0.69675,PBC,0.5,POLFED,4.418039830353192,0.004310664032514573,643,3
15,0.61596,0.73715,PBC,0.5,POLFED,4.495185070747402,0.0013361338787986911,643,4
15,0.57556,0.37357,PBC,0.5,POLFED,4.495176198381819,0.0005892193740767938,643,4
15,0.25238,0.13119,PBC,0.5,POLFED,1.7364236637683943,0.3769735249738447,643,3
15,0.13119,0.61596,PBC,0.5,POLFED,1.4842524229138634,0.07331486430390052,643,4
15,0.41397,0.77754,PBC,0.5,POLFED,4.490440300038934,0.0016810970557726704,643,4
15,0.41397,0.29278,PBC,0.5,POLFED,4.470318044770646,0.0061076247032675925,643,5
15,0.73715,0.69675,PBC,0.5,POLFED,3.2366953939647525,1.8693530127074018,643,4
15,0.45437,0.53516,PBC,0.5,POLFED,4.493788596804308,0.0014184900968740556,643,4
15,0.29278,0.41397,PBC,0.5,POLFED,4.326025285899045,0.02220855645438016,643,3
15,0.69675,0.41397,PBC,0.5,POLFED,4.4648856088119615,0.009127142448768243,643,4
15,0.09079,0.53516,PBC,0.5,POLFED,0.5040909371200327,0.06536707794865992,643,3
15,0.65635,0.0504,PBC,0.5,POLFED,2.973446404454771,1.663551503564303,643,4
15,0.65635,0.65635,PBC,0.5,POLFED,3.655075755007021,1.4447460407465447,643,4
15,0.41397,0.37357,PBC,0.5,POLFED,3.8922867272545045,1.0159490354240786,643,4
15,0.53516,0.73715,PBC,0.5,POLFED,3.9509524139465184,0.9450585908450838,643,4
15,0.77754,0.41397,PBC,0.5,POLFED,0.8619026202188437,1.4928591252621406,643,4
15,0.21199,0.61596,PBC,0.5,POLFED,3.9477269456640562,0.029651703103483747,643,3
15,0.09079,0.25238,PBC,0.5,POLFED,0.5075254514697004,0.009240925604114927,643,3
15,0.57556,0.77754,PBC,0.5,POLFED,4.496880270825294,0.0008204654447178557,643,4
15,0.49476,0.57556,PBC,0.5,POLFED,4.495364685708868,0.0006137097333666315,643,3
15,0.33318,0.41397,PBC,0.5,POLFED,4.42926054033034,0.007476337565009883,643,3
15,0.65635,0.21199,PBC,0.5,POLFED,3.7352874482278646,1.2793435539264504,643,4
15,0.13119,0.33318,PBC,0.5,POLFED,1.1120455263190392,0.28300329624752746,643,3
15,0.45437,0.17159,PBC,0.5,POLFED,4.4532115197914655,0.010427346213137735,643,4
15,0.53516,0.21199,PBC,0.5,POLFED,4.484571465075219,0.002422119133332338,643,4
15,0.49476,0.65635,PBC,0.5,POLFED,4.496003423538362,0.000568964784156437,643,4
15,0.57556,0.45437,PBC,0.5,POLFED,4.495900237794024,0.0007420032952983973,643,4
15,0.73715,0.13119,PBC,0.5,POLFED,3.9389409057255795,0.10414342242067823,643,4
15,0.61596,0.13119,PBC,0.5,POLFED,3.5224942352754405,1.6183569723976816,643,4
15,0.45437,0.37357,PBC,0.5,POLFED,4.399820014768083,0.15208981385434622,643,4
15,0.69675,0.09079,PBC,0.5,POLFED,4.059405093382664,0.03952278068040715,643,4
15,0.57556,0.25238,PBC,0.5,POLFED,4.491961011934398,0.00036382262781384147,643,3
15,0.57556,0.49476,PBC,0.5,POLFED,4.496266986777138,0.00026541768570585353,643,4
15,0.65635,0.73715,PBC,0.5,POLFED,3.665751754719288,1.426788526039212,643,4
15,0.33318,0.09079,PBC,0.5,POLFED,2.6156621628552976,1.5400904847498602,643,4
15,0.65635,0.57556,PBC,0.5,POLFED,4.4926735346011055,0.0008690675082960433,643,4
15,0.73715,0.09079,PBC,0.5,POLFED,3.686714474069546,0.13349870306459458,643,4
15,0.61596,0.09079,PBC,0.5,POLFED,4.368775583547581,0.028413297312732743,643,4
15,0.77754,0.09079,PBC,0.5,POLFED,1.630210646910315,1.4625166342114893,643,4
15,0.57556,0.53516,PBC,0.5,POLFED,4.085691353520285,0.7117752382292097,643,4
15,0.49476,0.21199,PBC,0.5,POLFED,3.4715106236625264,1.7506144015725054,643,4
15,0.49476,0.53516,PBC,0.5,POLFED,4.495770124217223,0.00014525331697760278,643,4
15,0.57556,0.21199,PBC,0.5,POLFED,4.487795590815579,0.00043617681177033713,643,3
15,0.53516,0.45437,PBC,0.5,POLFED,4.495655728975773,0.0011841319169611788,643,4
15,0.41397,0.09079,PBC,0.5,POLFED,4.141605958363845,0.09021804535492209,643,4
15,0.41397,0.01,PBC,0.5,POLFED,2.1836927744274255,0.2486329190381573,643,4
15,0.53516,0.25238,PBC,0.5,POLFED,4.491480341153048,0.0008757964728516465,643,4
15,0.45437,0.41397,PBC,0.5,POLFED,4.491962610133979,0.0007776447110358851,643,3
15,0.45437,0.25238,PBC,0.5,POLFED,3.745255052347762,1.4718964205928293,643,5
15,0.49476,0.49476,PBC,0.5,POLFED,3.3904287679639644,1.9130803234709155,643,4
15,0.69675,0.01,PBC,0.5,POLFED,3.094112597943113,0.027117970614923662,643,4
15,0.49476,0.25238,PBC,0.5,POLFED,4.486755500910547,0.0016462743933584932,643,4
15,0.09079,0.57556,PBC,0.5,POLFED,0.23729540475050498,0.2373473726453991,643,4
15,0.73715,0.61596,PBC,0.5,POLFED,4.285794386754558,0.0753766957134139,643,4
15,0.53516,0.53516,PBC,0.5,POLFED,4.49653008206718,0.00043129955078126327,643,4
15,0.25238,0.33318,PBC,0.5,POLFED,3.892343999736642,0.1533422485441433,643,3
15,0.53516,0.33318,PBC,0.5,POLFED,4.4938482416365595,0.0008282900657451386,643,4
15,0.65635,0.53516,PBC,0.5,POLFED,4.489658650630972,0.005742929937269058,643,4
15,0.69675,0.37357,PBC,0.5,POLFED,4.465654970700334,0.011523429634617638,643,3
15,0.21199,0.13119,PBC,0.5,POLFED,0.4520049379877516,0.6082757412135753,643,3
15,0.17159,0.49476,PBC,0.5,POLFED,2.6096180049876723,0.16752648059296102,643,3
15,0.41397,0.41397,PBC,0.5,POLFED,4.484254528224388,0.0020730185842141903,643,3
15,0.53516,0.29278,PBC,0.5,POLFED,3.4434686977039557,1.8188666593800324,643,4
15,0.65635,0.25238,PBC,0.5,POLFED,4.479357554680617,0.0030265406549793597,643,3
15,0.77754,0.37357,PBC,0.5,POLFED,1.7504710383375808,1.5161256577783047,643,4
15,0.33318,0.37357,PBC,0.5,POLFED,4.418215243016257,0.008615418807517374,643,3
15,0.61596,0.17159,PBC,0.5,POLFED,4.4692302934096775,0.015149041474644699,643,4
15,0.01,0.69675,PBC,0.5,POLFED,0.048329828554544936,0.043623457535173146,643,3
15,0.09079,0.21199,PBC,0.5,POLFED,0.40752541165509887,0.1908551481145458,643,3
15,0.49476,0.33318,PBC,0.5,POLFED,4.492038090303242,0.0010805734719040963,643,4
15,0.33318,0.49476,PBC,0.5,POLFED,4.443921745602252,0.007659065532062271,643,3
15,0.77754,0.29278,PBC,0.5,POLFED,0.018956294622269835,0.026808248404745074,643,3
15,0.01,0.53516,PBC,0.5,POLFED,0.0479006177189131,0.04075930965845456,643,4
15,0.57556,0.29278,PBC,0.5,POLFED,4.493171384654987,0.00025368366964406697,643,2
15,0.37357,0.49476,PBC,0.5,POLFED,4.473267434280601,0.0010350711546302225,643,4
15,0.61596,0.61596,PBC,0.5,POLFED,4.430952636307678,0.11184283048859357,643,4
15,0.09079,0.69675,PBC,0.5,POLFED,0.6015080093978488,0.1317618810861653,643,4
15,0.65635,0.45437,PBC,0.5,POLFED,4.491335501200336,0.0004357486769031863,643,3
15,0.01,0.65635,PBC,0.5,POLFED,0.03895674504574728,0.044572475124633984,643,3
15,0.17159,0.33318,PBC,0.5,POLFED,1.564476521366278,1.142341984665819,643,3
15,0.09079,0.73715,PBC,0.5,POLFED,0.3901576341464617,0.282078138402444,643,3
15,0.37357,0.33318,PBC,0.5,POLFED,3.2894497082709724,1.6639957870149342,643,3
15,0.13119,0.57556,PBC,0.5,POLFED,1.6072835361797966,0.15493902509454757,643,3
15,0.13119,0.73715,PBC,0.5,POLFED,1.5751176631661366,0.07831222403478515,643,3
15,0.09079,0.65635,PBC,0.5,POLFED,0.4765369952009746,0.06923250455971923,643,3
15,0.01,0.57556,PBC,0.5,POLFED,0.04014409476913162,0.03942306472209904,643,3
15,0.33318,0.17159,PBC,0.5,POLFED,2.866637298408527,1.6685634771436706,643,3
15,0.13119,0.65635,PBC,0.5,POLFED,1.5047153373034947,0.08241966661014184,643,3
15,0.0504,0.09079,PBC,0.5,POLFED,0.052383443836091975,0.023571791075709062,643,3
15,0.25238,0.65635,PBC,0.5,POLFED,2.9981942685831053,1.8369733105870236,643,3
15,0.01,0.29278,PBC,0.5,POLFED,0.026843622237629067,0.016560974859984135,643,3
15,0.01,0.77754,PBC,0.5,POLFED,0.00676226957314453,0.00672357731903253,643,3
15,0.09079,0.45437,PBC,0.5,POLFED,0.467653671923747,0.03632688640843682,643,3
15,0.17159,0.69675,PBC,0.5,POLFED,3.0739712642482053,0.10414838063537028,643,3
15,0.37357,0.69675,PBC,0.5,POLFED,3.4295160080340104,1.4868642318178575,643,3
15,0.09079,0.29278,PBC,0.5,POLFED,0.5109784735544837,0.19774929844272104,643,3
15,0.25238,0.73715,PBC,0.5,POLFED,4.303312055677203,0.01589195946001014,643,3
15,0.29278,0.09079,PBC,0.5,POLFED,1.680263763843202,1.190632241073502,643,3
15,0.09079,0.77754,PBC,0.5,POLFED,0.4327984674112435,0.06868830558206436,643,3
15,0.25238,0.57556,PBC,0.5,POLFED,4.257962584669522,0.010456917581530343,643,3
15,0.01,0.49476,PBC,0.5,POLFED,0.01631298504007367,0.0140190218838657,643,3
15,0.21199,0.17159,PBC,0.5,POLFED,2.2313091748332234,0.1932753035702815,643,3
15,0.01,0.45437,PBC,0.5,POLFED,0.08206368399945094,0.0587461478986618,643,3
15,0.13119,0.17159,PBC,0.5,POLFED,1.1465205627627642,0.36164209104313527,643,3
15,0.37357,0.41397,PBC,0.5,POLFED,4.4725014998089145,0.003440193886439905,643,3
15,0.0504,0.77754,PBC,0.5,POLFED,0.1875489688734749,0.06215225369472595,643,3
15,0.33318,0.0504,PBC,0.5,POLFED,1.8882999062396852,1.200970800933504,643,3
15,0.17159,0.41397,PBC,0.5,POLFED,1.9632785669512378,0.7720183876183331,643,3
15,0.29278,0.65635,PBC,0.5,POLFED,2.935559341749023,2.0757540171624065,643,3
15,0.09079,0.17159,PBC,0.5,POLFED,0.5959698334545956,0.15883890953080496,643,3
15,0.33318,0.73715,PBC,0.5,POLFED,3.278971565982817,1.680668590956253,643,3
15,0.29278,0.57556,PBC,0.5,POLFED,3.139298324678494,1.8092417310436884,643,3
15,0.0504,0.49476,PBC,0.5,POLFED,0.045094249963595893,0.05626436975343588,643,3
15,0.21199,0.49476,PBC,0.5,POLFED,3.7297851470164116,0.03832103350556016,643,3
15,0.17159,0.13119,PBC,0.5,POLFED,0.8308833835108747,0.10697858964608273,643,3
15,0.0504,0.45437,PBC,0.5,POLFED,0.20230328236233705,0.06972000273397615,643,3
15,0.37357,0.13119,PBC,0.5,POLFED,4.209148423992853,0.04123631361596335,643,3
15,0.33318,0.29278,PBC,0.5,POLFED,4.35285294808633,0.008679580694706939,643,3
15,0.29278,0.0504,PBC,0.5,POLFED,1.0601819722240264,0.7342412214041244,643,3
15,0.33318,0.77754,PBC,0.5,POLFED,4.4629530418018994,0.004019002979761087,643,3
15,0.37357,0.61596,PBC,0.5,POLFED,4.4776527733187,0.0016253816396284637,643,3
15,0.0504,0.65635,PBC,0.5,POLFED,0.19013248479974773,0.039040138659041095,643,3
15,0.17159,0.61596,PBC,0.5,POLFED,3.0319412905423953,0.08987493418056815,643,3
15,0.29278,0.49476,PBC,0.5,POLFED,2.918876777893645,2.063975102003422,643,3
15,0.37357,0.37357,PBC,0.5,POLFED,4.465195783235522,0.00560012057562363,643,3
15,0.29278,0.45437,PBC,0.5,POLFED,4.353764079453523,0.015590238602282442,643,3
15,0.17159,0.37357,PBC,0.5,POLFED,2.051569819217744,0.13942409954315557,643,3
15,0.21199,0.73715,PBC,0.5,POLFED,3.965372993742283,0.0505726627310967,643,3
15,0.0504,0.57556,PBC,0.5,POLFED,0.23070584556653403,0.05778857959892752,643,3
15,0.33318,0.45437,PBC,0.5,POLFED,4.437567891119827,0.0051454328522269315,643,3
15,0.01,0.09079,PBC,0.5,POLFED,0.024446362907391578,0.01643676019369732,643,3
15,0.25238,0.17159,PBC,0.5,POLFED,2.2028767368279034,1.5493620724056325,643,3
15,0.29278,0.73715,PBC,0.5,POLFED,4.422020019978783,0.005846677390224865,643,3
15,0.01,0.17159,PBC,0.5,POLFED,0.0035993941614419172,0.001247510210340524,643,3
15,0.33318,0.57556,PBC,0.5,POLFED,4.454014397394998,0.003803338285872451,643,3
15,0.25238,0.09079,PBC,0.5,POLFED,1.5278518305985793,0.2133424187314908,643,3
15,0.21199,0.45437,PBC,0.5,POLFED,3.752382965048111,0.07259603185773272,643,3
15,0.21199,0.29278,PBC,0.5,POLFED,2.910974961189168,0.3617232197088029,643,3
15,0.21199,0.77754,PBC,0.5,POLFED,2.629956181334673,1.863212450556914,643,3
15,0.33318,0.65635,PBC,0.5,POLFED,4.458308090469563,0.0005426403409294237,643,3
15,0.0504,0.73715,PBC,0.5,POLFED,0.13334559304102875,0.03390436724320914,643,3
15,0.13119,0.09079,PBC,0.5,POLFED,0.5789436489133958,0.16592590887303596,643,3
15,0.17159,0.25238,PBC,0.5,POLFED,1.8383882455075737,0.5492815804428035,643,3
15,0.29278,0.17159,PBC,0.5,POLFED,1.6007455968133513,1.4096200220259067,643,3
15,0.01,0.73715,PBC,0.5,POLFED,0.01685901870937063,0.011576259649251398,643,3
15,0.37357,0.25238,PBC,0.5,POLFED,4.421300158060959,0.00876210214795537,643,3
15,0.25238,0.45437,PBC,0.5,POLFED,4.121020815893956,0.021656713557846565,643,3
15,0.17159,0.53516,PBC,0.5,POLFED,2.795551489031341,0.08881035328358286,643,3
15,0.37357,0.53516,PBC,0.5,POLFED,4.475630936980556,0.0014886560354849835,643,3
15,0.25238,0.77754,PBC,0.5,POLFED,4.314715997261089,0.009647639399820182,643,3
15,0.25238,0.29278,PBC,0.5,POLFED,2.6079829251337476,1.8444181577775067,643,3
15,0.17159,0.0504,PBC,0.5,POLFED,0.6096568349038205,0.10773876933199115,643,3
15,0.25238,0.0504,PBC,0.5,POLFED,0.9011167360915918,0.4858836312721507,643,3
15,0.0504,0.17159,PBC,0.5,POLFED,0.09940976271398201,0.07258155849557407,643,3
15,0.13119,0.29278,PBC,0.5,POLFED,0.8383974356600886,0.0842770667275202,643,3
15,0.13119,0.77754,PBC,0.5,POLFED,1.4350073293748409,0.10056692683752858,643,3
15,0.37357,0.21199,PBC,0.5,POLFED,4.4077034588150665,0.017115573291156566,643,3
15,0.17159,0.21199,PBC,0.5,POLFED,1.3336043358532754,0.37151955094977634,643,3
15,0.13119,0.45437,PBC,0.5,POLFED,1.2093393136776678,0.18300121581582302,643,3
15,0.09079,0.49476,PBC,0.5,POLFED,0.487661370999284,0.04258521344783632,643,3
